awb,date,mode,client,origin,destination,consignor,consignee,box,actual_wt,charge_wt,type_of_delivery,insured,remarks,clerk_name,status,frieght_charge,awb_charge,pickup_charge,delivery_charge,packaging_charge,handling_charge
203992,05-01-2026,road,cj darcl logistics limited,delhi,pantnagar,cj darcl logistics limited,cj darcl logistics limited,6,0,0,auto parts ,owner,,akash,1,0,0,0,0,0,0
203989,02-01-2026,road,shreya industries - pnq,pune,pantnagar,shreya industries - pnq,shreya industries- pnt,40,0,40,auto parts,owner,,dharmendra puri,1,0,0,0,0,0,0
203991,03-01-2026,train,starways precisions pvt. ltd. ,pune,sitarganj,starways precisions pvt. ltd. ,starways industries (si),2,50,100,auto parts,owner,material delivered,dharmendra puri,1,0,0,0,0,0,0
204018,13-01-2026,train,panorama automotive ind. pvt. ltd.,pune,pantnagar,rk industries ,panorama automotive ind. pvt. ltd.,4,0,120,auto parts ,owner,vs engeneering/ rk industries ,dharmendra puri,1,0,0,0,0,0,0
204002,07-01-2026,train,starways precisions pvt. ltd. ,pune,sitarganj,starways precisions pvt. ltd. ,starways industries (si),16,0,335,auto parts ,owner,,admin,1,0,0,0,0,0,0
204026,14-01-2026,air,starways precisions pvt. ltd. ,pune,sitarganj,starways precisions pvt. ltd. ,starways industries (si),5,0,105,auto parts,client,,admin,1,0,0,0,0,0,0
204025,14-01-2026,train,dali samir engg.pvt ltd-pune,pune,pantnagar,sansa auto engineering company - pune,dali samir engg.pvt ltd-pune,6,0,150,auto parts,owner,,akash,1,0,0,0,0,0,0
203993,05-01-2026,air,dali samir engg.pvt ltd-pune,pune,pantnagar,premier seals pvt ltd,dali & samir engg pvt ltd- ptn,1,0,50,auto parts,owner,,akash,1,0,0,0,0,0,0
203994,05-01-2026,air,shreya industries - pnq,pune,pantnagar,shreya industries - pnq,shreya industries- pnt,24,0,960,auto parts,owner,,admin,1,0,0,0,0,0,0
203995,05-01-2026,road,cj darcl logistics limited,pantnagar,delhi,cj darcl logistics limited,cj darcl logistics limited,40,0,0,auto parts,owner,,akash,1,0,0,0,0,0,0
203996,06-01-2026,train,starways industries- chakan,pune,sitarganj,starways industries- chakan,starways industries (si),5,0,120,auto parts,owner,,admin,1,0,0,0,0,0,0
203997,06-01-2026,air,starways industries- chakan,pune,sitarganj,starways industries- chakan,starways industries (si),1,0,50,auto parts,owner,,akash,1,0,0,0,0,0,0
203998,06-01-2026,air,shreya industries - pnq,pune,pantnagar,shreya industries - pnq,shreya industries- pnt,24,0,960,auto parts,owner,,admin,1,0,0,0,0,0,0
203999,07-01-2026,road,shreya industries - pnq,pune,pantnagar,shreya industries - pnq,shreya industries- pnt,24,0,24,auto parts,owner,,akash,1,0,0,0,0,0,0
204000,07-01-2026,air,u. s. auto controls pvt ltd,pune,pantnagar,u. s. auto controls pvt ltd,belrise industries ltd unit -ix,2,0,60,auto parts,owner,,admin,1,0,0,0,0,0,0
204001,07-01-2026,air,starways precisions pvt. ltd.,pune,sitarganj,starways precisions pvt. ltd.,starways industries (si),1,0,50,auto parts,owner,,akash,1,0,0,0,0,0,0
204003,08-01-2026,air,dali samir engg.pvt ltd-pune,pune,pantnagar,premier seals pvt ltd,dali & samir engg pvt ltd- ptn,1,0,50,auto parts,owner,,akash,1,0,0,0,0,0,0
204004,08-01-2026,train,panorama automotive ind. pvt. ltd.,pune,pantnagar,polestar auto,panorama automotive ind. pvt. ltd.,3,0,100,auto parts,owner,,akash,1,0,0,0,0,0,0
204005,08-01-2026,air,u. s. auto controls pvt ltd,pune,pantnagar,u. s. auto controls pvt ltd,belrise industries ltd unit -ix,2,0,60,auto parts,owner,,admin,1,0,0,0,0,0,0
204006,08-01-2026,road,shreya industries - pnq,pune,pantnagar,shreya industries - pnq,shreya industries- pnt,24,0,24,auto parts,owner,,admin,1,0,0,0,0,0,0
204007,08-01-2026,train,starways precisions pvt. ltd.,pune,sitarganj,starways precisions pvt. ltd.,starways industries (si),10,0,100,auto parts,owner,,akash,1,0,0,0,0,0,0
204008,08-01-2026,train,starways precisions pvt. ltd.,pune,sitarganj,starways precisions pvt. ltd.,starways industries (si),55,0,1080,auto parts,owner,,admin,1,0,0,0,0,0,0
204009,09-01-2026,train,starways precisions pvt. ltd.,pune,sitarganj,starways precisions pvt. ltd.,starways industries (si),2,0,100,auto parts,owner,,admin,1,0,0,0,0,0,0
204010,10-01-2026,road,shreya industries - pnq,pune,pantnagar,shreya industries - pnq,shreya industries- pnt,25,0,25,auto parts,owner,,admin,1,0,0,0,0,0,0
204011,10-01-2026,road,shreya industries - pnq,pune,pantnagar,shreya industries - pnq,shreya industries- pnt,25,0,25,auto parts,owner,,admin,1,0,0,0,0,0,0
204012,10-01-2026,air,u. s. auto controls pvt ltd,pune,pantnagar,u. s. auto controls pvt ltd,belrise industries ltd unit -ix,2,0,50,auto parts,owner,,admin,1,0,0,0,0,0,0
204013,12-01-2026,road,sky 4 pune,delhi-station,pantnagar,sky 4 pune,sky 4 pantnagar,16,0,0,auto parts,owner,,admin,1,0,0,0,0,0,0
204014,12-01-2026,train,asha industries,aurangabad,pantnagar,asha industries,belrise industries ltd unit -ix,3,0,100,auto parts,owner,,akash,1,0,0,0,0,0,0
204015,13-01-2026,road,shreya industries - pnq,pune,pantnagar,shreya industries - pnq,shreya industries- pnt,26,0,26,auto parts,owner,,admin,1,0,0,0,0,0,0
204016,13-01-2026,road,shreya industries - pnq,pune,pantnagar,shreya industries - pnq,shreya industries- pnt,26,0,26,auto parts,owner,,admin,1,0,0,0,0,0,0
204017,13-01-2026,air,dali samir engg.pvt ltd-pune,pune,pantnagar,premier seals pvt ltd,dali & samir engg pvt ltd- ptn,2,0,50,auto parts,owner,,dharmendra puri,1,0,0,0,0,0,0
204019,13-01-2026,air,u. s. auto controls pvt ltd,pune,pantnagar,u. s. auto controls pvt ltd,belrise industries ltd unit -ix,2,0,65,auto parts,owner,,admin,1,0,0,0,0,0,0
204020,14-01-2026,train,starways industries (si),sitarganj,aurangabad,starways industries (si),starways engineers pvt. ltd.,1,0,100,auto parts,owner,,admin,1,0,0,0,0,0,0
204021,13-01-2026,air,venkatesh automobile pvt ltd,chandigarh,pune,forge auto international ltd,venkatesh automobile pvt ltd,6,0,120,auto parts,owner,,admin,1,0,0,0,0,0,0
204022,14-01-2026,train,panorama automotive ind. pvt. ltd.,pune,pantnagar,polestar auto,panorama automotive ind. pvt. ltd.,3,0,100,auto parts,owner,,akash,1,0,0,0,0,0,0
204023,14-01-2026,air,himalayan auto era pvt ltd,pune,pantnagar,venkatesh automobile pvt ltd,himalayan auto era pvt ltd,4,0,150,auto parts,owner,,akash,1,0,0,0,0,0,0
204024,14-01-2026,road,shreya industries - pnq,pune,pantnagar,shreya industries - pnq,shreya industries- pnt,26,0,26,auto parts,owner,,admin,1,0,0,0,0,0,0
204029,16-01-2026,road,shreya industries - pnq,pune,pantnagar,shreya industries - pnq,shreya industries- pnt,26,0,26,auto parts,owner,,admin,1,0,0,0,0,0,0
204027,15-01-2026,train,starways precisions pvt. ltd. ,pune,sitarganj,starways precisions pvt. ltd. ,starways industries (si),15,0,100,auto parts,owner,,admin,1,0,0,0,0,0,0
204028,15-01-2026,air,u. s. auto controls pvt ltd ,pune,pantnagar,u. s. auto controls pvt ltd ,belrise industries ltd unit -ix,3,0,75,autoparts,owner,,admin,1,0,0,0,0,0,0
204030,16-01-2026,train,himalayan auto era pvt ltd,pune,pantnagar,venkatesh automobile pvt ltd,himalayan auto era pvt ltd,15,0,450,auto parts,owner,,akash,1,0,0,0,0,0,0
204031,16-01-2026,air,minda westport technologies ltd,manesar,ranjangaon,minda westport technologies ltd,fiat india automobiles private ltd.,30,208,208,auto parts,owner,aproved by surendra jee,akash,0,12480,100,0,1500,0,0
204032,16-01-2026,train,starways precisions pvt. ltd. ,pune,sitarganj,starways precisions pvt. ltd. ,starways industries (si),8,0,210,auto parts,owner,,admin,1,0,0,0,0,0,0
204033,17-01-2026,road,shreya industries - pnq,pune,pantnagar,shreya industries - pnq,shreya industries- pnt,26,0,26,auto parts,owner,,admin,1,0,0,0,0,0,0
204034,17-01-2026,road,cj darcl logistics limited,delhi,pantnagar,cj darcl logistics limited,cj darcl logistics limited,3,0,0,auto part,owner,,akash,1,0,0,0,0,0,0
204035,17-01-2026,air,u. s. auto controls pvt ltd ,pantnagar,pune,harihareshwar auot tech private limited,u. s. auto controls pvt ltd ,01 bag,0,50,normal,owner,,admin,1,0,0,0,0,0,0
204036,18-01-2026,road,shreya industries - pnq,pune,pantnagar,shreya industries - pnq,shreya industries- pnt,26-box,0,26,auto parts ,owner,na,admin,1,0,0,0,0,0,0
204037,18-01-2026,air,u. s. auto controls pvt ltd ,pune,pantnagar,u. s. auto controls pvt ltd ,harihareshwar auot tech private limited,2-bag,0,50,auto parts ,owner,na,admin,1,0,0,0,0,0,0
204038,19-01-2026,road,shreya industries - pnq,pune,pantnagar,shreya industries - pnq,shreya industries- pnt,27-box,0,27,auto parts ,owner,na,admin,1,0,0,0,0,0,0
204039,19-01-2026,train,"belrise industries ltd,unit-12",pune,pantnagar,planetto tooltech pvt ltd,"belrise industries ltd,unit-12",1-box,0,100,auto parts,owner,na,admin,1,0,0,0,0,0,0
204040,19-01-2026,train,panorama automotive ind. pvt. ltd.,pune,pantnagar,shree kapoor industries/v. s engineering ,panorama automotive ind. pvt. ltd.,4-bag,0,120,auto parts,owner,na,sanjit,1,0,0,0,0,0,0
204041,20-01-2026,road,shreya industries - pnq,pune,pantnagar,shreya industries - pnq,shreya industries- pnt,27-box ,0,27,0,owner,na,admin,1,0,0,0,0,0,0
204042,20-01-2026,air,advik hi tech pvt. ltd. (plant-15),rudrapur,pune,aanchal industries ,advik hi tech pvt. ltd. (plant-15),1,0,0,auto parts,owner,to pay,admin,0,2500,0,0,0,0,0
204043,20-01-2026,air,panorama automotive ind. pvt. ltd.,pune,pantnagar,panorama automotive ind. pvt. ltd.,tata motors - ptn,1-bag,0,100,0,owner,na,sanjit,1,0,0,0,0,0,0
204044,20-01-2026,air,starways precisions pvt. ltd. ,pune,sitarganj,starways precisions pvt. ltd. ,starways industries (si),4-bag,0,60,auto parts ,owner,na,admin,1,0,0,0,0,0,0
204045,21-01-2026,road,shreya industries - pnq,pune,pantnagar,shreya industries - pnq,shreya industries- pnt,28-box,0,28,0,owner,na,admin,1,0,0,0,0,0,0
204046,21-01-2026,air,starways industries- chakan,pune,sitarganj,starways industries- chakan,starways industries (si),2,0,50,auto parts ,owner,na,admin,1,0,0,0,0,0,0
204047,21-01-2026,air,u. s. auto controls pvt ltd ,pune,pantnagar,u. s. auto controls pvt ltd ,harihareshwar auot tech private limited,3-bag,0,75,auto parts ,owner,na,admin,1,0,0,0,0,0,0
204048,21-01-2026,air,starways precisions pvt. ltd. ,pune,sitarganj,starways precisions pvt. ltd. ,starways industries (si),1-bag,0,50,auto parts ,owner,na,admin,1,0,0,0,0,0,0
204049,22-01-2026,road,himalayan auto era pvt ltd,pune,pantnagar,venkatesh automobile pvt ltd,himalayan auto era pvt ltd,24,0,580,auto parts,owner,road-express ,admin,1,0,0,0,0,0,0
204050,22-01-2026,road,himalayan auto era pvt ltd,pune,pantnagar,fractmet engineering llp,himalayan auto era pvt ltd,12-bag,0,250,auto parts ,owner,road-express ,sanjit,1,0,0,0,0,0,0
204051,22-01-2026,road,shreya industries - pnq,pune,pantnagar,shreya industries - pnq,shreya industries- pnt,28-box,0,28,auto parts ,owner,na,admin,1,0,0,0,0,0,0
204052,22-01-2026,air,starways precisions pvt. ltd. ,pune,sitarganj,starways precisions pvt. ltd. ,starways industries (si),2-bag ,0,50,auto parts ,owner,na,admin,1,0,0,0,0,0,0
204053,23-01-2026,air,starways industries- chakan,pune,sitarganj,starways industries- chakan,starways industries (si),2-bag,0,50,0,owner,auto parts ,admin,1,0,0,0,0,0,0
204054,23-01-2026,road,shreya industries - pnq,pune,pantnagar,shreya industries - pnq,shreya industries- pnt,28-box,0,28,auto parts ,owner,na,admin,1,0,0,0,0,0,0
204232,05-03-2026,road,shreya industries - pnq,pune,pantnagar,shreya industries - pnq,shreya industries- pnt,20-box ,0,20,auto parts ,owner,na,admin,1,0,0,0,0,0,0
204056,23-01-2026,air,starways precisions pvt. ltd. ,pune,sitarganj,starways precisions pvt. ltd. ,starways industries (si),3-bag,0,70,auto parts ,owner,na,admin,1,0,0,0,0,0,0
204057,20-01-2026,train,asha industries,aurangabad,pantnagar,asha industries,belrise industries ltd unit -ix,3-bag,0,100,auto parts ,owner,na,dharmendra puri,1,0,0,0,0,0,0
204058,24-01-2026,road,shreya industries - pnq,pune,pantnagar,shreya industries - pnq,shreya industries- pnt,29-box,0,29,auto parts ,owner,na,admin,1,0,0,0,0,0,0
204059,25-01-2026,air,starways industries- chakan,pune,sitarganj,starways industries- chakan,starways industries (si),1-bag,0,50,auto parts ,owner,na,admin,1,0,0,0,0,0,0
204060,25-01-2026,road,shreya industries - pnq,pune,pantnagar,shreya industries - pnq,shreya industries- pnt,30-box,0,30,auto parts ,owner,na,admin,1,0,0,0,0,0,0
204061,25-01-2026,air,starways precisions pvt. ltd. ,pune,sitarganj,starways precisions pvt. ltd. ,starways industries (si),2-bag ,0,50,auto parts ,owner,na,admin,1,0,0,0,0,0,0
204062,25-01-2026,train,starways precisions pvt. ltd. ,pune,sitarganj,starways precisions pvt. ltd. ,starways industries (si),11-bag,0,495,auto parts ,owner,na,admin,1,0,0,0,0,0,0
204063,27-01-2026,train,"belrise industries ltd,unit-7e",pune,pantnagar,kapse industries,"belrise industries ltd,unit-7e",10-bag,0,340,auto parts ,owner,na,admin,1,0,0,0,0,0,0
204064,27-01-2026,air,dali samir engg.pvt ltd-pune,pune,pantnagar,sansa auto engineering company - pune,dali samir engg pvt ltd- ptn,7-box,0,140,auto parts ,owner,na,sanjit,1,0,0,0,0,0,0
204065,26-01-2026,road,dali samir engg.pvt ltd-pune,faridabad,pantnagar,vijay machine tools,dali samir engg pvt ltd- ptn,18 loose,0,0,auto part,owner,fbd. to pnt. spl delivery,sunil,1,0,0,0,0,0,0
204066,27-01-2026,train,dali samir engg.pvt ltd-pune,pune,pantnagar,sansa auto engineering company - pune,dali samir engg pvt ltd- ptn,8-box,0,200,auto parts ,owner,na,sanjit,1,0,0,0,0,0,0
204067,27-01-2026,air,starways precisions pvt. ltd. ,pune,sitarganj,starways precisions pvt. ltd. ,starways industries (si),1-bag,0,50,auto parts ,owner,na,admin,1,0,0,0,0,0,0
204068,28-01-2026,road,shreya industries - pnq,pune,pantnagar,shreya industries - pnq,shreya industries- pnt,30,0,30,auto part,owner,,sunil,1,0,0,0,0,0,0
204069,28-01-2026,air,dali samir engg.pvt ltd-pune,pune,pantnagar,sansa auto engineering company - pune,dali samir engg pvt ltd- ptn,8-box,0,160,auto parts ,owner,na,sanjit,1,0,0,0,0,0,0
204070,28-01-2026,train,dali samir engg.pvt ltd-pune,pune,pantnagar,sansa auto engineering company - pune,dali samir engg pvt ltd- ptn,6-box,0,150,auto parts ,owner,na,sanjit,1,0,0,0,0,0,0
204071,28-01-2026,road,shreya industries - pnq,pune,pantnagar,shreya industries - pnq,shreya industries- pnt,30-box ,0,30,auto parts ,owner,na,admin,1,0,0,0,0,0,0
204072,28-01-2026,train,starways precisions pvt. ltd. ,pune,sitarganj,starways precisions pvt. ltd. ,starways industries (si),9-bag,0,180,auto parts ,owner,na,admin,1,0,0,0,0,0,0
204073,28-01-2026,air,starways precisions pvt. ltd. ,pune,sitarganj,starways precisions pvt. ltd. ,starways industries (si),4-bag,0,90,auto parts ,owner,na,admin,1,0,0,0,0,0,0
204074,29-01-2026,air,starways industries- chakan,pune,sitarganj,starways industries- chakan,starways industries (si),1-bag,0,50,auto parts ,owner,na,admin,1,0,0,0,0,0,0
204075,29-01-2026,road,shreya industries - pnq,pune,pantnagar,shreya industries - pnq,shreya industries- pnt,30-box ,0,30,auto parts ,owner,na,admin,1,0,0,0,0,0,0
204076,29-01-2026,air,starways precisions pvt. ltd. ,pune,sitarganj,starways precisions pvt. ltd. ,starways industries (si),1-bag,0,50,auto parts ,owner,na,admin,1,0,0,0,0,0,0
204077,30-01-2026,road,shreya industries - pnq,pune,noida,shreya industries - pnq,mantitou equipment india pvt. ltd.,1,0,200,auto part,owner,,admin,1,0,0,0,0,0,0
204078,30-01-2026,air,minda westport technologies ltd,manesar,pune,minda westport technologies ltd,tata motors limited ,71,405,405,auto parts,owner,,admin,0,0,0,0,0,0,0
204079,30-01-2026,train,panorama automotive ind. pvt. ltd.,pune,pantnagar,shree kapoor industries/v. s engineering ,panorama automotive ind. pvt. ltd.,4,0,120,auto parts,owner,,admin,1,0,0,0,0,0,0
204080,31-01-2026,road,shreya industries - pnq,pune,pantnagar,shreya industries - pnq,shreya industries- pnt,30-box ,0,30,auto parts ,owner,na,admin,1,0,0,0,0,0,0
204081,31-01-2026,air,starways industries- chakan,pune,sitarganj,starways industries- chakan,starways industries (si),1-bag,0,50,auto parts ,owner,na,admin,1,0,0,0,0,0,0
204082,31-01-2026,train,"belrise industries ltd,unit-7e",pune,pantnagar,kapse industries,"belrise industries ltd,unit-7e",11-bag,0,374,auto parts ,owner,na,admin,1,0,0,0,0,0,0
204083,31-01-2026,train,dali samir engg.pvt ltd-pune,pune,pantnagar,sansa auto engineering company - pune,dali samir engg pvt ltd- ptn,6-box,0,150,auto parts ,owner,na,sanjit,1,0,0,0,0,0,0
204084,31-01-2026,air,starways precisions pvt. ltd. ,pune,sitarganj,starways precisions pvt. ltd. ,starways industries (si),1-bag,0,50,auto parts ,owner,na,admin,0,0,0,0,0,0,0
204085,31-01-2026,train,starways precisions pvt. ltd. ,pune,sitarganj,starways precisions pvt. ltd. ,starways industries (si),2-bag,0,100,auto parts ,owner,na,admin,1,0,0,0,0,0,0
203839,15-11-2025,train,panorama automotive ind. pvt. ltd.,pune,pantnagar,shree kapur industries ,panorama automotive ind. pvt. ltd.,3,0,100,auto parts ,owner,,admin,1,0,0,0,0,0,0
203924,04-12-2025,train,panorama automotive ind. pvt. ltd.,pune,pantnagar,abhay enterprises,panorama automotive ind. pvt. ltd.,3,0,100,auto parts ,owner,,admin,1,0,0,0,0,0,0
203949,13-12-2025,train,panorama automotive ind. pvt. ltd.,pune,pantnagar,rk industries ,panorama automotive ind. pvt. ltd.,3,0,100,auto parts ,owner,,operation,1,0,0,0,0,0,0
203958,15-12-2025,train,panorama automotive ind. pvt. ltd.,pune,pantnagar,rk industries ,panorama automotive ind. pvt. ltd.,3,0,100,,,,operation,1,0,0,0,0,0,0
203960,17-12-2025,train,panorama automotive ind. pvt. ltd.,pune,pantnagar,-- please select the consignor--,-- please select the consignee--,3,0,100,,,,admin,1,0,0,0,0,0,0
204086,02-02-2026,road,shreya industries - pnq,pune,pantnagar,shreya industries - pnq,shreya industries- pnt,36-box,0,36,auto parts ,owner,na,admin,1,0,0,0,0,0,0
204087,02-02-2026,train,dali samir engg.pvt ltd-pune,pune,pantnagar,sansa auto engineering company - pune,dali samir engg pvt ltd- ptn,20-box,0,500,auto parts ,owner,na,admin,1,0,0,0,0,0,0
204088,02-02-2026,road,cj darcl logistics limited,delhi,pantnagar,cj darcl logistics limited,cj darcl logistics limited,2,0,0,auto part,client,,sunil,1,0,0,0,0,0,0
204089,02-02-2026,air,starways precisions pvt. ltd. ,pune,sitarganj,starways precisions pvt. ltd. ,starways industries (si),1-bag,0,50,auto parts ,owner,na,admin,1,0,0,0,0,0,0
204090,02-02-2026,train,"belrise industries ltd,unit-7e",pune,pantnagar,richcam auto engineering(i) pvt ltd,"belrise industries ltd,unit-7e",25-bag,0,625,auto parts ,owner,na,admin,1,0,0,0,0,0,0
203975,24-12-2025,train,belrise industries ltd unit-14,pune,pantnagar,vr coatings pvt.ltd.,belrise industries ltd unit-14,2,0,705,,,,admin,1,0,0,0,0,0,0
203941,11-12-2025,air,belrise industries ltd unit-14,pantnagar,pune,metalfabtech llp,belrise industries ltd ,2,0,50,auto parts,client,special pickup,admin,1,0,0,0,0,0,0
204092,03-02-2026,train,panorama automotive ind. pvt. ltd.,pune,pantnagar,pole star auto,panorama automotive ind. pvt. ltd.,3-bag,0,80,auto parts ,owner,na,admin,1,0,0,0,0,0,0
204093,03-02-2026,road,shreya industries - pnq,pune,pantnagar,shreya industries - pnq,shreya industries- pnt,36-box ,0,36,auto parts ,owner,na,admin,1,0,0,0,0,0,0
204094,03-02-2026,air,minda westport technologies ltd,manesar,ahmedabad,minda westport technologies ltd,tata motors limited ,26,83,100,auto parts,owner,,admin,0,0,0,0,0,0,0
204095,03-02-2026,air,starways precisions pvt. ltd. ,pune,sitarganj,starways precisions pvt. ltd. ,starways industries (si),1-bag,0,50,auto parts ,owner,na,admin,1,0,0,0,0,0,0
204096,04-02-2026,air,u. s. auto controls pvt ltd ,pune,hosur,u. s. auto controls pvt ltd ,sm exhaust technology private limited.,4-bag,0,80,auto parts ,owner,na,admin,1,0,0,0,0,0,0
204100,04-02-2026,road,shreya industries - pnq,pune,pantnagar,shreya industries - pnq,shreya industries- pnt,36-box ,0,36,auto parts ,owner,na,admin,1,0,0,0,0,0,0
204101,04-02-2026,road,himalayan auto era pvt ltd,gurugram,pantnagar,yaskawa india pvt. ltd.,himalayan auto era pvt ltd,2,0,0,auto part,owner,,admin,1,0,0,0,0,0,0
204099,04-02-2026,train,panorama automotive ind. pvt. ltd.,pune,pantnagar,shree kapur industries ,panorama automotive ind. pvt. ltd.,2-bag,0,80,auto parts ,owner,na,admin,1,0,0,0,0,0,0
204102,03-02-2026,road,"belrise industries ltd,unit-12",delhi,pantnagar,wavelinx technologies  pvt. ltd.,"belrise industries ltd,unit-12",4,0,0,auto part,owner,,sunil,1,0,0,0,0,0,0
204103,04-02-2026,air,starways precisions pvt. ltd. ,pune,sitarganj,starways precisions pvt. ltd. ,starways industries (si),3-bag,0,80,auto parts ,owner,na,admin,1,0,0,0,0,0,0
204104,04-02-2026,train,starways precisions pvt. ltd. ,pune,sitarganj,starways precisions pvt. ltd. ,starways industries (si),9-bag,0,225,auto parts ,owner,na,admin,1,0,0,0,0,0,0
204105,05-02-2026,air,starways industries- chakan,pune,sitarganj,starways industries- chakan,starways industries (si),1-bag,0,50,auto parts ,owner,na,admin,1,0,0,0,0,0,0
204106,05-02-2026,air,u. s. auto controls pvt ltd ,pune,pantnagar,u. s. auto controls pvt ltd ,belrise industries ltd unit -ix,3-bag,0,75,auto parts ,owner,na,admin,1,0,0,0,0,0,0
204107,05-02-2026,air,starways precisions pvt. ltd. ,pune,sitarganj,starways precisions pvt. ltd. ,starways industries (si),1-bag ,0,50,auto parts ,owner,na,admin,1,0,0,0,0,0,0
204108,06-02-2026,road,shreya industries - pnq,pune,pantnagar,shreya industries - pnq,shreya industries- pnt,36,0,36,auto part,owner,,admin,1,0,0,0,0,0,0
204109,06-02-2026,train,dali samir engg.pvt ltd-pune,pune,pantnagar,sansa auto engineering company - pune,dali samir engg pvt ltd- ptn,7-box ,0,175,auto parts ,owner,na,admin,1,0,0,0,0,0,0
204110,07-02-2026,road,shreya industries - pnq,pune,pantnagar,shreya industries - pnq,shreya industries- pnt,36-box,0,36,auto parts ,owner,na,admin,1,0,0,0,0,0,0
204111,07-02-2026,air,starways industries- chakan,pune,sitarganj,starways industries- chakan,starways industries (si),1-bag,0,50,auto parts ,owner,na,admin,1,0,0,0,0,0,0
204112,07-02-2026,road,shreya industries - pnq,pune,pantnagar,shreya industries - pnq,shreya industries- pnt,36-box,0,36,auto parts ,owner,na,admin,1,0,0,0,0,0,0
204113,07-02-2026,air,starways precisions pvt. ltd. ,pune,sitarganj,starways precisions pvt. ltd. ,starways industries (si),4-bag,0,75,auto parts ,owner,na,admin,1,0,0,0,0,0,0
204114,07-02-2026,train,dali samir engg.pvt ltd-pune,pune,pantnagar,sansa auto engineering company - pune,dali samir engg pvt ltd- ptn,6-box ,0,150,auto parts ,owner,na,admin,1,0,0,0,0,0,0
204115,08-02-2026,air,u. s. auto controls pvt ltd ,pune,pantnagar,u. s. auto controls pvt ltd ,belrise industries ltd unit -ix,3-bag,0,75,auto parts ,owner,na,admin,1,0,0,0,0,0,0
204116,07-02-2026,air,himalayan auto era pvt ltd,pantnagar,pune,himalayan auto era pvt ltd,mr dilip,2,0,120,documents ,owner,,admin,1,0,0,0,0,0,0
204117,08-02-2026,road,cj darcl logistics limited,delhi,pantnagar,cj darcl logistics limited,cj darcl logistics limited,2,0,0,auto part,owner,,sunil,1,0,0,0,0,0,0
204118,09-02-2026,road,cj darcl logistics limited,delhi,pantnagar,cj darcl logistics limited,cj darcl logistics limited,3,0,0,auto part,owner,,sunil,1,0,0,0,0,0,0
204119,09-02-2026,air,starways precisions pvt. ltd. ,pune,sitarganj,starways precisions pvt. ltd. ,starways industries (si),2-bag,0,50,auto parts ,owner,na,admin,1,0,0,0,0,0,0
204120,09-02-2026,train,dali samir engg.pvt ltd-pune,pune,pantnagar,sansa auto engineering company - pune,dali samir engg pvt ltd- ptn,4-box,0,100,auto parts ,owner,na,admin,1,0,0,0,0,0,0
204121,09-02-2026,train,belrise industries ltd unit -ix,pune,pantnagar,badve autocomps pvt ltd-ii,belrise industries ltd unit -ix,20-bag,0,280,auto parts ,owner,na,admin,1,0,0,0,0,0,0
204122,10-02-2026,road,shreya industries - pnq,pune,pantnagar,shreya industries - pnq,shreya industries- pnt,36-box,0,36,auto parts ,owner,na,admin,1,0,0,0,0,0,0
204123,10-02-2026,air,starways industries- chakan,pune,sitarganj,starways industries- chakan,starways industries (si),1-bag,0,50,auto parts ,owner,na,admin,1,0,0,0,0,0,0
204124,10-02-2026,air,starways precisions pvt. ltd. ,pune,sitarganj,starways precisions pvt. ltd. ,starways industries (si),1-bag,0,50,auto parts ,owner,na,admin,1,0,0,0,0,0,0
204125,10-02-2026,air,starways precisions pvt. ltd. ,pune,sitarganj,starways precisions pvt. ltd. ,advik hi-tech pvt ltd,2-bag,0,50,auto parts ,owner,na,admin,1,0,0,0,0,0,0
204126,10-02-2026,train,dali samir engg.pvt ltd-pune,pune,pantnagar,sansa auto engineering company - pune,dali samir engg pvt ltd- ptn,3-box,0,100,auto parts ,owner,na,admin,1,0,0,0,0,0,0
204127,10-02-2026,air,u. s. auto controls pvt ltd ,pune,pantnagar,u. s. auto controls pvt ltd ,harihareshwar auot tech private limited,4-bag,0,100,auto parts ,owner,na,admin,1,0,0,0,0,0,0
204128,11-02-2026,road,shreya industries - pnq,pune,pantnagar,shreya industries - pnq,shreya industries- pnt,36-box ,0,36,auto parts ,owner,na,admin,1,0,0,0,0,0,0
204129,10-02-2026,air,minda westport technologies ltd,manesar,ahmedabad,minda westport technologies ltd,tata motors limited ,25,175,175,autoparts ,owner,,admin,0,0,0,0,0,0,0
204130,11-02-2026,train,dali samir engg.pvt ltd-pune,pune,pantnagar,sansa auto engineering company - pune,dali samir engg pvt ltd- ptn,6-box ,0,150,auto parts ,owner,na,admin,1,0,0,0,0,0,0
204131,11-02-2026,air,u. s. auto controls pvt ltd ,pune,hosur,u. s. auto controls pvt ltd ,sm exhaust technology private limited.,1-bag,0,50,auto parts ,owner,na ,admin,1,0,0,0,0,0,0
204132,11-02-2026,train,starways precisions pvt. ltd. ,pune,sitarganj,starways precisions pvt. ltd. ,starways industries (si),2-bag,0,130,auto parts ,owner,na,admin,1,0,0,0,0,0,0
204133,12-02-2026,road,shreya industries - pnq,pune,pantnagar,shreya industries - pnq,shreya industries- pnt,36-box ,0,36,auto parts ,owner,na,admin,1,0,0,0,0,0,0
204134,12-02-2026,air,starways precisions pvt. ltd. ,pune,sitarganj,starways precisions pvt. ltd. ,starways industries (si),2-bag,0,50,auto parts ,owner,na,admin,1,0,0,0,0,0,0
204135,13-02-2026,road,shreya industries - pnq,pune,pantnagar,shreya industries - pnq,shreya industries- pnt,36-box,0,36,auto parts ,owner,na,admin,1,0,0,0,0,0,0
204136,13-02-2026,train,panorama automotive ind. pvt. ltd.,pune,pantnagar,pole star auto,panorama automotive ind. pvt. ltd.,3-bag,0,85,auto parts ,owner,na,admin,1,0,0,0,0,0,0
204137,13-02-2026,train,"belrise industries ltd,unit-7e",pune,pantnagar,planetto tooltech pvt ltd,"belrise industries ltd,unit-7e",40-bag,0,1000,auto parts ,owner,na,admin,1,0,0,0,0,0,0
204138,13-02-2026,air,starways industries- chakan,pune,sitarganj,starways industries- chakan,starways industries (si),1-bag ,0,50,auto parts ,owner,na,admin,1,0,0,0,0,0,0
204139,13-02-2026,air,starways precisions pvt. ltd. ,pune,sitarganj,starways precisions pvt. ltd. ,starways industries (si),2-bag,0,50,auto parts ,owner,na,admin,1,0,0,0,0,0,0
204140,13-02-2026,train,dali samir engg.pvt ltd-pune,pune,pantnagar,sansa auto engineering company - pune,dali samir engg pvt ltd- ptn,6-box ,0,150,auto parts ,owner,na,admin,1,0,0,0,0,0,0
204141,13-02-2026,air,minda westport technologies ltd,manesar,pune,minda westport technologies ltd,tata motors limited ,91,493,493,auto parts ,owner,,admin,0,0,0,0,0,0,0
204142,14-02-2026,air,starways precisions pvt. ltd. ,pune,sitarganj,starways precisions pvt. ltd. ,starways industries (si),3-bag,0,70,auto parts ,owner,na,admin,1,0,0,0,0,0,0
204143,14-02-2026,air,minda westport technologies ltd,manesar,pune,minda westport technologies ltd,tata motors limited ,132,0,0,auto parts ,owner,,admin,0,0,0,0,0,0,0
204144,15-02-2026,road,shreya industries - pnq,pune,pantnagar,shreya industries - pnq,shreya industries- pnt,20-box,0,20,auto parts ,owner,na,admin,1,0,0,0,0,0,0
204145,15-02-2026,road,shreya industries - pnq,pune,pantnagar,shreya industries - pnq,shreya industries- pnt,16-box,0,16,auto parts ,owner,na,admin,1,0,0,0,0,0,0
204146,15-02-2026,air,starways precisions pvt. ltd. ,pune,sitarganj,starways precisions pvt. ltd. ,starways industries (si),3-bag,0,70,auto parts ,owner,na,admin,1,0,0,0,0,0,0
204147,15-02-2026,air,u. s. auto controls pvt ltd ,pune,pantnagar,u. s. auto controls pvt ltd ,harihareshwar auot tech private limited,3-bag,0,75,auto parts ,owner,na,admin,1,0,0,0,0,0,0
204148,06-02-2026,road,cj darcl logistics limited,delhi,pantnagar,cj darcl logistics limited,cj darcl logistics limited,2,0,0,auto part,owner,,admin,1,0,0,0,0,0,0
204149,13-02-2026,road,dali samir engg.pvt ltd-pune,faridabad,pantnagar,shree sai auto components,dali samir engg pvt ltd- ptn,8,0,0,auto part,owner,,admin,1,0,0,0,0,0,0
204150,16-02-2026,air,starways precisions pvt. ltd. ,pune,sitarganj,starways precisions pvt. ltd. ,starways industries (si),1-bag,0,50,auto parts ,owner,na,admin,1,0,0,0,0,0,0
204151,16-02-2026,train,starways precisions pvt. ltd. ,pune,sitarganj,starways precisions pvt. ltd. ,starways industries (si),5-bag,0,365,auto parts ,owner,na,admin,1,0,0,0,0,0,0
204152,16-02-2026,train,dali samir engg.pvt ltd-pune,pune,pantnagar,sansa auto engineering company - pune,dali samir engg pvt ltd- ptn,6-box,0,150,auto parts ,owner,na,admin,1,0,0,0,0,0,0
204153,17-02-2026,road,shreya industries - pnq,pune,pantnagar,shreya industries - pnq,shreya industries- pnt,20-box,0,20,auto parts ,owner,na,admin,1,0,0,0,0,0,0
204154,17-02-2026,road,shreya industries - pnq,pune,pantnagar,shreya industries - pnq,shreya industries- pnt,16-box,0,16,auto parts ,owner,na,admin,1,0,0,0,0,0,0
204155,17-02-2026,road,himalayan auto era pvt ltd,pune,pantnagar,shree engineering works ,himalayan auto era pvt ltd,1-w/box,0,550,auto parts ,owner,road-express ,admin,1,0,0,0,0,0,0
204156,17-02-2026,air,starways industries- chakan,pune,sitarganj,starways industries- chakan,starways industries (si),5-bag,0,75,auto parts ,owner,na,admin,1,0,0,0,0,0,0
204157,17-02-2026,air,starways precisions pvt. ltd. ,pune,sitarganj,starways precisions pvt. ltd. ,starways industries (si),2-bag,0,50,auto parts ,owner,na,admin,1,0,0,0,0,0,0
204158,18-02-2026,road,shreya industries - pnq,pune,pantnagar,shreya industries - pnq,shreya industries- pnt,27-box ,0,27,auto parts ,owner,na,admin,1,0,0,0,0,0,0
204159,18-02-2026,road,mantri metallics pvt ltd- ptn,pune,pantnagar,makaney metals,mantri metallics pvt ltd- ptn,24-bag,0,840,auto parts ,owner,na,admin,1,0,0,0,0,0,0
204160,18-02-2026,train,belrise industries ltd unit -ix,pune,pantnagar,badve autocomps pvt ltd-ii,belrise industries ltd unit -ix,20-bag,0,280,auto parts ,owner,na,admin,1,0,0,0,0,0,0
204161,18-02-2026,air,starways precisions pvt. ltd. ,pune,sitarganj,starways precisions pvt. ltd. ,starways industries (si),2-bag,0,50,auto parts ,owner,na,admin,1,0,0,0,0,0,0
204162,18-02-2026,train,starways precisions pvt. ltd. ,pune,sitarganj,starways precisions pvt. ltd. ,starways industries (si),6-bag,0,140,auto parts ,owner,na,admin,1,0,0,0,0,0,0
204163,16-02-2026,train,dali samir engg.pvt ltd-pune,pune,pantnagar,dali samir engg.pvt ltd-pune,dali samir engg pvt ltd- ptn,8,0,200,auto part,owner,singh roadline,admin,1,0,0,0,0,0,0
204164,17-02-2026,road,cj darcl logistics limited,pantnagar,delhi,cj darcl logistics limited,cj darcl logistics limited,57,0,0,auto part,owner,9000,sunil,1,0,0,0,0,0,0
204165,19-02-2026,train,united bioceuticals pvt ltd,indore,haridwar,panchsteel organics limited,united bioceuticals pvt ltd,4,0,100,auto parts,owner,to pay consignment,admin,0,2200,100,1000,1500,0,0
204166,19-02-2026,road,shreya industries - pnq,pune,pantnagar,shreya industries - pnq,shreya industries- pnt,16-box,0,16,auto parts ,owner,na,admin,1,0,0,0,0,0,0
204167,19-02-2026,road,shreya industries - pnq,pune,pantnagar,shreya industries - pnq,shreya industries- pnt,20-box,0,20,auto parts ,owner,na,admin,1,0,0,0,0,0,0
204168,19-02-2026,air,starways precisions pvt. ltd. ,pune,sitarganj,starways precisions pvt. ltd. ,starways industries (si),3-bag,0,50,auto parts ,owner,na,admin,1,0,0,0,0,0,0
204169,20-02-2026,air,starways industries- chakan,pune,sitarganj,starways industries- chakan,starways industries (si),1-bag,0,50,auto parts ,owner,na,admin,1,0,0,0,0,0,0
204170,20-02-2026,train,starways industries- chakan,pune,sitarganj,starways industries- chakan,starways industries (si),11-bag,0,132,auto parts ,owner,na,admin,1,0,0,0,0,0,0
204171,20-02-2026,air,starways precisions pvt. ltd. ,pune,sitarganj,starways precisions pvt. ltd. ,starways industries (si),2-bag,0,50,auto parts ,owner,na,admin,1,0,0,0,0,0,0
204172,21-02-2026,road,shreya industries - pnq,pune,pantnagar,shreya industries - pnq,shreya industries- pnt,20-box ,0,20,auto parts ,owner,na,admin,1,0,0,0,0,0,0
204173,21-02-2026,road,shreya industries - pnq,pune,pantnagar,shreya industries - pnq,shreya industries- pnt,16-box ,0,16,auto parts ,owner,na,admin,1,0,0,0,0,0,0
204174,21-02-2026,train,belrise industries ltd unit -ix,pune,pantnagar,badve autocomps pvt ltd-ii,belrise industries ltd unit -ix,20-bag,0,280,auto parts ,owner,na,admin,1,0,0,0,0,0,0
204175,21-02-2026,train,belrise industries ltd unit -ix,pantnagar,pune,belrise industries ltd unit -ix,badve autocomps pvt ltd-ii,2,0,100,auto part,owner,,operation,1,0,0,0,0,0,0
204176,21-02-2026,air,starways precisions pvt. ltd. ,pune,sitarganj,starways precisions pvt. ltd. ,starways industries (si),1-bag,0,50,auto parts ,owner,na,admin,1,0,0,0,0,0,0
204177,22-02-2026,train,starways industries- chakan,pune,sitarganj,starways industries- chakan,starways industries (si),18-bag,0,491,auto parts ,owner,na,admin,1,0,0,0,0,0,0
204178,22-02-2026,air,starways industries- chakan,pune,sitarganj,starways industries- chakan,starways industries (si),11-bag,0,165,auto parts ,owner,na,admin,1,0,0,0,0,0,0
204179,22-02-2026,air,starways precisions pvt. ltd. ,pune,sitarganj,starways precisions pvt. ltd. ,starways industries (si),2-bag,0,50,auto parts ,owner,na,admin,1,0,0,0,0,0,0
204180,23-02-2026,road,shreya industries - pnq,pune,pantnagar,shreya industries - pnq,shreya industries- pnt,20-box,0,20,auto parts ,owner,na,admin,1,0,0,0,0,0,0
204181,23-02-2026,road,shreya industries - pnq,pune,pantnagar,shreya industries - pnq,shreya industries- pnt,16-box,0,16,auto parts ,owner,na,admin,1,0,0,0,0,0,0
204182,23-02-2026,road,himalayan auto era pvt ltd,pune,pantnagar,atharva foundries pvt. ltd.,himalayan auto era pvt ltd,92-box,0,2070,auto parts ,owner,road-express ,admin,1,0,0,0,0,0,0
204183,23-02-2026,air,himalayan auto era pvt ltd,pune,pantnagar,atharva foundries pvt. ltd.,himalayan auto era pvt ltd,2-box ,0,50,auto parts ,owner,na,admin,1,0,0,0,0,0,0
204184,23-02-2026,air,starways precisions pvt. ltd. ,pune,sitarganj,starways precisions pvt. ltd. ,starways industries (si),1-bag,0,50,auto parts ,owner,na,admin,1,0,0,0,0,0,0
204185,23-02-2026,air,u. s. auto controls pvt ltd ,pune,pantnagar,u. s. auto controls pvt ltd ,harihareshwar auot tech private limited,2-bag,0,50,auto parts ,owner,na,admin,1,0,0,0,0,0,0
204186,23-02-2026,air,u. s. auto controls pvt ltd ,pune,bangalore,u. s. auto controls pvt ltd ,nahars engineering india pvt ltd ,6-bag,0,150,auto parts ,owner,na,admin,1,0,0,0,0,0,0
204187,23-02-2026,train,belrise industries ltd unit -ix,pune,pantnagar,badve autocomps pvt ltd-ii,belrise industries ltd unit -ix,20-bag,0,280,auto parts ,owner,na,admin,1,0,0,0,0,0,0
204188,21-02-2026,road,cj darcl logistics limited,delhi,pantnagar,cj darcl logistics limited,cj darcl logistics limited,4,0,0,auto part,client,,sunil,1,0,0,0,0,0,0
204189,21-02-2026,road,cj darcl logistics limited,pantnagar,delhi,cj darcl logistics limited,cj darcl logistics limited,75,0,0,auto part,client,9000,sunil,1,0,0,0,0,0,0
204190,24-02-2026,train,belrise industries ltd unit -ix,pune,pantnagar,badve autocomps pvt ltd-ii,belrise industries ltd unit -ix,20-bag,0,280,auto parts ,owner,na,admin,1,0,0,0,0,0,0
204191,24-02-2026,air,starways industries- chakan,pune,sitarganj,starways industries- chakan,starways industries (si),9-bag,0,135,auto parts ,owner,na,admin,1,0,0,0,0,0,0
204192,24-02-2026,air,starways precisions pvt. ltd. ,pune,sitarganj,starways precisions pvt. ltd. ,starways industries (si),2-bag,0,50,auto parts ,owner,na,admin,1,0,0,0,0,0,0
204193,24-02-2026,air,u. s. auto controls pvt ltd ,pune,pantnagar,u. s. auto controls pvt ltd ,belrise industries ltd unit -ix,4-bag,0,100,auto parts ,owner,na,admin,1,0,0,0,0,0,0
204194,25-02-2026,air,starways industries- chakan,pune,sitarganj,starways industries- chakan,starways industries (si),8-bag,0,80,auto parts ,owner,na,admin,1,0,0,0,0,0,0
204195,25-02-2026,train,starways industries- chakan,pune,sitarganj,starways industries- chakan,starways industries (si),8-bag,0,150,auto parts ,owner,na,admin,1,0,0,0,0,0,0
204196,25-02-2026,air,starways precisions pvt. ltd. ,pune,sitarganj,starways precisions pvt. ltd. ,starways industries (si),1-bag,0,50,auto parts ,owner,na,admin,1,0,0,0,0,0,0
204197,25-02-2026,air,u. s. auto controls pvt ltd ,pune,pantnagar,u. s. auto controls pvt ltd ,belrise industries ltd unit -ix,2-bag,0,50,auto parts ,owner,na,admin,1,0,0,0,0,0,0
204198,26-02-2026,road,shreya industries - pnq,pune,pantnagar,shreya industries - pnq,shreya industries- pnt,30-box,0,30,auto parts ,owner,na,admin,1,0,0,0,0,0,0
204199,26-02-2026,road,shreya industries - pnq,pune,pantnagar,shreya industries - pnq,shreya industries- pnt,36-box ,0,36,auto parts ,owner,na,admin,1,0,0,0,0,0,0
204200,19-02-2026,road,sky 4 pune,delhi-airport,pantnagar,sky 4 pune,sky 4 pantnagar,7,0,0,auto part,owner,ashok leyland delivery (1500) + (2000) del to rdp,admin,1,0,0,0,0,0,0
204201,19-02-2026,road,sky 4 pune,delhi-airport,pantnagar,sky 4 pune,sky 4 pantnagar,1,0,0,auto part,owner,tml deliverey (spl texi),admin,1,0,0,0,0,0,0
204202,23-02-2026,road,sky 4 pune,delhi-airport,pantnagar,sky 4 pune,sky 4 pantnagar,1,0,0,auto part,owner,tml deliverey 3000 + del to pnt 1500 total 4500,admin,1,0,0,0,0,0,0
204203,26-02-2026,train,starways industries- chakan,pune,sitarganj,starways industries- chakan,starways industries (si),6-bag,0,94,auto parts ,owner,na,admin,1,0,0,0,0,0,0
204204,26-02-2026,air,starways precisions pvt. ltd. ,pune,sitarganj,starways precisions pvt. ltd. ,starways industries (si),3-bag,0,60,auto parts ,owner,na,admin,1,0,0,0,0,0,0
204205,26-02-2026,air,u. s. auto controls pvt ltd ,pune,pantnagar,u. s. auto controls pvt ltd ,belrise industries ltd unit -ix,2-bag,0,50,auto parts ,owner,na,admin,1,0,0,0,0,0,0
204206,26-02-2026,air,reutter innovative closure technologies (p) ltd,chennai,pune,reutter innovative closure technologies (p) ltd,dali samir engg.pvt ltd-pune,5,0,130,auto parts ,owner,,admin,1,0,0,0,0,0,0
204207,26-02-2026,road,sky 4 pune,delhi-airport,pantnagar,sky 4 pune,sky 4 pantnagar,3,0,0,auto part,owner,ashok leyland delivery,admin,1,0,0,0,0,0,0
204208,27-02-2026,road,cj darcl logistics limited,delhi,pantnagar,cj darcl logistics limited,cj darcl logistics limited,6,0,0,auto part,owner,,sunil,1,0,0,0,0,0,0
204209,27-02-2026,road,cj darcl logistics limited,pantnagar,delhi,cj darcl logistics limited,cj darcl logistics limited,40,0,0,auto part,owner,,sunil,1,0,0,0,0,0,0
204210,27-02-2026,train,starways industries- chakan,pune,sitarganj,starways industries- chakan,starways industries (si),14-bag,0,365,auto parts ,owner,na,admin,1,0,0,0,0,0,0
204211,27-02-2026,air,starways precisions pvt. ltd. ,pune,sitarganj,starways precisions pvt. ltd. ,starways industries (si),3-bag,0,75,auto parts ,owner,na,admin,1,0,0,0,0,0,0
204212,28-02-2026,road,himalayan auto era pvt ltd,gurugram,pantnagar,konarak sales corporation,konarak sales corporation rudrapur,loose,0,0,auto part,owner,,admin,1,0,0,0,0,0,0
204213,28-02-2026,air,himalayan auto era pvt ltd,pune,pantnagar,venkatesh automobile pvt ltd,himalayan auto era pvt ltd,30,0,255,auto parts ,owner,na,admin,1,0,0,0,0,0,0
204214,28-02-2026,road,himalayan auto era pvt ltd,pune,pantnagar,venkatesh automobile pvt ltd,himalayan auto era pvt ltd,34,0,285,auto parts ,owner,road-express ,admin,1,0,0,0,0,0,0
204215,28-02-2026,train,starways industries- chakan,pune,sitarganj,starways industries- chakan,starways industries (si),15-bag,0,223,auto parts ,owner,na,admin,1,0,0,0,0,0,0
204216,28-02-2026,air,reutter innovative closure technologies (p) ltd,chennai,pune,reutter innovative closure technologies (p) ltd,dali samir engg.pvt ltd-pune,6,0,156,auto parts,owner,,admin,1,0,0,0,0,0,0
204217,28-02-2026,train,precifast private limited,pune,pantnagar,precifast private limited,bajaj auto ltd,15-box,0,180,auto parts ,owner,na,admin,1,0,0,0,0,0,0
204218,28-02-2026,air,starways precisions pvt. ltd. ,pune,sitarganj,starways precisions pvt. ltd. ,starways industries (si),2-bag,0,50,auto parts ,owner,na,admin,1,0,0,0,0,0,0
204219,28-02-2026,train,starways precisions pvt. ltd. ,pune,sitarganj,starways precisions pvt. ltd. ,starways industries (si),2-bag,0,100,auto parts ,owner,na,admin,1,0,0,0,0,0,0
204220,01-03-2026,road,shreya industries - pnq,pune,pantnagar,shreya industries - pnq,shreya industries- pnt,20-box,0,20,auto parts ,owner,na,admin,1,0,0,0,0,0,0
204221,01-03-2026,road,shreya industries - pnq,pune,pantnagar,shreya industries - pnq,shreya industries- pnt,16-box ,0,16,auto parts ,owner,na,admin,1,0,0,0,0,0,0
204222,01-03-2026,train,panorama automotive ind. pvt. ltd.,pune,pantnagar,pole star auto,panorama automotive ind. pvt. ltd.,4-bag,0,120,auto parts ,owner,na,admin,1,0,0,0,0,0,0
204223,01-03-2026,air,u. s. auto controls pvt ltd ,pune,pantnagar,u. s. auto controls pvt ltd ,belrise industries ltd unit -ix,5-bag,0,115,auto parts ,owner,na,admin,1,0,0,0,0,0,0
204224,02-03-2026,train,dali samir engg.pvt ltd-pune,pune,pantnagar,sansa auto engineering company - pune,dali samir engg pvt ltd- ptn,4-box ,0,100,auto parts ,owner,na,admin,1,0,0,0,0,0,0
204225,02-03-2026,train,starways precisions pvt. ltd. ,pune,sitarganj,starways precisions pvt. ltd. ,starways industries (si),6-bag,0,110,auto parts ,owner,na,admin,1,0,0,0,0,0,0
204226,03-03-2026,road,shreya industries - pnq,pune,pantnagar,shreya industries - pnq,shreya industries- pnt,16-box,0,16,auto parts ,owner,na,admin,1,0,0,0,0,0,0
204227,03-03-2026,road,shreya industries - pnq,pune,pantnagar,shreya industries - pnq,shreya industries- pnt,20-box,0,20,auto parts ,owner,na,admin,1,0,0,0,0,0,0
204228,02-03-2026,air,dali samir engg.pvt ltd-pune,pune,pantnagar,sansa auto engineering company - pune,dali samir engg pvt ltd- ptn,2,0,50,auto parts,owner,,admin,1,0,0,0,0,0,0
204229,03-03-2026,train,panorama automotive ind. pvt. ltd.,pune,pantnagar,rk industries ,panorama automotive ind. pvt. ltd.,3-bag,0,105,auto parts ,owner,na,admin,1,0,0,0,0,0,0
204230,03-03-2026,train,starways precisions pvt. ltd. ,pune,sitarganj,starways precisions pvt. ltd. ,starways industries (si),8-bag,0,150,auto parts ,owner,na,admin,1,0,0,0,0,0,0
204231,03-03-2026,air,reutter innovative closure technologies (p) ltd,chennai,pune,reutter innovative closure technologies (p) ltd,dali samir engg.pvt ltd-pune,4-box ,0,115,auto parts,owner,,admin,1,0,0,0,0,0,0
204233,05-03-2026,road,shreya industries - pnq,pune,pantnagar,shreya industries - pnq,shreya industries- pnt,16-box ,0,16,auto parts ,owner,na,admin,1,0,0,0,0,0,0
204234,05-03-2026,train,"belrise industries ltd,unit-7e",pune,pantnagar,richcam auto engineering(i) pvt ltd,"belrise industries ltd,unit-7e",50-bag,0,1250,auto parts ,owner,na,admin,1,0,0,0,0,0,0
204235,05-03-2026,train,starways precisions pvt. ltd. ,pune,sitarganj,starways precisions pvt. ltd. ,starways industries (si),2-bag,0,100,auto parts ,owner,na,admin,1,0,0,0,0,0,0
204236,06-03-2026,road,sky 4 pune,delhi-airport,pantnagar,sky 4 pune,sky 4 pantnagar,15,0,0,auto part,owner,tml deliverey,admin,1,0,0,0,0,0,0
204237,06-03-2026,train,panorama automotive ind. pvt. ltd.,pantnagar,pune,panorama automotive ind. pvt. ltd.,panorama automotive ind. pvt. ltd.,1 bag,0,80,auto part,owner,,admin,1,0,0,0,0,0,0
204238,07-03-2026,train,starways precisions pvt. ltd. ,pune,sitarganj,starways precisions pvt. ltd. ,starways industries (si),25-bag,0,440,auto parts ,owner,na,admin,1,0,0,0,0,0,0
204239,08-03-2026,road,shreya industries - pnq,pune,pantnagar,shreya industries - pnq,shreya industries- pnt,26-box,0,26,auto parts ,owner,na,admin,1,0,0,0,0,0,0
203909,01-12-2025,train,"belrise industries ltd,unit-12",pune,pantnagar,v k tools,"belrise industries ltd,unit-12",1,0,100,,,,admin,1,0,0,0,0,0,0
203940,10-12-2025,air,"belrise industries ltd,unit-12",pune,pantnagar,v k tools,"belrise industries ltd,unit-12",1,0,50,,,,admin,1,0,0,0,0,0,0
203915,02-12-2025,air,belrise industries ltd unit -ix,aurangabad,pantnagar,dhananjay auto craft pvt.ltd - i,belrise industries ltd unit -ix,22,0,550,,,,admin,1,0,0,0,0,0,0
204240,08-03-2026,air,u. s. auto controls pvt ltd ,pune,pantnagar,u. s. auto controls pvt ltd ,harihareshwar auot tech private limited,5-bag,0,100,auto parts ,owner,na,admin,1,0,0,0,0,0,0
204241,09-03-2026,road,shreya industries - pnq,pune,pantnagar,shreya industries - pnq,shreya industries- pnt,16-box ,0,16,auto parts ,owner,na,admin,1,0,0,0,0,0,0
204242,09-03-2026,road,shreya industries - pnq,pune,pantnagar,shreya industries - pnq,shreya industries- pnt,20-box,0,20,auto parts ,owner,na,admin,1,0,0,0,0,0,0
204243,09-03-2026,air,starways industries- chakan,pune,sitarganj,starways industries- chakan,starways industries (si),5-bag,0,180,auto parts ,owner,na,admin,1,0,0,0,0,0,0
204244,09-03-2026,train,starways industries- chakan,pune,sitarganj,starways industries- chakan,starways industries (si),13-bag,0,410,auto parts ,owner,na ,admin,1,0,0,0,0,0,0
204245,10-03-2026,train,starways industries- chakan,pune,sitarganj,starways industries- chakan,starways industries (si),22-bag,0,620,auto parts ,owner,na,admin,1,0,0,0,0,0,0
204246,10-03-2026,train,starways precisions pvt. ltd. ,pune,sitarganj,starways precisions pvt. ltd. ,starways industries (si),4-bag,0,100,auto parts ,owner,na,admin,1,0,0,0,0,0,0
204247,10-03-2026,air,reutter innovative closure technologies (p) ltd,chennai,pune,reutter innovative closure technologies (p) ltd,premolc industries llp,2,0,50,auto parts ,owner,,admin,1,0,0,0,0,0,0
204248,10-03-2026,air,u. s. auto controls pvt ltd ,pune,pantnagar,u. s. auto controls pvt ltd ,harihareshwar auot tech private limited,5-bag,0,110,auto parts ,owner,na,admin,1,0,0,0,0,0,0
204249,11-03-2026,road,shreya industries - pnq,pune,pantnagar,shreya industries - pnq,shreya industries- pnt,16-box ,0,16,auto parts ,owner,na,admin,1,0,0,0,0,0,0
204250,11-03-2026,road,shreya industries - pnq,pune,pantnagar,shreya industries - pnq,shreya industries- pnt,20-box ,0,20,auto parts ,owner,na,admin,1,0,0,0,0,0,0
204251,11-03-2026,road express,himalayan auto era pvt ltd,pune,pantnagar,fractmet engineering llp,himalayan auto era pvt ltd,12-bag,0,320,auto parts ,owner,na,admin,1,0,0,0,0,0,0
204252,11-03-2026,train,belrise industries ltd unit -ix,pune,pantnagar,badve autocomps pvt ltd-ii,belrise industries ltd unit -ix,20-bag,0,280,auto parts ,owner,na,admin,1,0,0,0,0,0,0
204253,11-03-2026,train,starways industries- chakan,pune,sitarganj,starways industries- chakan,starways industries (si),11-bag ,0,180,auto parts ,owner,na,admin,1,0,0,0,0,0,0
204254,11-03-2026,air,starways precisions pvt. ltd. ,pune,sitarganj,starways precisions pvt. ltd. ,starways industries (si),1-bag,0,50,auto parts ,owner,na,admin,1,0,0,0,0,0,0
204255,11-03-2026,air,starways precisions pvt. ltd. ,pune,sitarganj,starways precisions pvt. ltd. ,advik hi-tech pvt ltd,1-bag,0,50,auto parts ,owner,na,admin,1,0,0,0,0,0,0
204256,12-03-2026,road,shreya industries - pnq,pune,pantnagar,shreya industries - pnq,shreya industries- pnt,20-box ,0,20,auto parts ,owner,na,admin,1,0,0,0,0,0,0
204257,12-03-2026,road,shreya industries - pnq,pune,pantnagar,shreya industries - pnq,shreya industries- pnt,16-box ,0,16,auto parts ,owner,na,admin,1,0,0,0,0,0,0
204258,12-03-2026,road,sky 4 pune,delhi-airport,pantnagar,sky 4 pune,sky 4 pantnagar,7,0,0,auto part,owner,delto pnt. (spl)ashok leyland delivery,admin,1,0,0,0,0,0,0
204259,12-03-2026,air,u. s. auto controls pvt ltd ,pune,pantnagar,u. s. auto controls pvt ltd ,harihareshwar auot tech private limited,7-bag,0,130,0,owner,na,admin,1,0,0,0,0,0,0
204260,12-03-2026,train,starways precisions pvt. ltd. ,pune,sitarganj,starways precisions pvt. ltd. ,starways industries (si),4-bag,0,100,auto parts ,owner,na,admin,1,0,0,0,0,0,0
204263,13-03-2026,air,u. s. auto controls pvt ltd ,pune,bangalore,u. s. auto controls pvt ltd ,new swan enterprises -kolar,6-bag ,0,150,auto parts ,owner,na,admin,1,0,0,0,0,0,0
204262,12-03-2026,air,reutter innovative closure technologies (p) ltd,chennai,pune,reutter innovative closure technologies (p) ltd,dali samir engg.pvt ltd-pune,4,0,110,autoparts ,owner,,admin,1,0,0,0,0,0,0
204264,13-03-2026,train,dali samir engg.pvt ltd-pune,pune,pantnagar,sansa auto engineering company - pune,dali samir engg pvt ltd- ptn,4-box ,0,100,auto parts ,owner,na,admin,1,0,0,0,0,0,0
204265,13-03-2026,air,reutter innovative closure technologies (p) ltd,chennai,pune,reutter innovative closure technologies (p) ltd,dali samir engg.pvt ltd-pune,6,0,160,auto parts ,owner,na,admin,1,0,0,0,0,0,0
203842,16-11-2025,air,singla forging pvt ltd- rtq,pantnagar,hosur,singla forging pvt ltd- rtq,gabriel india limited,200,0,1410,,,,admin,1,0,0,0,0,0,0
203942,11-12-2025,air,singla forging pvt ltd- rtq,pantnagar,pune,singla forging pvt ltd- rtq,dana anand india pvt ltd,4,0,50,,,,admin,1,0,0,0,0,0,0
204266,14-03-2026,train,belrise industries ltd unit -ix,pune,pantnagar,badve autocomps pvt ltd-ii,belrise industries ltd unit -ix,30-bag,0,420,auto parts ,owner,na,admin,1,0,0,0,0,0,0
204267,14-03-2026,air,reutter innovative closure technologies (p) ltd,chennai,pune,reutter innovative closure technologies (p) ltd,dali samir engg.pvt ltd-pune,4,0,110,auto parts,owner,,admin,1,0,0,0,0,0,0
204268,14-03-2026,train,starways precisions pvt. ltd. ,pune,sitarganj,starways precisions pvt. ltd. ,starways industries (si),2-bag,0,100,auto parts ,owner,na,admin,1,0,0,0,0,0,0
204269,15-03-2026,air,u. s. auto controls pvt ltd ,pune,pantnagar,u. s. auto controls pvt ltd ,harihareshwar auot tech private limited,10-bag,0,190,auto parts ,owner,na,admin,1,0,0,0,0,0,0
204270,16-03-2026,road,shreya industries - pnq,pune,pantnagar,shreya industries - pnq,shreya industries- pnt,20-box ,0,20,auto parts ,owner,na,admin,1,0,0,0,0,0,0
204271,16-03-2026,road,shreya industries - pnq,pune,pantnagar,shreya industries - pnq,shreya industries- pnt,16-box,0,16,auto parts ,owner,na,admin,1,0,0,0,0,0,0
204272,16-03-2026,train,belrise industries ltd unit -ix,pune,pantnagar,badve autocomps pvt ltd-ii,belrise industries ltd unit -ix,30-bag,0,420,auto parts ,owner,na,admin,1,0,0,0,0,0,0
204273,16-03-2026,train,himalayan auto era pvt ltd,pune,pantnagar,venkatesh automobile pvt ltd,himalayan auto era pvt ltd,20-bag ,0,480,auto parts ,owner,na,admin,1,0,0,0,0,0,0
204274,16-03-2026,road express,himalayan auto era pvt ltd,pune,pantnagar,venkatesh automobile pvt ltd,himalayan auto era pvt ltd,62-nos,0,496,auto parts ,owner,na,admin,1,0,0,0,0,0,0
204275,16-03-2026,train,dali samir engg.pvt ltd-pune,pune,pantnagar,sansa auto engineering company - pune,dali samir engg pvt ltd- ptn,4-box ,0,100,auto parts ,owner,na,admin,1,0,0,0,0,0,0
204276,16-03-2026,train,starways precisions pvt. ltd. ,pune,sitarganj,starways precisions pvt. ltd. ,starways industries (si),5box + 6bag,0,180,auto parts ,owner,na,admin,1,0,0,0,0,0,0
204277,17-03-2026,road,shreya industries - pnq,pune,pantnagar,shreya industries - pnq,shreya industries- pnt,20-box,0,20,auto parts ,owner,na,admin,1,0,0,0,0,0,0
204278,17-03-2026,road,shreya industries - pnq,pune,pantnagar,shreya industries - pnq,shreya industries- pnt,16-box ,0,16,auto parts ,owner,na,admin,1,0,0,0,0,0,0
204279,17-03-2026,train,precifast private limited,pune,pantnagar,precifast private limited,bajaj auto ltd,10-box,0,120,auto parts ,owner,na,admin,1,0,0,0,0,0,0
204280,17-03-2026,train,panorama automotive ind. pvt. ltd.,pune,pantnagar,gurukrup industries/ferronite metal treatment india pvt. ltd.,panorama automotive ind. pvt. ltd.,3-bag,0,80,auto parts ,owner,na,admin,1,0,0,0,0,0,0
204281,17-03-2026,train,belrise industries ltd unit -ix,pune,pantnagar,badve autocomps pvt ltd-ii,belrise industries ltd unit -ix,30-bag,0,420,auto parts ,owner,na,admin,1,0,0,0,0,0,0
204282,17-03-2026,air,u. s. auto controls pvt ltd ,pune,pantnagar,u. s. auto controls pvt ltd ,harihareshwar auot tech private limited,8-bag,0,165,auto parts ,owner,na,admin,1,0,0,0,0,0,0
204283,17-03-2026,train,starways industries- chakan,pune,sitarganj,starways industries- chakan,starways industries (si),22-bag,0,385,auto parts ,owner,na,admin,1,0,0,0,0,0,0
204284,17-03-2026,train,starways precisions pvt. ltd. ,pune,sitarganj,starways precisions pvt. ltd. ,starways industries (si),3-bag,0,100,auto parts ,owner,na,admin,1,0,0,0,0,0,0
204285,18-03-2026,train,himalayan auto era pvt ltd,pune,pantnagar,venkatesh automobile pvt ltd,himalayan auto era pvt ltd,20-bag ,0,480,auto parts ,owner,na,admin,1,0,0,0,0,0,0
204286,18-03-2026,train,starways precisions pvt. ltd. ,pune,sitarganj,starways precisions pvt. ltd. ,starways industries (si),10-bag,0,208,auto parts ,owner,na,admin,1,0,0,0,0,0,0
204287,18-03-2026,road,shreya industries - pnq,pune,pantnagar,shreya industries - pnq,shreya industries- pnt,20-box,0,20,auto parts ,owner,na,admin,1,0,0,0,0,0,0
204288,18-03-2026,road,shreya industries - pnq,pune,pantnagar,shreya industries - pnq,shreya industries- pnt,16-box ,0,16,auto parts ,owner,na,admin,1,0,0,0,0,0,0
204289,18-03-2026,air,himalayan auto era pvt ltd,pantnagar,bangalore,himalayan auto era pvt ltd,arvind motors pvt ltd,1,0,50,auto parts,owner,,admin,1,0,0,0,0,0,0
204290,19-03-2026,air,mantri metallics pvt ltd- ptn,pune,pantnagar,sujan contitech avs pvt ltd,mantri metallics pvt ltd- ptn,1-box,0,0,auto parts ,owner,na,sanjit,0,0,0,0,0,0,0
204291,19-03-2026,air,starways precisions pvt. ltd. ,pune,sitarganj,starways precisions pvt. ltd. ,starways industries (si),1-bag,0,50,auto parts ,owner,na,admin,1,0,0,0,0,0,0
204292,19-03-2026,train,starways precisions pvt. ltd. ,pune,sitarganj,starways precisions pvt. ltd. ,starways industries (si),2-bag,0,100,auto parts ,owner,na,admin,1,0,0,0,0,0,0
204293,19-03-2026,air,starways industries- chakan,pune,sitarganj,starways industries- chakan,starways industries (si),1-bag,0,50,auto parts ,owner,na,admin,1,0,0,0,0,0,0
204294,19-03-2026,air,starways precisions pvt. ltd. ,pune,sitarganj,starways precisions pvt. ltd. ,starways industries (si),1-bag,0,50,auto parts ,owner,na,admin,1,0,0,0,0,0,0
204295,19-03-2026,air,badve autocomps pvt ltd-ii,pantnagar,pune,belrise industries ltd unit -ix,badve autocomps pvt ltd-ii,2,0,50,auto parts,owner,,admin,0,0,0,0,0,0,0
204296,19-03-2026,train,starways industries- chakan,pune,sitarganj,starways industries- chakan,starways industries (si),20-bag,0,370,auto parts ,owner,na ,admin,1,0,0,0,0,0,0
204297,19-03-2026,air,u. s. auto controls pvt ltd ,pune,pantnagar,u. s. auto controls pvt ltd ,harihareshwar auot tech private limited,6-bag,0,130,auto parts ,owner,na,admin,1,0,0,0,0,0,0
204298,19-03-2026,road,cj darcl logistics limited,pantnagar,delhi,cj darcl logistics limited,cj darcl logistics limited,3 palet,0,0,auto part,owner,spl,sunil,1,0,0,0,0,0,0
204299,20-03-2026,train,panorama automotive ind. pvt. ltd.,pune,pantnagar,ferronite metal treatment india pvt ltd ,panorama automotive ind. pvt. ltd.,2-bag,0,80,auto parts ,owner,na,admin,1,0,0,0,0,0,0
204300,20-03-2026,road,shreya industries - pnq,pune,pantnagar,shreya industries - pnq,shreya industries- pnt,20-box ,0,20,auto parts ,owner,na,admin,1,0,0,0,0,0,0
204301,20-03-2026,road,shreya industries - pnq,pune,pantnagar,shreya industries - pnq,shreya industries- pnt,16-box ,0,16,auto parts ,owner,na,admin,1,0,0,0,0,0,0
204302,20-03-2026,train,starways industries- chakan,pune,sitarganj,starways industries- chakan,starways industries (si),20-bag,0,370,auto parts ,owner,na,admin,1,0,0,0,0,0,0
204303,21-03-2026,air,reutter innovative closure technologies (p) ltd,chennai,pithampur,reutter innovative closure technologies (p) ltd,bapl rototech pvt. ltd.,6,0,150,auto part,owner,,admin,1,0,0,0,0,0,0
204304,21-03-2026,air,starways precisions pvt. ltd. ,pune,sitarganj,starways precisions pvt. ltd. ,starways industries (si),1-bag,0,50,auto parts ,owner,na,admin,1,0,0,0,0,0,0
204305,21-03-2026,train,starways precisions pvt. ltd. ,pune,sitarganj,starways precisions pvt. ltd. ,starways industries (si),14,0,330,auto parts ,owner,na,admin,1,0,0,0,0,0,0
204306,21-03-2026,train,starways industries- chakan,pune,sitarganj,starways industries- chakan,starways industries (si),20-bag,0,370,auto parts ,owner,na,admin,1,0,0,0,0,0,0
204307,21-03-2026,train,starways industries- chakan,sitarganj,aurangabad,starways industries (si),starways engineers pvt. ltd.,06  bag,0,150,auto part,owner,,admin,1,0,0,0,0,0,0
204308,22-03-2026,train,starways industries- chakan,pune,sitarganj,starways industries- chakan,starways industries (si),22-bag,0,385,auto parts ,owner,na,admin,1,0,0,0,0,0,0
204309,23-03-2026,air,shreya industries - pnq,pune,pantnagar,shreya industries - pnq,shreya industries- pnt,20-box,0,800,auto parts ,owner,na,admin,1,0,0,0,0,0,0
204310,23-03-2026,air,shreya industries - pnq,pune,pantnagar,shreya industries - pnq,shreya industries- pnt,16-box ,0,640,auto parts ,owner,na,admin,1,0,0,0,0,0,0
204311,23-03-2026,air,starways precisions pvt. ltd. ,pune,sitarganj,starways precisions pvt. ltd. ,starways industries (si),1-bag,0,50,auto parts ,owner,na,admin,1,0,0,0,0,0,0
204312,23-03-2026,air,u. s. auto controls pvt ltd ,pune,pantnagar,u. s. auto controls pvt ltd ,harihareshwar auot tech private limited,11-bag,0,205,auto parts ,owner,na,admin,1,0,0,0,0,0,0
204313,23-03-2026,train,starways industries- chakan,pune,sitarganj,starways industries- chakan,starways industries (si),22-bag,0,385,auto parts ,owner,na,admin,1,0,0,0,0,0,0
204314,24-03-2026,air,starways industries- chakan,pune,sitarganj,starways industries- chakan,starways industries (si),1-bag,0,50,auto parts ,owner,na,admin,1,0,0,0,0,0,0
204315,24-03-2026,train,starways industries- chakan,pune,sitarganj,starways industries- chakan,starways industries (si),15-bag,0,230,auto parts ,owner,na,admin,1,0,0,0,0,0,0
204316,24-03-2026,train,starways precisions pvt. ltd. ,pune,sitarganj,starways precisions pvt. ltd. ,starways industries (si),18,0,360,auto parts ,owner,na,admin,1,0,0,0,0,0,0
204317,24-03-2026,train,starways industries- chakan,pune,sitarganj,starways industries- chakan,starways industries (si),22-bag,0,385,auto parts ,owner,na,admin,1,0,0,0,0,0,0
204318,24-03-2026,air,reutter innovative closure technologies (p) ltd,chennai,pune,reutter innovative closure technologies (p) ltd,dali samir engg.pvt ltd-pune,7-box ,0,190,auto parts ,owner,na,admin,1,0,0,0,0,0,0
204319,25-03-2026,air,shreya industries - pnq,pune,pantnagar,shreya industries - pnq,shreya industries- pnt,20-box ,0,800,auto parts ,owner,na,sunil,1,0,0,0,0,0,0
204320,25-03-2026,air,shreya industries - pnq,pune,pantnagar,shreya industries - pnq,shreya industries- pnt,16-box,0,640,auto parts ,owner,na,sunil,1,0,0,0,0,0,0
204321,25-03-2026,train,starways precisions pvt. ltd. ,pune,sitarganj,starways precisions pvt. ltd. ,starways industries (si),3-bag,0,100,auto parts ,owner,na,admin,1,0,0,0,0,0,0
204322,25-03-2026,train,starways industries- chakan,pune,sitarganj,starways industries- chakan,starways industries (si),22-bag ,0,385,auto parts ,owner,na,admin,1,0,0,0,0,0,0
204323,25-03-2026,air,u. s. auto controls pvt ltd ,pune,pantnagar,u. s. auto controls pvt ltd ,harihareshwar auot tech private limited,7-bag,0,145,auto parts ,owner,na,admin,1,0,0,0,0,0,0
204324,25-03-2026,air,starways precisions pvt. ltd. ,aurangabad,sitarganj,starways precisions pvt. ltd. ,starways industries (si),1-bag,0,50,auto parts ,owner,na,admin,1,0,0,0,0,0,0
204325,25-03-2026,air,reutter innovative closure technologies (p) ltd,chennai,pune,reutter innovative closure technologies (p) ltd,dali samir engg.pvt ltd-pune,6-box ,0,160,auto parts ,owner,na,admin,1,0,0,0,0,0,0
204326,26-03-2026,air,starways industries- chakan,pune,sitarganj,starways industries- chakan,starways industries (si),1-bag,0,50,auto parts ,owner,na,admin,1,0,0,0,0,0,0
204327,26-03-2026,train,starways industries- chakan,pune,sitarganj,starways industries- chakan,starways industries (si),25-bag,0,440,auto parts ,owner,na,admin,1,0,0,0,0,0,0
204328,26-03-2026,air,starways precisions pvt. ltd. ,pune,sitarganj,starways precisions pvt. ltd. ,starways industries (si),1-bag,0,50,auto parts ,owner,na,admin,1,0,0,0,0,0,0
204329,26-03-2026,air,u. s. auto controls pvt ltd ,pune,pantnagar,u. s. auto controls pvt ltd ,harihareshwar auot tech private limited,4-bag,0,50,auto parts ,owner,na,admin,1,0,0,0,0,0,0
204409,26-03-2026,air,reutter innovative closure technologies (p) ltd,chennai,noida,reutter innovative closure technologies (p) ltd,simplast india private limited,1,0,50,auto parts,client,,admin,1,0,0,0,0,0,0
204330,27-03-2026,road,shreya industries - pnq,pune,pantnagar,shreya industries - pnq,shreya industries- pnt,30-box ,0,30,auto parts ,owner,na,admin,1,0,0,0,0,0,0
204331,27-03-2026,air,shreya industries - pnq,pune,pantnagar,shreya industries - pnq,shreya industries- pnt,23-box,0,920,auto parts ,owner,na,sunil,1,0,0,0,0,0,0
204332,27-03-2026,road express,himalayan auto era pvt ltd,pune,pantnagar,fractmet engineering llp,himalayan auto era pvt ltd,12-bag,0,320,auto parts ,owner,na,admin,1,0,0,0,0,0,0
204333,27-03-2026,road,cj darcl logistics limited,delhi,pantnagar,cj darcl logistics limited,cj darcl logistics limited,3,0,0,auto part,owner,5000,sunil,1,0,0,0,0,0,0
204334,27-03-2026,air,badve autocomps pvt ltd-ii,pantnagar,pune,belrise industries ltd unit -ix,badve autocomps pvt ltd-ii,4 box,0,0,auto parts,owner,123*41*26 cms,admin,0,0,0,0,0,0,0
204335,27-03-2026,air,u. s. auto controls pvt ltd ,pune,pantnagar,u. s. auto controls pvt ltd ,harihareshwar auot tech private limited,3-bag,0,50,auto parts ,client,na,admin,1,0,0,0,0,0,0
204336,27-03-2026,train,starways industries- chakan,pune,sitarganj,starways industries- chakan,starways industries (si),22-bag,0,385,auto parts ,client,na,admin,1,0,0,0,0,0,0
204337,28-03-2026,air,starways precisions pvt. ltd. ,pune,sitarganj,starways precisions pvt. ltd. ,starways industries (si),2-bag,0,50,auto parts ,client,na,admin,1,0,0,0,0,0,0
204338,28-03-2026,train,starways precisions pvt. ltd. ,pune,sitarganj,starways precisions pvt. ltd. ,starways industries (si),16-bag,0,260,auto parts ,client,na,admin,1,0,0,0,0,0,0
204339,28-03-2026,air,u. s. auto controls pvt ltd ,pune,pantnagar,u. s. auto controls pvt ltd ,harihareshwar auot tech private limited,3-bag,0,75,auto parts ,client,na,admin,1,0,0,0,0,0,0
204340,29-03-2026,road,shreya industries - pnq,pune,pantnagar,shreya industries - pnq,shreya industries- pnt,20-box ,0,20,auto parts ,client,na,admin,1,0,0,0,0,0,0
204341,29-03-2026,road,shreya industries - pnq,pune,pantnagar,shreya industries - pnq,shreya industries- pnt,16-box ,0,16,auto parts ,client,na,admin,1,0,0,0,0,0,0
204342,29-03-2026,train,starways industries- chakan,pune,sitarganj,starways industries- chakan,starways industries (si),22-bag,0,385,auto parts ,client,na,admin,1,0,0,0,0,0,0
204343,28-03-2026,train,asha industries,aurangabad,pantnagar,asha industries,belrise industries ltd unit -ix,2-bag,0,100,auto parts ,client,na,admin,1,0,0,0,0,0,0
204344,29-03-2026,air,reutter innovative closure technologies (p) ltd,chennai,pune,reutter innovative closure technologies (p) ltd,dali samir engg.pvt ltd-pune,12,0,320,auto parts,client,,admin,1,0,0,0,0,0,0
204345,29-03-2026,air,u. s. auto controls pvt ltd ,pune,pantnagar,u. s. auto controls pvt ltd ,harihareshwar auot tech private limited,3-bag,0,60,auto parts ,client,na,admin,1,0,0,0,0,0,0
204346,30-03-2026,road,shreya industries - pnq,pune,pantnagar,shreya industries - pnq,shreya industries- pnt,20-box ,0,20,auto parts ,client,na,admin,1,0,0,0,0,0,0
204347,30-03-2026,road,shreya industries - pnq,pune,pantnagar,shreya industries - pnq,shreya industries- pnt,16-box ,0,16,auto parts ,client,na,admin,1,0,0,0,0,0,0
204348,29-03-2026,train,starways industries- chakan,pune,sitarganj,starways industries- chakan,starways industries (si),20-bag,0,370,auto parts ,client,na,admin,1,0,0,0,0,0,0
204349,30-03-2026,air,reutter innovative closure technologies (p) ltd,chennai,pune,reutter innovative closure technologies (p) ltd,dali samir engg.pvt ltd-pune,10,0,250,auto parts,client,,admin,1,0,0,0,0,0,0
204350,30-03-2026,air,starways industries- chakan,pune,sitarganj,starways industries- chakan,starways industries (si),5-bag ,0,85,auto parts ,client,na,admin,1,0,0,0,0,0,0
204351,30-03-2026,air,starways precisions pvt. ltd. ,pune,sitarganj,starways precisions pvt. ltd. ,starways industries (si),1-bag,0,50,auto parts ,client,na,admin,1,0,0,0,0,0,0
204352,30-03-2026,air,u. s. auto controls pvt ltd ,pune,pantnagar,u. s. auto controls pvt ltd ,harihareshwar auot tech private limited,3-bag ,0,65,auto parts ,client,na,admin,1,0,0,0,0,0,0
204353,30-03-2026,train,starways precisions pvt. ltd. ,pune,sitarganj,starways precisions pvt. ltd. ,starways industries (si),8-bag,0,230,auto parts ,client,na,admin,1,0,0,0,0,0,0
204354,30-03-2026,train,starways industries- chakan,pune,sitarganj,starways industries- chakan,starways industries (si),20-bag,0,370,auto parts ,client,na,admin,1,0,0,0,0,0,0
204355,30-03-2026,air,reutter innovative closure technologies (p) ltd,chennai,pune,reutter innovative closure technologies (p) ltd,dali samir engg.pvt ltd-pune,9-box,0,240,auto parts ,client,na,admin,1,0,0,0,0,0,0
204356,31-03-2026,road,cj darcl logistics limited,delhi,pantnagar,cj darcl logistics limited,cj darcl logistics limited,4,0,0,auto part,client,,sunil,1,0,0,0,0,0,0
204357,25-03-2026,road,cj darcl logistics limited,pantnagar,delhi,cj darcl logistics limited,cj darcl logistics limited,30,0,0,auto part,client,spl,sunil,1,0,0,0,0,0,0
204358,31-03-2026,train,belrise industries ltd unit -ix,pune,pantnagar,badve autocomps pvt ltd-ii,belrise industries ltd unit -ix,143-bag,0,1645,auto parts ,client,na,admin,1,0,0,0,0,0,0
204359,31-03-2026,air,starways industries- chakan,pune,sitarganj,starways industries- chakan,starways industries (si),1-bag,0,50,auto ,client,na,admin,1,0,0,0,0,0,0
204360,31-03-2026,air,starways precisions pvt. ltd. ,pune,sitarganj,starways precisions pvt. ltd. ,starways industries (si),1-bag,0,50,auto parts ,client,na,admin,1,0,0,0,0,0,0
204361,31-03-2026,train,panorama automotive ind. pvt. ltd.,pune,pantnagar,shree kapur industries ,panorama automotive ind. pvt. ltd.,4-bag ,0,80,auto parts ,client,na,admin,1,0,0,0,0,0,0
204362,31-03-2026,train,precifast private limited,pune,pantnagar,precifast private limited,uno minda limited,30-box,0,360,auto parts ,client,na,sunil,1,0,0,0,0,0,0
204363,31-03-2026,train,starways industries- chakan,pune,sitarganj,starways industries- chakan,starways industries (si),15-bag,0,270,auto parts ,client,na,admin,1,0,0,0,0,0,0
204364,01-04-2026,road,shreya industries - pnq,pune,pantnagar,shreya industries - pnq,shreya industries- pnt,20-box,0,20,auto parts ,client,na,sanjit,1,0,0,0,0,0,0
204365,01-04-2026,road,shreya industries - pnq,pune,pantnagar,shreya industries - pnq,shreya industries- pnt,16-box ,0,16,auto parts ,client,na,sanjit,1,0,0,0,0,0,0
204366,01-04-2026,air,himalayan auto era pvt ltd,pune,pantnagar,venkatesh automobile pvt ltd,himalayan auto era pvt ltd,12,0,290,auto parts ,client,na,admin,1,0,0,0,0,0,0
204367,01-04-2026,road,smart cargo traders,delhi-airport,rudrapur,smart cargo traders,smart cargo traders,6,92,100,auto parts,client,,admin,0,0,0,0,0,0,0
204368,01-04-2026,road,smart cargo traders,delhi-station,rudrapur,xpert logistics,xpert logistics,14,216,220,auto parts,client,,admin,0,0,0,0,0,0,0
204369,01-04-2026,road,sky 4 pune,delhi-station,pantnagar,sky 4 pune,sky 4 pantnagar,1,24,200,auto parts,client,,admin,1,2500,0,0,0,0,0
204370,01-04-2026,air,u. s. auto controls pvt ltd ,pune,pantnagar,u. s. auto controls pvt ltd ,harihareshwar auot tech private limited,7-bag ,0,140,auto parts ,client,na,admin,1,0,0,0,0,0,0
204371,02-04-2026,air,starways precisions pvt. ltd. ,pune,sitarganj,starways precisions pvt. ltd. ,starways industries (si),2-bag,0,50,auto parts ,client,na,sanjit,1,0,0,0,0,0,0
204372,02-04-2026,train,himalayan auto era pvt ltd,pune,pantnagar,venkatesh automobile pvt ltd,himalayan auto era pvt ltd,16,0,385,auto parts ,client,na,admin,1,0,0,0,0,0,0
204373,02-04-2026,road,shreya industries - pnq,pune,pantnagar,shreya industries - pnq,shreya industries- pnt,20-box ,0,20,auto parts ,client,na,sanjit,1,0,0,0,0,0,0
204374,02-04-2026,road,shreya industries - pnq,pune,pantnagar,shreya industries - pnq,shreya industries- pnt,16-box ,0,16,auto parts ,client,na,sanjit,1,0,0,0,0,0,0
204375,02-04-2026,train,starways precisions pvt. ltd. ,pune,sitarganj,starways precisions pvt. ltd. ,starways industries (si),4-bag,0,100,auto parts ,client,na,sanjit,1,0,0,0,0,0,0
202780,16-04-2025,road,sky 4 pune,delhi-airport,pantnagar,sky 4 pune,sky 4 pantnagar,3,0,0,auto parts ,client,na,sanjit,1,0,0,0,0,0,0
202911,20-04-2025,road,sky 4 pune,delhi-airport,pantnagar,sky 4 pune,sky 4 pantnagar,4,0,0,auto parts ,client,na,sanjit,1,0,0,0,0,0,0
202917,24-04-2025,road,sky 4 pune,delhi-airport,pantnagar,sky 4 pune,sky 4 pantnagar,5,0,0,auto parts ,client,na,sanjit,1,0,0,0,0,0,0
202912,07-05-2025,road,sky 4 pune,delhi-airport,pantnagar,sky 4 pune,sky 4 pantnagar,7,0,0,auto parts ,client,na,sanjit,1,0,0,0,0,0,0
202913,09-05-2025,road,sky 4 pune,delhi-airport,pantnagar,sky 4 pune,sky 4 pantnagar,5,0,0,auto parts ,client,na,sanjit,1,0,0,0,0,0,0
202915,12-05-2025,road,sky 4 pune,delhi-station,pantnagar,sky 4 pune,sky 4 pantnagar,5,0,0,auto parts ,client,na,sanjit,1,0,0,0,0,0,0
202914,12-05-2025,road,sky 4 pune,delhi-station,pantnagar,sky 4 pune,sky 4 pantnagar,4,0,0,auto parts ,client,na,sanjit,1,0,0,0,0,0,0
202916,13-05-2025,road,sky 4 pune,delhi-airport,pantnagar,sky 4 pune,sky 4 pantnagar,1,0,0,auto parts ,client,na,sanjit,1,0,0,0,0,0,0
202919,16-05-2025,road,sky 4 pune,delhi-airport,pantnagar,sky 4 pune,sky 4 pantnagar,5,0,0,auto parts ,client,na,sanjit,1,0,0,0,0,0,0
202933,18-05-2025,road,sky 4 pune,delhi-airport,pantnagar,sky 4 pune,sky 4 pantnagar,7,0,0,auto parts ,client,na,sanjit,1,0,0,0,0,0,0
202962,22-05-2025,road,sky 4 pune,delhi-airport,pantnagar,sky 4 pune,sky 4 pantnagar,4,0,0,auto parts ,client,na,sanjit,1,0,0,0,0,0,0
202963,23-05-2025,road,sky 4 pune,delhi-airport,pantnagar,sky 4 pune,sky 4 pantnagar,3,0,0,auto parts ,client,na,sanjit,1,0,0,0,0,0,0
202977,26-05-2025,road,sky 4 pune,delhi-airport,pantnagar,sky 4 pune,sky 4 pantnagar,6,0,0,auto parts ,client,na,sanjit,1,0,0,0,0,0,0
203000,31-05-2025,road,sky 4 pune,delhi-airport,pantnagar,sky 4 pune,sky 4 pantnagar,1,0,0,auto parts ,client,na,sanjit,1,0,0,0,0,0,0
203016,05-06-2025,road,sky 4 pune,delhi-airport,pantnagar,sky 4 pune,sky 4 pantnagar,1,0,0,auto parts ,client,na,sanjit,1,0,0,0,0,0,0
203052,07-06-2025,road,sky 4 pune,delhi-airport,pantnagar,sky 4 pune,sky 4 pantnagar,1,0,0,auto parts ,client,na,sanjit,1,0,0,0,0,0,0
203056,14-06-2025,road,sky 4 pune,delhi-station,pantnagar,sky 4 pune,sky 4 pantnagar,3,0,0,auto parts ,client,na,sanjit,1,0,0,0,0,0,0
203168,09-07-2025,road,sky 4 pune,delhi-airport,pantnagar,sky 4 pune,sky 4 pantnagar,1,0,0,auto parts ,client,na,sanjit,1,0,0,0,0,0,0
203199,14-07-2025,road,sky 4 pune,delhi-airport,pantnagar,sky 4 pune,sky 4 pantnagar,1,0,0,auto parts ,client,na,sanjit,1,0,0,0,0,0,0
203344,06-08-2025,road,sky 4 pune,delhi-airport,pantnagar,sky 4 pune,sky 4 pantnagar,2,0,0,auto parts ,client,na,sanjit,1,0,0,0,0,0,0
203489,01-09-2025,road,sky 4 pune,delhi-station,pantnagar,sky 4 pune,sky 4 pantnagar,1,0,0,auto parts ,client,na,sanjit,1,0,0,0,0,0,0
203497,02-09-2025,road,sky 4 pune,delhi-station,pantnagar,sky 4 pune,sky 4 pantnagar,2,0,0,auto parts ,client,na,sanjit,1,0,0,0,0,0,0
203512,04-09-2025,road,sky 4 pune,delhi-station,pantnagar,sky 4 pune,sky 4 pantnagar,2,0,0,auto parts ,client,na,sanjit,1,0,0,0,0,0,0
203513,04-09-2025,road,sky 4 pune,delhi-station,pantnagar,sky 4 pune,sky 4 pantnagar,2,0,0,auto parts ,client,na,sanjit,1,0,0,0,0,0,0
203525,07-09-2025,road,sky 4 pune,delhi-airport,pantnagar,sky 4 pune,sky 4 pantnagar,2,0,0,auto parts ,client,na,sanjit,1,0,0,0,0,0,0
203524,08-09-2025,road,sky 4 pune,delhi-station,pantnagar,sky 4 pune,sky 4 pantnagar,2,0,0,auto parts ,client,na,sanjit,1,0,0,0,0,0,0
203523,08-09-2025,road,sky 4 pune,delhi-station,pantnagar,sky 4 pune,sky 4 pantnagar,1,0,0,auto parts ,client,na,sanjit,1,0,0,0,0,0,0
203859,09-09-2025,road,sky 4 pune,pantnagar,delhi-airport,sky 4 pantnagar,sky 4 pune,1,0,0,auto parts ,client,na,admin,1,0,0,0,0,0,0
203636,26-09-2025,road,sky 4 pune,delhi-airport,pantnagar,sky 4 pune,sky 4 pantnagar,3,0,0,auto parts ,client,na,sanjit,1,0,0,0,0,0,0
203635,26-09-2025,road,sky 4 pune,delhi-airport,pantnagar,sky 4 pune,sky 4 pantnagar,2,0,0,auto parts ,client,na,sanjit,1,0,0,0,0,0,0
203705,11-10-2025,road,sky 4 pune,delhi-station,pantnagar,sky 4 pune,sky 4 pantnagar,3,0,0,auto parts ,client,na,sanjit,1,0,0,0,0,0,0
203711,13-10-2025,road,sky 4 pune,delhi-station,pantnagar,sky 4 pune,sky 4 pantnagar,5,0,0,auto parts ,client,na,sanjit,1,0,0,0,0,0,0
203721,13-10-2025,road,sky 4 pune,delhi-station,pantnagar,sky 4 pune,sky 4 pantnagar,2,0,0,auto parts ,client,na,sanjit,1,0,0,0,0,0,0
203731,16-10-2025,road,sky 4 pune,delhi-airport,pantnagar,sky 4 pune,sky 4 pantnagar,10,0,0,auto parts ,client,na,sanjit,1,0,0,0,0,0,0
203756,27-10-2025,road,sky 4 pune,delhi-airport,pantnagar,sky 4 pune,sky 4 pantnagar,3,0,0,auto parts ,client,na,sanjit,1,0,0,0,0,0,0
203755,27-10-2025,road,sky 4 pune,delhi-airport,pantnagar,sky 4 pune,sky 4 pantnagar,2,0,0,auto parts ,client,na,sanjit,1,0,0,0,0,0,0
203763,29-10-2025,road,sky 4 pune,delhi-station,pantnagar,sky 4 pune,sky 4 pantnagar,8,0,0,auto parts ,client,na,sanjit,1,0,0,0,0,0,0
203862,20-11-2025,road,sky 4 pune,delhi-airport,pantnagar,sky 4 pune,sky 4 pantnagar,10,0,0,auto parts ,client,na,sanjit,1,0,0,0,0,0,0
203913,22-11-2025,road,sky 4 pune,delhi-airport,pantnagar,sky 4 pune,sky 4 pantnagar,4 c/b,0,0,auto parts ,client,na,sanjit,1,0,0,0,0,0,0
203914,22-11-2025,road,sky 4 pune,delhi-airport,pantnagar,sky 4 pune,sky 4 pantnagar,7 c/b,0,0,auto parts ,client,na,sanjit,1,0,0,0,0,0,0
203389,13-08-2025,road,sky 4 pune,pantnagar,pantnagar,sky 4 pune,sky 4 pantnagar,4,0,0,auto parts ,client,na,sanjit,1,0,0,0,0,0,0
203390,13-08-2025,road,sky 4 pune,pantnagar,pantnagar,sky 4 pune,sky 4 pantnagar,1,0,0,auto parts ,client,na,sanjit,1,0,0,0,0,0,0
203561,12-09-2025,road,sky 4 pune,pantnagar,pantnagar,sky 4 pune,sky 4 pantnagar,1,0,0,auto parts ,client,na,sanjit,1,0,0,0,0,0,0
203560,12-09-2025,road,sky 4 pune,pantnagar,pantnagar,sky 4 pune,sky 4 pantnagar,3,0,0,auto parts ,client,na,sanjit,1,0,0,0,0,0,0
203569,13-09-2025,road,sky 4 pune,pantnagar,pantnagar,sky 4 pune,sky 4 pantnagar,4,0,0,auto parts ,client,na,sanjit,1,0,0,0,0,0,0
203634,26-09-2025,road,sky 4 pune,pantnagar,pantnagar,sky 4 pune,sky 4 pantnagar,2,0,0,auto parts ,client,na,sanjit,1,0,0,0,0,0,0
203633,26-09-2025,road,sky 4 pune,pantnagar,pantnagar,sky 4 pune,sky 4 pantnagar,4,0,0,auto parts ,client,na,sanjit,1,0,0,0,0,0,0
203659,01-10-2025,road,sky 4 pune,pantnagar,pantnagar,sky 4 pune,sky 4 pantnagar,7,0,0,auto parts ,client,na,sanjit,1,0,0,0,0,0,0
203679,06-10-2025,road,sky 4 pune,pantnagar,pantnagar,sky 4 pune,sky 4 pantnagar,1,0,0,auto parts ,client,na,sanjit,1,0,0,0,0,0,0
203678,06-10-2025,road,sky 4 pune,pantnagar,pantnagar,sky 4 pune,sky 4 pantnagar,1,0,0,auto parts ,client,na,sanjit,1,0,0,0,0,0,0
203677,06-10-2025,road,sky 4 pune,pantnagar,pantnagar,sky 4 pune,sky 4 pantnagar,1,0,0,auto parts ,client,na,sanjit,1,0,0,0,0,0,0
203676,06-10-2025,road,sky 4 pune,pantnagar,pantnagar,sky 4 pune,sky 4 pantnagar,5,0,0,auto parts ,client,na,sanjit,1,0,0,0,0,0,0
203703,10-10-2025,road,sky 4 pune,pantnagar,pantnagar,sky 4 pune,sky 4 pantnagar,3,0,0,auto parts ,client,na,sanjit,1,0,0,0,0,0,0
203747,25-10-2025,road,sky 4 pune,pantnagar,pantnagar,sky 4 pune,sky 4 pantnagar,3,0,0,auto parts ,client,na,sanjit,1,0,0,0,0,0,0
203746,25-10-2025,road,sky 4 pune,pantnagar,pantnagar,sky 4 pune,sky 4 pantnagar,3,0,0,auto parts ,client,na,sanjit,1,0,0,0,0,0,0
203785,03-11-2025,road,sky 4 pune,pantnagar,pantnagar,sky 4 pune,sky 4 pantnagar,1,0,0,auto parts ,client,na,sanjit,1,0,0,0,0,0,0
203879,24-11-2025,road,sky 4 pune,pantnagar,pantnagar,sky 4 pune,sky 4 pantnagar,2,0,0,auto parts ,client,na,sanjit,1,0,0,0,0,0,0
203880,24-11-2025,road,sky 4 pune,pantnagar,pantnagar,sky 4 pune,sky 4 pantnagar,4,0,0,auto parts ,client,na,sanjit,1,0,0,0,0,0,0
203881,24-11-2025,road,sky 4 pune,pantnagar,pantnagar,sky 4 pune,sky 4 pantnagar,8,0,0,auto parts ,client,na,sanjit,1,0,0,0,0,0,0
203882,24-11-2025,road,sky 4 pune,pantnagar,pantnagar,sky 4 pune,sky 4 pantnagar,2,0,0,auto parts ,client,na,sanjit,1,0,0,0,0,0,0
203883,24-11-2025,road,sky 4 pune,pantnagar,pantnagar,sky 4 pune,sky 4 pantnagar,3,0,0,auto parts ,client,na,sanjit,1,0,0,0,0,0,0
203888,21-11-2025,road,sky 4 pune,pantnagar,pantnagar,sky 4 pune,sky 4 pantnagar,5,0,0,auto parts ,client,na,sanjit,1,0,0,0,0,0,0
203904,29-11-2025,road,sky 4 pune,pantnagar,pantnagar,sky 4 pune,sky 4 pantnagar,7,0,0,auto parts ,client,na,sanjit,1,0,0,0,0,0,0
203917,02-12-2025,road,sky 4 pune,pantnagar,pantnagar,sky 4 pune,sky 4 pantnagar,4,0,0,auto parts ,client,na,sanjit,1,0,0,0,0,0,0
203918,02-12-2025,road,sky 4 pune,pantnagar,pantnagar,sky 4 pune,sky 4 pantnagar,4,0,0,auto parts ,client,na,sanjit,1,0,0,0,0,0,0
203919,02-12-2025,road,sky 4 pune,pantnagar,pantnagar,sky 4 pune,sky 4 pantnagar,1,0,0,auto parts ,client,na,sanjit,1,0,0,0,0,0,0
203925,05-12-2025,road,sky 4 pune,pantnagar,pantnagar,sky 4 pune,sky 4 pantnagar,3,0,0,auto parts ,client,na,sanjit,1,0,0,0,0,0,0
203931,06-12-2025,road,sky 4 pune,pantnagar,pantnagar,sky 4 pune,sky 4 pantnagar,1,0,0,auto parts ,client,na,sanjit,1,0,0,0,0,0,0
203932,06-12-2025,road,sky 4 pune,pantnagar,pantnagar,sky 4 pune,sky 4 pantnagar,1,0,0,auto parts ,client,na,sanjit,1,0,0,0,0,0,0
203933,06-12-2025,road,sky 4 pune,pantnagar,pantnagar,sky 4 pune,sky 4 pantnagar,2,0,0,auto parts ,client,na,sanjit,1,0,0,0,0,0,0
203934,06-12-2025,road,sky 4 pune,pantnagar,pantnagar,sky 4 pune,sky 4 pantnagar,1,0,0,auto parts ,client,na,sanjit,1,0,0,0,0,0,0
203947,13-12-2025,road,sky 4 pune,pantnagar,pantnagar,sky 4 pune,sky 4 pantnagar,12,0,0,auto parts ,client,na,sanjit,1,0,0,0,0,0,0
204376,03-04-2026,road,shreya industries - pnq,pune,pantnagar,shreya industries - pnq,shreya industries- pnt,20-box,0,20,auto parts ,client,na,sanjit,1,0,0,0,0,0,0
204377,03-04-2026,road,shreya industries - pnq,pune,pantnagar,shreya industries - pnq,shreya industries- pnt,16-box ,0,16,auto parts ,client,na,sanjit,1,0,0,0,0,0,0
204378,03-04-2026,road,cj darcl logistics limited,delhi,pantnagar,cj darcl logistics limited,cj darcl logistics limited,3,0,0,auto part,client,,sunil,1,0,0,0,0,0,0
204379,03-04-2026,air,starways industries- chakan,pune,sitarganj,starways industries- chakan,starways industries (si),20-bag ,0,385,auto parts ,client,na,admin,1,0,0,0,0,0,0
204380,03-04-2026,air,starways industries- chakan,pune,sitarganj,starways precisions pvt. ltd. ,starways industries (si),1-bag,0,50,auto parts ,client,na,admin,1,0,0,0,0,0,0
204381,03-04-2026,train,starways precisions pvt. ltd. ,pune,sitarganj,starways precisions pvt. ltd. ,starways industries (si),2-bag,0,100,auto parts ,client,na,sanjit,1,0,0,0,0,0,0
204382,03-04-2026,air,u. s. auto controls pvt ltd ,pune,pantnagar,u. s. auto controls pvt ltd ,harihareshwar auot tech private limited,5-bag ,0,100,auto parts ,client,na,admin,1,0,0,0,0,0,0
204383,31-03-2026,train,precifast private limited,pune,pantnagar,precifast private limited,bajaj auto ltd,10,0,120,auto part,client,,sunil,1,0,0,0,0,0,0
204384,04-04-2026,train,starways industries- chakan,pune,sitarganj,starways industries- chakan,starways industries (si),20-bag,0,385,auto parts ,client,na,admin,1,0,0,0,0,0,0
204385,04-04-2026,road,sky 4 pune,delhi-station,pantnagar,sky 4 pune,sky 4 pantnagar,2,0,0,auto part,client,,admin,1,0,0,0,0,0,0
204386,04-04-2026,train,starways industries- chakan,pune,sitarganj,starways industries- chakan,starways industries (si),20-bag,0,385,auto parts ,client,na,admin,1,0,0,0,0,0,0
204387,04-04-2026,road,shreya industries - pnq,pune,pantnagar,shreya industries - pnq,shreya industries- pnt,20-box ,0,20,auto parts ,client,na,sanjit,1,0,0,0,0,0,0
204388,04-04-2026,road,shreya industries - pnq,pune,pantnagar,shreya industries - pnq,shreya industries- pnt,16-box,0,16,auto parts ,client,na,sanjit,1,0,0,0,0,0,0
204389,04-04-2026,air,starways precisions pvt. ltd. ,pune,sitarganj,starways precisions pvt. ltd. ,starways industries (si),1-bag,0,50,auto parts ,client,na,sanjit,1,0,0,0,0,0,0
204390,05-04-2026,air,starways precisions pvt. ltd. ,pune,sitarganj,starways precisions pvt. ltd. ,starways industries (si),1-bag,0,50,auto parts ,client,na,sanjit,1,0,0,0,0,0,0
204391,05-04-2026,train,starways precisions pvt. ltd. ,pune,sitarganj,starways precisions pvt. ltd. ,starways industries (si),14-bag,0,250,auto parts ,client,na,sanjit,1,0,0,0,0,0,0
204392,05-04-2026,air,u. s. auto controls pvt ltd ,pune,pantnagar,u. s. auto controls pvt ltd ,harihareshwar auot tech private limited,13-bag ,0,240,auto parts ,client,na,admin,1,0,0,0,0,0,0
204393,06-04-2026,road,sky 4 pune,delhi-station,pantnagar,sky 4 pune,sky 4 pantnagar,2,0,0,auto part,client,,admin,1,0,0,0,0,0,0
204394,05-04-2026,road,cj darcl logistics limited,delhi,pantnagar,cj darcl logistics limited,cj darcl logistics limited,5,0,0,auto part,client,,sunil,1,0,0,0,0,0,0
204395,06-04-2026,road,cj darcl logistics limited,delhi,pantnagar,cj darcl logistics limited,cj darcl logistics limited,4,0,0,auto part,client,,sunil,1,0,0,0,0,0,0
204396,06-04-2026,air,starways industries- chakan,pune,sitarganj,starways industries- chakan,starways industries (si),4,0,60,auto parts ,client,na,admin,1,0,0,0,0,0,0
204397,06-04-2026,train,dali samir engg.pvt ltd-pune,pune,pantnagar,sansa auto engineering company - pune,dali samir engg pvt ltd- ptn,6-box ,0,150,auto parts ,client,na,admin,1,0,0,0,0,0,0
204398,06-04-2026,road,shreya industries - pnq,pune,pantnagar,shreya industries - pnq,shreya industries- pnt,30-box ,0,30,auto parts ,client,na,sanjit,1,0,0,0,0,0,0
204399,06-04-2026,air,starways industries- chakan,pune,sitarganj,starways industries- chakan,starways industries (si),20-bag,0,365,auto parts ,client,na,admin,1,0,0,0,0,0,0
204400,06-04-2026,train,starways industries- chakan,pune,sitarganj,starways industries- chakan,starways industries (si),25-bag,0,440,auto parts ,client,na,admin,1,0,0,0,0,0,0
204401,07-04-2026,air,starways precisions pvt. ltd. ,aurangabad,sitarganj,starways precisions pvt. ltd. ,starways industries (si),1-bag ,0,50,auto parts ,client,na,sanjit,1,0,0,0,0,0,0
204402,07-04-2026,air,starways industries- chakan,pune,sitarganj,starways industries- chakan,starways industries (si),4-bag,0,65,auto parts ,client,na,admin,1,0,0,0,0,0,0
204403,07-04-2026,road,shreya industries - pnq,pune,pantnagar,shreya industries - pnq,shreya industries- pnt,30-box ,0,30,auto parts ,client,na,sanjit,1,0,0,0,0,0,0
204404,07-04-2026,train,starways precisions pvt. ltd. ,pune,sitarganj,starways precisions pvt. ltd. ,starways industries (si),3-bag,0,100,auto parts ,client,na,sanjit,1,0,0,0,0,0,0
204405,07-04-2026,air,u. s. auto controls pvt ltd ,pune,pantnagar,u. s. auto controls pvt ltd ,harihareshwar auot tech private limited,13-bag,0,240,auto parts ,client,na,admin,1,0,0,0,0,0,0
204406,07-04-2026,train,starways industries- chakan,pune,sitarganj,starways industries- chakan,starways industries (si),22-bag ,0,385,auto parts ,client,na,admin,1,0,0,0,0,0,0
204407,08-04-2026,train,precifast private limited,pune,pantnagar,precifast private limited,uno minda limited,10-box,0,120,auto parts ,client,na,admin,1,0,0,0,0,0,0
204408,07-04-2026,road,cj darcl logistics limited,pantnagar,delhi,cj darcl logistics limited,cj darcl logistics limited,2,0,0,auto part,client,spl,sunil,1,0,0,0,0,0,0
204410,08-04-2026,train,starways industries- chakan,pune,sitarganj,starways industries- chakan,starways industries (si),8-bag,0,125,auto parts ,client,na,admin,1,0,0,0,0,0,0
204411,08-04-2026,road,shreya industries - pnq,pune,pantnagar,shreya industries - pnq,shreya industries- pnt,30-box,0,30,auto parts ,client,na,sanjit,1,0,0,0,0,0,0
204412,08-04-2026,air,starways precisions pvt. ltd. ,pune,sitarganj,starways precisions pvt. ltd. ,starways industries (si),3-bag,0,80,auto parts ,client,na,sanjit,1,0,0,0,0,0,0
204413,08-04-2026,train,starways precisions pvt. ltd. ,pune,sitarganj,starways precisions pvt. ltd. ,starways industries (si),4-bag,0,135,auto parts ,client,na,sanjit,1,0,0,0,0,0,0
204414,30-10-2025,road,sky 4 pune,pantnagar,pune,sky 4 pantnagar,sky 4 pune,2,0,0,auto parts,,,admin,0,0,0,0,0,0,0
204415,08-04-2026,train,starways industries- chakan,pune,sitarganj,starways industries- chakan,starways industries (si),22-bag,0,385,auto parts ,client,na,admin,1,0,0,0,0,0,0
204416,08-04-2026,road,cj darcl logistics limited,delhi,pantnagar,lumax cornaglia auto technolo - pnq,lumax cornaglia auto tech- ptn,5,0,0,auto part,client,,sunil,1,0,0,0,0,0,0
204417,09-04-2026,train,belrise industries ltd unit -ix,pune,pantnagar,badve autocomps pvt ltd-ii,belrise industries ltd unit -ix,58-bag,0,715,auto parts ,client,na,admin,1,0,0,0,0,0,0
204418,08-04-2026,air,reutter innovative closure technologies (p) ltd,chennai,pithampur,reutter innovative closure technologies (p) ltd,bapl rototech pvt. ltd.,4,0,85,autoparts ,client,,admin,1,0,0,0,0,0,0
204419,08-04-2026,train,asha industries,aurangabad,pantnagar,asha industries,belrise industries ltd unit -ix,2-bag,0,100,auto parts ,client,na,admin,1,0,0,0,0,0,0
204420,09-04-2026,air,u. s. auto controls pvt ltd ,pune,pantnagar,u. s. auto controls pvt ltd ,harihareshwar auot tech private limited,9-bag,0,180,auto parts ,client,na,admin,1,0,0,0,0,0,0
204421,09-04-2026,train,shreya industries - pnq,rudrapur,pune,standard rubber products,shreya industries - pnq,12,0,216,auto part,client,,sunil,1,0,0,0,0,0,0
204422,09-04-2026,air,starways industries- chakan,pune,sitarganj,starways industries- chakan,starways industries (si),8-bag,0,195,auto parts ,client,na,admin,1,0,0,0,0,0,0
204423,09-04-2026,train,starways industries- chakan,pune,sitarganj,starways industries- chakan,starways industries (si),10-bag,0,290,auto parts ,client,na,admin,1,0,0,0,0,0,0
204424,09-04-2026,air,starways precisions pvt. ltd. ,aurangabad,sitarganj,starways precisions pvt. ltd. ,starways industries (si),2-bag,0,80,auto parts ,client,na,sanjit,1,0,0,0,0,0,0
204425,09-04-2026,air,reutter innovative closure technologies (p) ltd,chennai,noida,reutter innovative closure technologies (p) ltd,simplast india private limited,4,0,100,auto part,client,,admin,1,0,0,0,0,0,0
204426,10-04-2026,road,shreya industries - pnq,pune,pantnagar,shreya industries - pnq,shreya industries- pnt,30-box ,0,30,auto parts ,client,na,sanjit,1,0,0,0,0,0,0
204427,10-04-2026,road,cj darcl logistics limited,delhi,pantnagar,lumax cornaglia auto technolo - pnq,lumax cornaglia auto tech- ptn,5,0,0,auto part,client,,sunil,1,0,0,0,0,0,0
204517,23-04-2026,train,starways precisions pvt. ltd. ,pune,sitarganj,starways precisions pvt. ltd. ,starways industries (si),14-bag,0,400,auto parts ,client,na,sanjit,1,0,0,0,0,0,0
204429,10-04-2026,train,dali samir engg.pvt ltd-pune,pune,pantnagar,sansa auto engineering company - pune,dali samir engg pvt ltd- ptn,3-box ,0,100,auto parts ,client,na,admin,1,0,0,0,0,0,0
204430,10-04-2026,air,starways precisions pvt. ltd. ,pune,sitarganj,starways precisions pvt. ltd. ,starways industries (si),3-bag ,0,80,auto parts ,client,na ,sanjit,1,0,0,0,0,0,0
204431,10-04-2026,train,starways precisions pvt. ltd. ,pune,sitarganj,starways precisions pvt. ltd. ,starways industries (si),8,0,185,auto parts ,client,na,sanjit,1,0,0,0,0,0,0
204432,10-04-2026,train,starways industries- chakan,pune,sitarganj,starways industries- chakan,starways industries (si),22-bag ,0,385,auto parts ,client,na,admin,1,0,0,0,0,0,0
204433,11-04-2026,road,shreya industries - pnq,pune,pantnagar,shreya industries - pnq,shreya industries- pnt,30-box ,0,30,auto parts ,client,na,sanjit,1,0,0,0,0,0,0
204434,10-04-2026,air,starways precisions pvt. ltd. ,aurangabad,sitarganj,starways precisions pvt. ltd. ,starways industries (si),1-bag ,0,50,auto parts ,client,na,admin,1,0,0,0,0,0,0
204435,11-04-2026,train,starways industries- chakan,pune,sitarganj,starways industries- chakan,starways industries (si),39,0,1080,auto parts ,client,na,admin,1,0,0,0,0,0,0
204436,11-04-2026,road,u. s. auto controls pvt ltd ,pune,pantnagar,u. s. auto controls pvt ltd ,harihareshwar auot tech private limited,10-bag,0,255,auto parts ,client,na,admin,1,0,0,0,0,0,0
204437,11-04-2026,air,starways industries- chakan,pune,sitarganj,starways industries- chakan,starways industries (si),1-bag ,0,50,auto parts ,client,na ,admin,1,0,0,0,0,0,0
204438,11-04-2026,train,shreya industries - pnq,rudrapur,pune,standard rubber products,shreya industries - pnq,12,0,216,auto part,client,,sunil,1,0,0,0,0,0,0
204439,11-04-2026,air,u. s. auto controls pvt ltd ,pune,pantnagar,u. s. auto controls pvt ltd ,harihareshwar auot tech private limited,11-bag ,0,190,auto parts ,client,na,admin,1,0,0,0,0,0,0
204440,11-04-2026,train,starways industries- chakan,pune,sitarganj,starways industries- chakan,starways industries (si),22-bag ,0,385,auto parts ,client,na,admin,1,0,0,0,0,0,0
204441,12-04-2026,train,dali samir engg.pvt ltd-pune,pune,pantnagar,sansa auto engineering company - pune,dali samir engg pvt ltd- ptn,5-box,0,125,auto parts ,client,na,admin,1,0,0,0,0,0,0
204442,12-04-2026,train,starways industries- chakan,pune,sitarganj,starways industries- chakan,starways industries (si),22-bag,0,385,auto parts ,client,na,admin,1,0,0,0,0,0,0
204443,12-04-2026,air,himalayan auto era pvt ltd,pune,pantnagar,venkatesh automobile pvt ltd,himalayan auto era pvt ltd,10,0,360,auto parts ,client,na,admin,1,0,0,0,0,0,0
204444,13-04-2026,road,u. s. auto controls pvt ltd ,pune,pantnagar,u. s. auto controls pvt ltd ,harihareshwar auot tech private limited,11-bag,0,300,auto parts ,client,na,admin,1,0,0,0,0,0,0
204445,13-04-2026,road,u. s. auto controls pvt ltd ,pune,pantnagar,u. s. auto controls pvt ltd ,metalfabtech llp,4-bag,0,70,auto parts ,client,na,admin,1,0,0,0,0,0,0
204446,13-04-2026,air,starways industries- chakan,pune,sitarganj,starways industries- chakan,starways industries (si),6-bag,0,120,auto parts ,client,na,admin,1,0,0,0,0,0,0
204447,13-04-2026,road,sky 4 pune,delhi-station,pantnagar,thakur plastics -,roop polymers ltd. - pnt,4,0,0,auto part,client,,admin,1,0,0,0,0,0,0
204448,13-04-2026,road,cj darcl logistics limited,delhi,pantnagar,lumax cornaglia auto technolo - pnq,lumax cornaglia auto tech- ptn,3,0,0,auto part,client,,sunil,1,0,0,0,0,0,0
204449,13-04-2026,train,himalayan auto era pvt ltd,pune,pantnagar,venkatesh automobile pvt ltd,himalayan auto era pvt ltd,12,0,435,auto parts ,client,na,admin,1,0,0,0,0,0,0
204450,13-04-2026,air,starways precisions pvt. ltd. ,pune,sitarganj,starways precisions pvt. ltd. ,starways industries (si),13,0,495,auto parts ,client,na,sanjit,1,0,0,0,0,0,0
204451,13-04-2026,train,starways precisions pvt. ltd. ,pune,sitarganj,starways precisions pvt. ltd. ,starways industries (si),15-bag,0,390,auto parts ,client,na,sanjit,1,0,0,0,0,0,0
204452,13-04-2026,air,starways industries- chakan,pune,sitarganj,starways industries- chakan,starways industries (si),22-bag,0,385,auto parts ,client,na,admin,1,0,0,0,0,0,0
204453,14-04-2026,road,sky 4 pune,delhi-station,pantnagar,avlock international india pvt. ltd.,lumax auto technologies ltd.,50,0,0,auto part,client,,admin,1,0,0,0,0,0,0
204454,14-04-2026,road,u. s. auto controls pvt ltd ,pune,pantnagar,u. s. auto controls pvt ltd ,harihareshwar auot tech private limited,16-bag,0,420,auto parts ,client,na,admin,1,0,0,0,0,0,0
204455,14-04-2026,road,shreya industries - pnq,pune,pantnagar,shreya industries - pnq,shreya industries- pnt,20-box ,0,20,auto parts ,client,na,sanjit,1,0,0,0,0,0,0
204456,14-04-2026,road,shreya industries - pnq,pune,pantnagar,shreya industries - pnq,shreya industries- pnt,16-box ,0,16,auto parts ,client,na,admin,1,0,0,0,0,0,0
204457,14-04-2026,air,starways industries- chakan,pune,sitarganj,starways industries- chakan,starways industries (si),1-bag ,0,50,auto parts ,client,na,admin,1,0,0,0,0,0,0
204458,14-04-2026,air,u. s. auto controls pvt ltd ,pune,pantnagar,u. s. auto controls pvt ltd ,harihareshwar auot tech private limited,14-bag,0,280,auto parts ,client,na,admin,1,0,0,0,0,0,0
204459,14-04-2026,air,starways industries- chakan,pune,sitarganj,starways industries- chakan,starways industries (si),15-bag,0,250,auto parts ,client,na,admin,1,0,0,0,0,0,0
204460,15-04-2026,air,starways precisions pvt. ltd. ,pune,sitarganj,starways precisions pvt. ltd. ,starways industries (si),1-bag,0,50,auto parts ,client,na,sanjit,1,0,0,0,0,0,0
204461,15-04-2026,train,starways precisions pvt. ltd. ,pune,sitarganj,starways precisions pvt. ltd. ,starways industries (si),18-bag,0,670,auto parts ,client,na,sanjit,1,0,0,0,0,0,0
204462,11-04-2026,train,asha industries,aurangabad,pantnagar,asha industries,belrise industries ltd unit -ix,4-bag ,0,120,auto parts ,client,na,admin,1,0,0,0,0,0,0
204463,15-04-2026,air,starways industries- chakan,pune,sitarganj,starways industries- chakan,starways industries (si),12-bag,0,180,auto parts ,client,na,admin,1,0,0,0,0,0,0
204464,15-04-2026,train,starways industries- chakan,pune,sitarganj,starways industries- chakan,starways industries (si),3-bag,0,50,auto parts ,client,na,admin,1,0,0,0,0,0,0
204465,15-04-2026,air,starways precisions pvt. ltd. ,pune,sitarganj,starways precisions pvt. ltd. ,starways industries (si),1-bag,0,50,auto parts ,client,na,sanjit,1,0,0,0,0,0,0
204466,15-04-2026,road,u. s. auto controls pvt ltd ,pune,pantnagar,u. s. auto controls pvt ltd ,metalfabtech llp,4-bag ,0,70,auto parts ,client,na,admin,1,0,0,0,0,0,0
204467,15-04-2026,road,u. s. auto controls pvt ltd ,pune,pantnagar,u. s. auto controls pvt ltd ,harihareshwar auot tech private limited,12-bag ,0,305,auto parts ,client,na,admin,1,0,0,0,0,0,0
204468,15-04-2026,train,"belrise industries ltd,unit-7e",pune,pantnagar,kapse industries,"belrise industries ltd,unit-7e",1,0,100,auto parts ,client,na,admin,1,0,0,0,0,0,0
204469,15-04-2026,air,reutter innovative closure technologies (p) ltd,chennai,noida,reutter innovative closure technologies (p) ltd,shibata pneumatic industries,6,0,120,auto parts ,client,,admin,1,0,0,0,0,0,0
204470,16-04-2026,train,dali samir engg.pvt ltd-pune,pune,pantnagar,sansa auto engineering company - pune,dali samir engg pvt ltd- ptn,3-box ,0,100,auto parts ,client,na,admin,1,0,0,0,0,0,0
204471,16-04-2026,road,sky 4 pune,delhi-station,pantnagar,thakur plastics -,roop polymers limited,3,0,0,auto part,client,,admin,1,0,0,0,0,0,0
204472,16-04-2026,air,u. s. auto controls pvt ltd ,pune,pantnagar,u. s. auto controls pvt ltd ,harihareshwar auot tech private limited,4-bag,0,80,auto parts ,client,na,admin,1,0,0,0,0,0,0
204473,16-04-2026,road,u. s. auto controls pvt ltd ,pune,pantnagar,u. s. auto controls pvt ltd ,harihareshwar auot tech private limited,8-bag,0,250,auto parts ,client,na,admin,1,0,0,0,0,0,0
204474,16-04-2026,air,starways industries- chakan,pune,sitarganj,starways industries- chakan,starways industries (si),5-bag ,0,90,auto parts ,client,na,admin,1,0,0,0,0,0,0
204475,16-04-2026,train,starways industries- chakan,pune,sitarganj,starways industries- chakan,starways industries (si),10-bag ,0,380,auto parts ,client,na,admin,1,0,0,0,0,0,0
204476,16-04-2026,air,starways precisions pvt. ltd. ,pune,sitarganj,starways precisions pvt. ltd. ,starways industries (si),1-bag ,0,50,auto parts ,client,na,sanjit,1,0,0,0,0,0,0
204477,16-04-2026,train,starways precisions pvt. ltd. ,pune,sitarganj,starways precisions pvt. ltd. ,starways industries (si),11-bag,0,380,auto parts ,client,na,sanjit,1,0,0,0,0,0,0
204478,17-04-2026,road,shreya industries - pnq,pune,pantnagar,shreya industries - pnq,shreya industries- pnt,20-box ,0,20,auto parts ,client,na,admin,1,0,0,0,0,0,0
204479,17-04-2026,road,shreya industries - pnq,pune,pantnagar,shreya industries - pnq,shreya industries- pnt,16-box ,0,16,auto parts ,client,na,admin,1,0,0,0,0,0,0
204480,18-04-2026,road,shreya industries - pnq,pune,pantnagar,shreya industries - pnq,shreya industries- pnt,20-box ,0,20,auto parts ,client,na,admin,1,0,0,0,0,0,0
204481,18-04-2026,road,shreya industries - pnq,pune,pantnagar,shreya industries - pnq,shreya industries- pnt,16-box ,0,16,auto parts ,client,na,admin,1,0,0,0,0,0,0
204482,18-04-2026,train,starways precisions pvt. ltd. ,pune,sitarganj,starways precisions pvt. ltd. ,starways industries (si),2,0,100,auto parts ,client,na,sanjit,1,0,0,0,0,0,0
204483,18-04-2026,air,u. s. auto controls pvt ltd ,pune,pantnagar,u. s. auto controls pvt ltd ,harihareshwar auot tech private limited,10-bag,0,190,auto parts ,client,na,admin,1,0,0,0,0,0,0
204484,18-04-2026,road,u. s. auto controls pvt ltd ,pune,pantnagar,u. s. auto controls pvt ltd ,harihareshwar auot tech private limited,12-bag,0,310,auto parts ,,na,admin,1,0,0,0,0,0,0
204485,19-04-2026,air,starways precisions pvt. ltd. ,pune,sitarganj,starways precisions pvt. ltd. ,starways industries (si),2-bag ,0,60,auto parts ,client,na,sanjit,1,0,0,0,0,0,0
204486,19-04-2026,train,starways precisions pvt. ltd. ,pune,sitarganj,starways precisions pvt. ltd. ,starways industries (si),2-bag ,0,165,auto parts ,client,na,sanjit,1,0,0,0,0,0,0
204487,20-04-2026,road,u. s. auto controls pvt ltd ,pune,pantnagar,u. s. auto controls pvt ltd ,metalfabtech llp,4-bag,0,70,auto parts ,client,na,admin,1,0,0,0,0,0,0
204488,20-04-2026,road,u. s. auto controls pvt ltd ,pune,pantnagar,u. s. auto controls pvt ltd ,harihareshwar auot tech private limited,13-bag,0,355,auto parts ,client,na,admin,1,0,0,0,0,0,0
204489,20-04-2026,road,sky 4 pune,delhi-airport,pantnagar,sks fasteners ltd.,ashok leyland ltd,12,0,0,auto part,client,ashok leyland delivery,admin,1,0,0,0,0,0,0
204490,20-04-2026,train,precifast private limited,pune,pantnagar,precifast private limited,bajaj auto ltd,5-box ,0,100,auto parts ,client,na,admin,1,0,0,0,0,0,0
204491,20-04-2026,air,u. s. auto controls pvt ltd ,pune,pantnagar,u. s. auto controls pvt ltd ,harihareshwar auot tech private limited,3-bag,0,65,auto parts ,client,na,admin,1,0,0,0,0,0,0
204492,20-04-2026,air,himalayan auto era pvt ltd,pantnagar,bangalore,himalayan auto era pvt ltd,fenwick and ravi ,2,0,50,auto part,client,,admin,1,0,0,0,0,0,0
204493,20-04-2026,road,shreya industries - pnq,pune,pantnagar,shreya industries - pnq,shreya industries- pnt,20-box ,0,20,auto parts ,client,na,admin,1,0,0,0,0,0,0
204494,20-04-2026,road,shreya industries - pnq,pune,pantnagar,shreya industries - pnq,shreya industries- pnt,16-box ,0,16,auto parts ,client,na,admin,1,0,0,0,0,0,0
204495,20-04-2026,air,starways precisions pvt. ltd. ,pune,sitarganj,starways precisions pvt. ltd. ,starways industries (si),1-bag,0,50,auto parts ,client,na,sanjit,1,0,0,0,0,0,0
204496,21-04-2026,air,starways industries- chakan,pune,sitarganj,starways industries- chakan,starways industries (si),2-box ,0,50,auto parts ,client,na,admin,1,0,0,0,0,0,0
204497,21-04-2026,train,starways industries- chakan,pune,sitarganj,starways industries- chakan,starways industries (si),9-bag,0,265,auto parts ,client,na,admin,1,0,0,0,0,0,0
204498,21-04-2026,road,u. s. auto controls pvt ltd ,pune,pantnagar,u. s. auto controls pvt ltd ,harihareshwar auot tech private limited,9-bag,0,275,auto parts ,client,na,admin,1,0,0,0,0,0,0
204499,21-04-2026,train,himalayan auto era pvt ltd,pune,pantnagar,yash industries ,himalayan auto era pvt ltd,6,0,100,0,client,pick-up from venkatesh automobiles pvt.ltd.,admin,1,0,0,0,0,0,0
204500,21-04-2026,air,starways precisions pvt. ltd. ,pune,sitarganj,starways precisions pvt. ltd. ,starways industries (si),1-bag,0,50,auto parts ,client,na,sanjit,1,0,0,0,0,0,0
204501,21-04-2026,train,starways precisions pvt. ltd. ,pune,sitarganj,starways precisions pvt. ltd. ,starways industries (si),1-box,0,100,auto parts ,client,na,sanjit,1,0,0,0,0,0,0
204502,21-04-2026,train,panorama automotive ind. pvt. ltd.,pune,pantnagar,ferronite metal treatment india pvt ltd ,panorama automotive ind. pvt. ltd.,2-bag,0,80,auto parts ,client,na,admin,1,0,0,0,0,0,0
204503,22-04-2026,road,u. s. auto controls pvt ltd ,pune,pantnagar,u. s. auto controls pvt ltd ,harihareshwar auot tech private limited,7-bag,0,250,auto parts ,client,na,admin,1,0,0,0,0,0,0
204504,22-04-2026,road,cj darcl logistics limited,delhi,pantnagar,lumax cornaglia auto technolo - pnq,lumax cornaglia auto tech- ptn,5,0,0,auto part,client,,sunil,1,0,0,0,0,0,0
204505,22-04-2026,train,starways precisions pvt. ltd. ,pune,sitarganj,starways precisions pvt. ltd. ,starways industries (si),52-bag,0,1125,auto parts ,client,na,sanjit,1,0,0,0,0,0,0
204506,22-04-2026,air,starways precisions pvt. ltd. ,pune,sitarganj,starways precisions pvt. ltd. ,starways industries (si),2-bag,0,50,auto parts ,client,na,sanjit,1,0,0,0,0,0,0
204507,22-04-2026,air,starways precisions pvt. ltd. ,pune,sitarganj,starways precisions pvt. ltd. ,advik hi-tech pvt ltd,1-bag,0,50,auto parts ,client,na,sanjit,1,0,0,0,0,0,0
204508,22-04-2026,air,starways industries- chakan,pune,sitarganj,starways industries- chakan,starways industries (si),3-bag,0,60,auto parts ,client,na,admin,1,0,0,0,0,0,0
204509,22-04-2026,train,starways industries- chakan,pune,sitarganj,starways industries- chakan,starways industries (si),8-bag,0,185,auto parts ,client,na,admin,1,0,0,0,0,0,0
204510,22-04-2026,train,starways industries- chakan,pune,sitarganj,starways industries- chakan,starways industries (si),15-bag,0,265,auto parts ,client,na,admin,1,0,0,0,0,0,0
204511,23-04-2026,road,shreya industries - pnq,pune,pantnagar,shreya industries - pnq,shreya industries - pnq,20,0,20,auto part,client,,admin,1,0,0,0,0,0,0
204512,23-04-2026,road,shreya industries - pnq,pune,pantnagar,shreya industries - pnq,shreya industries- pnt,16,0,16,auto part,client,,admin,1,0,0,0,0,0,0
204513,23-04-2026,road,u. s. auto controls pvt ltd ,pune,pantnagar,u. s. auto controls pvt ltd ,harihareshwar auot tech private limited,19-bag,0,475,auto parts ,client,na,admin,1,0,0,0,0,0,0
204514,23-04-2026,road,u. s. auto controls pvt ltd ,pune,pantnagar,u. s. auto controls pvt ltd ,metalfabtech llp,4-bag ,0,70,auto parts ,client,na,admin,1,0,0,0,0,0,0
204515,23-04-2026,air,starways industries- chakan,pune,sitarganj,starways industries- chakan,starways industries (si),13,0,245,auto parts ,client,na,admin,1,0,0,0,0,0,0
204516,23-04-2026,train,starways industries- chakan,pune,sitarganj,starways industries- chakan,starways industries (si),12-bag,0,210,auto parts ,client,na,admin,1,0,0,0,0,0,0
204518,23-04-2026,train,precifast private limited,pune,pantnagar,precifast private limited,bajaj auto ltd,5-box ,0,100,auto parts ,client,na,admin,1,0,0,0,0,0,0
204519,23-04-2026,air,u. s. auto controls pvt ltd ,pune,pantnagar,u. s. auto controls pvt ltd ,harihareshwar auot tech private limited,6-bag,0,110,auto parts ,client,na,admin,1,0,0,0,0,0,0
204520,24-04-2026,air,reutter innovative closure technologies (p) ltd,chennai,pune,reutter innovative closure technologies (p) ltd,lumax auto technologies ltd.,6,0,150,auto part,client,,admin,1,0,0,0,0,0,0
204521,24-04-2026,air,starways precisions pvt. ltd. ,pune,sitarganj,starways precisions pvt. ltd. ,starways industries (si),1-bag,0,50,auto parts ,client,na,sanjit,1,0,0,0,0,0,0
204522,24-04-2026,train,precifast private limited,pune,pantnagar,precifast private limited,uno minda limited,10-box ,0,120,auto parts ,client,na,admin,1,0,0,0,0,0,0
204523,24-04-2026,train,starways industries- chakan,pune,sitarganj,starways industries- chakan,starways industries (si),20-bag,0,385,auto parts ,client,na,admin,1,0,0,0,0,0,0
204524,24-04-2026,road,cj darcl logistics limited,delhi,pantnagar,lumax cornaglia auto technolo - pnq,lumax cornaglia auto tech- ptn,6,0,0,auto part,client,,sunil,1,0,0,0,0,0,0
204525,25-04-2026,air,starways industries- chakan,pune,sitarganj,starways industries- chakan,starways industries (si),1-bag,0,50,auto parts ,client,na,admin,1,0,0,0,0,0,0
204526,25-04-2026,train,starways industries- chakan,pune,sitarganj,starways industries- chakan,starways industries (si),12-bag,0,360,auto parts ,client,na,admin,1,0,0,0,0,0,0
204527,25-04-2026,train,starways precisions pvt. ltd. ,pune,sitarganj,starways precisions pvt. ltd. ,starways industries (si),94-bag,0,1585,auto parts ,client,na,sanjit,1,0,0,0,0,0,0
204528,25-04-2026,road,u. s. auto controls pvt ltd ,pune,pantnagar,u. s. auto controls pvt ltd ,harihareshwar auot tech private limited,22-bag,0,520,auto parts ,client,na,admin,1,0,0,0,0,0,0
204529,25-04-2026,train,starways precisions pvt. ltd. ,sitarganj,pune,starways industries (si),starways precisions pvt. ltd. ,03 bag,0,100,auto part,client,,admin,1,0,0,0,0,0,0
204530,25-04-2026,train,panorama automotive ind. pvt. ltd.,pune,pantnagar,shree kapur industries ,panorama automotive ind. pvt. ltd.,3-bag,0,95,auto parts ,client,na,admin,1,0,0,0,0,0,0
204531,25-04-2026,train,starways industries- chakan,pune,sitarganj,starways industries- chakan,starways industries (si),20-bag,0,385,auto parts ,client,na,admin,1,0,0,0,0,0,0
204532,25-04-2026,air,u. s. auto controls pvt ltd ,pune,pantnagar,u. s. auto controls pvt ltd ,harihareshwar auot tech private limited,4-bag,0,70,auto parts ,client,na,admin,1,0,0,0,0,0,0
204533,26-04-2026,train,starways precisions pvt. ltd. ,pune,sitarganj,starways precisions pvt. ltd. ,starways industries (si),8-bag,0,260,auto parts ,client,na,sanjit,1,0,0,0,0,0,0
204534,26-04-2026,road,shreya industries - pnq,pune,pantnagar,shreya industries - pnq,shreya industries- pnt,20-box ,0,20,auto parts ,client,na,admin,1,0,0,0,0,0,0
204535,26-04-2026,road,shreya industries - pnq,pune,pantnagar,shreya industries - pnq,shreya industries- pnt,16-box ,0,16,auto parts ,client,na,admin,1,0,0,0,0,0,0
204536,26-04-2026,train,starways industries- chakan,pune,sitarganj,starways industries- chakan,starways industries (si),20-bag,0,385,auto parts ,client,na,admin,1,0,0,0,0,0,0
204537,27-04-2026,road,sky 4 pune,delhi-station,pantnagar,l & l prodicts india pvt. ltd.,l & l prodicts india pvt. ltd.,3,0,0,auto part,client,,admin,1,0,0,0,0,0,0
204538,26-04-2026,road,cj darcl logistics limited,pantnagar,delhi,lumax cornaglia auto tech- ptn,lumax cornaglia auto technolo - pnq,2,0,0,auto part,client,spl,sunil,1,0,0,0,0,0,0
204539,27-04-2026,train,starways industries- chakan,pune,sitarganj,starways industries- chakan,starways industries (si),5-bag,0,100,auto parts ,client,na,admin,1,0,0,0,0,0,0
204540,27-04-2026,road,u. s. auto controls pvt ltd ,pune,pantnagar,u. s. auto controls pvt ltd ,harihareshwar auot tech private limited,10-bag,0,260,auto parts ,client,na,admin,1,0,0,0,0,0,0
204541,27-04-2026,train,"belrise industries ltd,unit-7e",pune,pantnagar,kapse industries,"belrise industries ltd,unit-7e",20-bag,0,680,auto parts ,client,na,admin,1,0,0,0,0,0,0
204542,27-04-2026,train,starways industries- chakan,pune,sitarganj,starways industries- chakan,starways industries (si),22-bag,0,385,auto parts ,client,na,admin,1,0,0,0,0,0,0
204543,28-04-2026,road,shreya industries - pnq,pune,pantnagar,shreya industries - pnq,shreya industries- pnt,20-box ,0,20,auto parts ,client,na,admin,1,0,0,0,0,0,0
204544,28-04-2026,road,shreya industries - pnq,pune,pantnagar,shreya industries - pnq,shreya industries- pnt,16-box ,0,16,auto parts ,client,na,admin,1,0,0,0,0,0,0
204545,28-04-2026,train,starways precisions pvt. ltd. ,pune,sitarganj,starways precisions pvt. ltd. ,starways industries (si),5-bag,0,105,auto parts ,client,na,sanjit,1,0,0,0,0,0,0
204546,28-04-2026,air,u. s. auto controls pvt ltd ,pune,pantnagar,u. s. auto controls pvt ltd ,harihareshwar auot tech private limited,5-bag,0,100,auto parts ,client,na,admin,1,0,0,0,0,0,0
204547,28-04-2026,road,u. s. auto controls pvt ltd ,pune,pantnagar,u. s. auto controls pvt ltd ,harihareshwar auot tech private limited,26-bag,0,625,auto parts ,client,na,admin,1,0,0,0,0,0,0
204548,28-04-2026,train,starways industries- chakan,pune,sitarganj,starways industries- chakan,starways industries (si),22-bag,0,385,auto parts ,client,na,admin,1,0,0,0,0,0,0
204549,27-04-2026,air,reutter innovative closure technologies (p) ltd,chennai,pune,reutter innovative closure technologies (p) ltd,lumax cornaglia auto technolo - pnq,4,0,100,auto parts ,client,,admin,1,0,0,0,0,0,0
204550,28-04-2026,air,reutter innovative closure technologies (p) ltd,pune,chennai,premolc industries llp,crd components ,1,0,50,auto parts ,client,,admin,1,0,0,0,0,0,0
204551,28-04-2026,air,reutter innovative closure technologies (p) ltd,chennai,pune,reutter innovative closure technologies (p) ltd,voss automotive india pvt ltd ,1,0,50,auto parts ,client,,admin,1,0,0,0,0,0,0
204552,29-04-2026,road express,himalayan auto era pvt ltd,pune,pantnagar,fractmet engineering llp,himalayan auto era pvt ltd,12-bag,0,250,auto parts ,client,na,admin,1,0,0,0,0,0,0
204553,29-04-2026,road,dali samir engg.pvt ltd-pune,faridabad,pantnagar,shree sai auto components,dali samir engg pvt ltd- ptn,12,0,0,auto part,client,,sunil,1,0,0,0,0,0,0
204554,29-04-2026,train,starways precisions pvt. ltd. ,pune,sitarganj,starways precisions pvt. ltd. ,starways industries (si),17-bag,0,590,auto parts ,client,na,sanjit,1,0,0,0,0,0,0
204555,29-04-2026,air,reutter innovative closure technologies (p) ltd,pune,chennai,premolc industries llp,crd components ,1,0,50,auto parts ,client,na,admin,1,0,0,0,0,0,0
204556,29-04-2026,train,starways industries- chakan,pune,sitarganj,starways industries- chakan,starways industries (si),22-bag,0,385,auto parts ,client,na,admin,1,0,0,0,0,0,0
204557,30-04-2026,road,sky 4 pune,delhi-station,pantnagar,l & l prodicts india pvt. ltd.,l & l prodicts india pvt. ltd.,22,0,0,auto part,client,,admin,1,0,0,0,0,0,0
204558,30-04-2026,air,starways industries- chakan,pune,sitarganj,starways industries- chakan,starways industries (si),8-bag,0,155,auto ,client,na,admin,1,0,0,0,0,0,0
204559,30-04-2026,train,starways industries- chakan,pune,sitarganj,starways industries- chakan,starways industries (si),4-bag,0,100,auto parts ,client,na,sanjit,1,0,0,0,0,0,0
204560,30-04-2026,air,starways precisions pvt. ltd. ,pune,sitarganj,starways precisions pvt. ltd. ,starways industries (si),1,0,50,auto parts ,client,na,sanjit,1,0,0,0,0,0,0
204561,30-04-2026,road,u. s. auto controls pvt ltd ,pune,pantnagar,u. s. auto controls pvt ltd ,harihareshwar auot tech private limited,13-bag,0,365,auto parts ,client,na,admin,1,0,0,0,0,0,0
204562,30-04-2026,road,u. s. auto controls pvt ltd ,pune,pantnagar,u. s. auto controls pvt ltd ,metalfabtech llp,4-bag,0,70,auto parts ,client,na,admin,1,0,0,0,0,0,0
204563,30-04-2026,air,u. s. auto controls pvt ltd ,pune,pantnagar,u. s. auto controls pvt ltd ,harihareshwar auot tech private limited,4-bag ,0,90,auto parts ,client,na,admin,1,0,0,0,0,0,0
204564,01-05-2026,train,starways industries- chakan,pune,sitarganj,starways industries- chakan,starways industries (si),15-bag ,0,0,auto parts ,client,na,sanjit,1,0,0,0,0,0,0
204565,30-04-2026,air,reutter innovative closure technologies (p) ltd,chennai,pune,reutter innovative closure technologies (p) ltd,voss automotive india pvt ltd ,1-box ,0,50,auto parts ,client,na,admin,1,0,0,0,0,0,0
204566,01-05-2026,train,starways industries- chakan,sitarganj,pune,starways industries (si),precomp tools pvt ltd ,1 bag,0,0,auto part,client,,sunil,1,0,0,0,0,0,0
204567,02-05-2026,road,shreya industries - pnq,pune,pantnagar,shreya industries - pnq,shreya industries- pnt,20-box ,0,20,auto parts ,client,na,sanjit,1,0,0,0,0,0,0
204568,02-05-2026,road,shreya industries - pnq,pune,pantnagar,shreya industries - pnq,shreya industries- pnt,16-box,0,16,auto parts ,client,na,sanjit,1,0,0,0,0,0,0
204569,01-05-2026,road,sky 4 pune,delhi-station,pantnagar,l & l prodicts india pvt. ltd.,l & l prodicts india pvt. ltd.,13,0,0,auto part,client,,sunil,1,0,0,0,0,0,0
204570,02-05-2026,road,sky 4 pune,delhi-station,pantnagar,l & l prodicts india pvt. ltd.,l & l prodicts india pvt. ltd.,12 bag,0,0,auto part,client,,sunil,1,0,0,0,0,0,0
204571,02-05-2026,road,u. s. auto controls pvt ltd ,pantnagar,pune,harihareshwar auot tech private limited,u. s. auto controls pvt ltd ,05 bag,0,250,auto part,client,,sunil,1,0,0,0,0,0,0
204572,02-05-2026,train,dali samir engg.pvt ltd-pune,pune,pantnagar,sansa auto engineering company - pune,dali samir engg pvt ltd- ptn,3-box,0,100,auto parts ,client,na,sanjit,1,0,0,0,0,0,0
204573,02-05-2026,air,starways industries- chakan,pune,sitarganj,starways industries- chakan,starways industries (si),8-bag,0,0,auto parts ,client,na,sanjit,1,0,0,0,0,0,0
204574,02-05-2026,train,"belrise industries ltd,unit-7e",pune,pantnagar,kapse industries,"belrise industries ltd,unit-7e",20-bag,0,0,auto parts ,client,na,sanjit,1,0,0,0,0,0,0
204575,02-05-2026,train,starways precisions pvt. ltd. ,pune,sitarganj,starways precisions pvt. ltd. ,starways industries (si),3-bag,0,190,auto parts ,client,na,sanjit,1,0,0,0,0,0,0
204576,02-05-2026,train,starways industries- chakan,pune,sitarganj,starways industries- chakan,starways industries (si),22-bag,0,0,auto parts ,client,na,sanjit,1,0,0,0,0,0,0
204577,02-05-2026,road,cj darcl logistics limited,delhi,pantnagar,lumax cornaglia auto technolo - pnq,lumax cornaglia auto tech- ptn,2,0,0,auto part,client,spl,sunil,1,0,0,0,0,0,0
204578,03-05-2026,train,dali samir engg.pvt ltd-pune,pune,pantnagar,sansa auto engineering company - pune,dali samir engg pvt ltd- ptn,4-box ,0,100,auto parts ,client,na,sanjit,1,0,0,0,0,0,0
204579,03-05-2026,train,starways industries- chakan,pune,sitarganj,starways industries- chakan,starways industries (si),22-bag,0,0,auto parts ,client,na,sanjit,1,0,0,0,0,0,0
204580,04-05-2026,road,u. s. auto controls pvt ltd ,pune,pantnagar,u. s. auto controls pvt ltd ,harihareshwar auot tech private limited,16-bag,0,448,auto parts ,client,na,sanjit,1,0,0,0,0,0,0
204581,04-05-2026,train,starways industries- chakan,pune,sitarganj,starways industries- chakan,starways industries (si),14-bag,0,0,auto parts ,client,na,sanjit,1,0,0,0,0,0,0
204582,04-05-2026,air,starways precisions pvt. ltd. ,pune,sitarganj,starways precisions pvt. ltd. ,starways industries (si),3-bag,0,70,auto parts ,client,na,sanjit,1,0,0,0,0,0,0
204583,04-05-2026,train,starways industries- chakan,pune,sitarganj,starways industries- chakan,starways industries (si),22-bag ,0,0,auto parts ,client,na,sanjit,1,0,0,0,0,0,0
204584,04-05-2026,air,u. s. auto controls pvt ltd ,pune,pantnagar,u. s. auto controls pvt ltd ,harihareshwar auot tech private limited,5-bag,0,100,auto parts ,client,na,sanjit,1,0,0,0,0,0,0
204585,05-05-2026,train,belrise industries ltd unit -ix,pune,pantnagar,plast tech technology ,belrise industries ltd unit -ix,1-box ,0,0,auto parts,client,na,sanjit,1,0,0,0,0,0,0
204586,05-05-2026,air,starways industries- chakan,pune,sitarganj,starways industries- chakan,starways industries (si),10-bag,0,0,auto parts ,client,na,sanjit,1,0,0,0,0,0,0
204587,05-05-2026,train,starways industries- chakan,pune,sitarganj,starways industries- chakan,starways industries (si),8-bag,0,0,auto parts ,client,na,sanjit,1,0,0,0,0,0,0
204588,05-05-2026,train,precifast private limited,pune,pantnagar,precifast private limited,uno minda limited,20-box,0,450,auto parts ,client,na,sanjit,1,0,0,0,0,0,0
204589,05-05-2026,road,u. s. auto controls pvt ltd ,pune,pantnagar,u. s. auto controls pvt ltd ,harihareshwar auot tech private limited,7-bag,0,250,auto parts ,client,na,sanjit,1,0,0,0,0,0,0
204590,05-05-2026,air,starways precisions pvt. ltd. ,pune,sitarganj,starways precisions pvt. ltd. ,starways industries (si),7-bag ,0,230,auto parts ,client,na,sanjit,1,0,0,0,0,0,0
204591,05-05-2026,train,starways industries- chakan,pune,sitarganj,starways industries- chakan,starways industries (si),22-bag,0,0,auto parts ,client,na,sanjit,1,0,0,0,0,0,0
204592,04-05-2026,train,asha industries,aurangabad,pantnagar,asha industries,belrise industries ltd unit -ix,3-bag,0,100,auto parts ,client,na,sanjit,1,0,0,0,0,0,0
204593,06-05-2026,air,u. s. auto controls pvt ltd ,pune,pantnagar,u. s. auto controls pvt ltd ,harihareshwar auot tech private limited,4-bag,0,80,auto parts ,client,na,sanjit,1,0,0,0,0,0,0
204594,06-05-2026,road,u. s. auto controls pvt ltd ,pune,pantnagar,u. s. auto controls pvt ltd ,harihareshwar auot tech private limited,12-bag,0,336,auto parts ,client,na,sanjit,1,0,0,0,0,0,0
204595,06-05-2026,air,starways industries- chakan,pune,sitarganj,starways industries- chakan,starways industries (si),1-bag,0,0,auto parts ,client,na,sanjit,1,0,0,0,0,0,0
204596,06-05-2026,train,starways precisions pvt. ltd. ,pune,sitarganj,starways precisions pvt. ltd. ,starways industries (si),5-bag,0,155,auto parts ,client,na,sanjit,1,0,0,0,0,0,0
204597,06-05-2026,air,himalayan auto era pvt ltd,pune,pantnagar,venkatesh automobile pvt ltd,himalayan auto era pvt ltd,6,0,160,auto parts ,client,na,sanjit,1,0,0,0,0,0,0
204598,06-05-2026,train,starways industries- chakan,pune,sitarganj,starways industries- chakan,starways industries (si),22-bag,0,0,auto parts ,client,na,sanjit,1,0,0,0,0,0,0
204599,07-05-2026,road,shreya industries - pnq,pune,pantnagar,shreya industries - pnq,shreya industries- pnt,20-bax,0,20,auto parts ,client,na,sanjit,1,0,0,0,0,0,0
204600,07-05-2026,road,shreya industries - pnq,pune,pantnagar,shreya industries - pnq,shreya industries- pnt,16-bag,0,16,auto parts ,client,na ,sanjit,1,0,0,0,0,0,0
204601,04-05-2026,air,harihareshwar auot tech private limited,aurangabad,rudrapur,indian harvesters,harihareshwar auot tech private limited,1 box,10,50,m parts,client,pick up-3000,admin,1,0,0,0,0,0,0
204602,07-05-2026,air,u. s. auto controls pvt ltd ,pantnagar,pune,harihareshwar auot tech private limited,u. s. auto controls pvt ltd ,02 bag,0,50,auto part,client,,sunil,1,0,0,0,0,0,0
204603,07-05-2026,train,starways industries- chakan,pune,sitarganj,starways industries- chakan,starways industries (si),3,0,0,auto parts,client,,admin,1,0,0,0,0,0,0
204604,07-05-2026,train,starways precisions pvt. ltd. ,pune,sitarganj,starways precisions pvt. ltd. ,starways industries (si),25,0,260,auto parts,client,,admin,1,0,0,0,0,0,0
204605,07-05-2026,air,starways precisions pvt. ltd. ,pune,sitarganj,starways precisions pvt. ltd. ,starways industries (si),5,0,360,auto parts,client,,admin,1,0,0,0,0,0,0
204606,08-05-2026,train,starways industries- chakan,pune,sitarganj,starways industries- chakan,starways industries (si),3-bag,0,0,auto parts ,client,na,sanjit,1,0,0,0,0,0,0
204607,08-05-2026,train,starways industries- chakan,pune,sitarganj,starways industries- chakan,starways industries (si),22-bag,0,0,auto parts ,client,na,sanjit,1,0,0,0,0,0,0
204608,08-05-2026,train,starways precisions pvt. ltd. ,pune,sitarganj,starways precisions pvt. ltd. ,starways industries (si),1-bag,0,100,auto parts ,client,na,sanjit,1,0,0,0,0,0,0
204609,08-05-2026,air,u. s. auto controls pvt ltd ,pune,pantnagar,u. s. auto controls pvt ltd ,harihareshwar auot tech private limited,3-bag ,0,75,auto parts ,client,na,sanjit,1,0,0,0,0,0,0
204610,08-05-2026,road,u. s. auto controls pvt ltd ,pune,pantnagar,u. s. auto controls pvt ltd ,harihareshwar auot tech private limited,5-bag,0,250,auto parts ,client,na,sanjit,1,0,0,0,0,0,0
204611,08-05-2026,air,reutter innovative closure technologies (p) ltd,chennai,pune,reutter innovative closure technologies (p) ltd,lumax cornaglia auto technolo - pnq,3,65,65,auto parts ,client,na,sanjit,1,0,0,0,0,0,0
204612,09-05-2026,road,sky 4 pune,delhi-station,pantnagar,l & l prodicts india pvt. ltd.,l & l prodicts india pvt. ltd.,17,0,0,auto part,client,,sunil,1,0,0,0,0,0,0
204613,09-05-2026,road,u. s. auto controls pvt ltd ,pune,pantnagar,u. s. auto controls pvt ltd ,metalfabtech llp,4-bag,0,125,auto parts ,client,na,sanjit,1,0,0,0,0,0,0
204614,09-05-2026,road,u. s. auto controls pvt ltd ,pune,pantnagar,u. s. auto controls pvt ltd ,harihareshwar auot tech private limited,6-bag,0,125,auto parts ,client,na,sanjit,1,0,0,0,0,0,0
204615,09-05-2026,air,schlemmer technology ind pvt ltd,puducherry,manesar,schlemmer technology ind pvt ltd,minda westport technologies ltd,6,0,385,auto parts,client,,admin,1,0,0,0,0,0,0
204616,09-05-2026,train,panorama automotive ind. pvt. ltd.,pune,pantnagar,pole star auto,panorama automotive ind. pvt. ltd.,3-bag,0,80,auto parts ,client,na,sanjit,1,0,0,0,0,0,0
204617,09-05-2026,train,starways industries- chakan,pune,sitarganj,starways industries- chakan,starways industries (si),7-bag,0,0,auto parts ,client,na,sanjit,1,0,0,0,0,0,0
204618,09-05-2026,air,starways precisions pvt. ltd. ,pune,sitarganj,starways precisions pvt. ltd. ,starways industries (si),1-bag,0,50,auto parts ,client,na,sanjit,1,0,0,0,0,0,0
204619,09-05-2026,train,starways precisions pvt. ltd. ,pune,sitarganj,starways precisions pvt. ltd. ,starways industries (si),11-bag,0,400,auto parts ,client,na,sanjit,1,0,0,0,0,0,0
204620,09-05-2026,train,starways industries- chakan,pune,sitarganj,starways industries- chakan,starways industries (si),22-bag,0,0,auto parts ,client,na,sanjit,1,0,0,0,0,0,0
204832,08-06-2026,train,starways industries- chakan,pune,sitarganj,starways industries- chakan,starways industries (si),32,0,0,auto parts ,client,na,sanjit,1,0,0,0,0,0,0
204622,10-05-2026,air,u. s. auto controls pvt ltd ,pune,chennai,u. s. auto controls pvt ltd ,sm exhaust technology private limited.,1-bag ,0,50,auto parts ,client,na,sanjit,1,0,0,0,0,0,0
204623,10-05-2026,train,starways precisions pvt. ltd. ,pune,sitarganj,starways precisions pvt. ltd. ,starways industries (si),7-bag ,0,195,auto parts ,client,na,sanjit,1,0,0,0,0,0,0
204624,10-05-2026,train,starways industries- chakan,pune,sitarganj,starways industries- chakan,starways industries (si),22-bag,0,0,auto parts ,client,na,sanjit,1,0,0,0,0,0,0
204831,31-05-2026,road,noka frieght carriers pvt ltd,delhi-station,pantnagar,noka frieght carriers pvt ltd,noka frieght carriers pvt ltd,921,0,19622,auto parts,client,,admin,1,0,0,0,0,0,0
204626,11-05-2026,road,sky 4 pune,delhi-airport,pantnagar,l & l prodicts india pvt. ltd.,l & l prodicts india pvt. ltd.,6,0,0,auto part,client,,sunil,1,0,0,0,0,0,0
204627,11-05-2026,road,sky 4 pune,delhi-station,pantnagar,l & l prodicts india pvt. ltd.,l & l prodicts india pvt. ltd.,21,0,0,auto part,client,,sunil,1,0,0,0,0,0,0
204628,11-05-2026,road express,himalayan auto era pvt ltd,pune,pantnagar,atharva foundries pvt. ltd.,himalayan auto era pvt ltd,100,0,1100,auto parts ,client,na,sanjit,1,0,0,0,0,0,0
204629,11-05-2026,road,u. s. auto controls pvt ltd ,pune,pantnagar,u. s. auto controls pvt ltd ,harihareshwar auot tech private limited,16-bag,0,400,auto parts ,client,na,sanjit,1,0,0,0,0,0,0
204630,11-05-2026,air,u. s. auto controls pvt ltd ,pune,pantnagar,u. s. auto controls pvt ltd ,harihareshwar auot tech private limited,5-bag,0,100,auto parts ,client,na,sanjit,1,0,0,0,0,0,0
204631,11-05-2026,train,starways industries- chakan,pune,sitarganj,starways industries- chakan,starways industries (si),22-bag,0,0,auto parts ,client,na,sanjit,1,0,0,0,0,0,0
204632,11-05-2026,air,reutter innovative closure technologies (p) ltd,chennai,pithampur,reutter innovative closure technologies (p) ltd,bapl rototech pvt. ltd.,3,65,65,auto parts ,client,,admin,1,0,0,0,0,0,0
204633,12-05-2026,road,shreya industries - pnq,pune,pantnagar,shreya industries - pnq,shreya industries- pnt,20-box ,0,20,auto parts ,client,na,sanjit,1,0,0,0,0,0,0
204634,12-05-2026,road,shreya industries - pnq,pune,pantnagar,shreya industries - pnq,shreya industries- pnt,16-box ,0,16,auto parts ,client,na,sanjit,1,0,0,0,0,0,0
204635,12-05-2026,air,starways industries- chakan,pune,sitarganj,starways industries- chakan,starways industries (si),3-bag,0,0,auto parts ,client,na,sanjit,1,0,0,0,0,0,0
204636,12-05-2026,train,starways industries- chakan,pune,sitarganj,starways industries- chakan,starways industries (si),5-bag,0,0,auto parts ,client,na,sanjit,1,0,0,0,0,0,0
204829,31-05-2026,road,noka frieght carriers pvt ltd,delhi_airport-station,pantnagar,noka frieght carriers pvt ltd,noka frieght carriers pvt ltd,1830,0,32902,auto parts,client,,admin,1,0,0,0,0,0,0
204830,31-05-2026,road,noka frieght carriers pvt ltd,delhi-airport,pantnagar,noka frieght carriers pvt ltd,noka frieght carriers pvt ltd,1105,0,16535,auto parts,client,,admin,1,0,0,0,0,0,0
204639,12-05-2026,road,u. s. auto controls pvt ltd ,pune,pantnagar,u. s. auto controls pvt ltd ,metalfabtech llp,4-bag ,0,125,auto parts ,client,na,sanjit,1,0,0,0,0,0,0
204640,12-05-2026,road,u. s. auto controls pvt ltd ,pune,pantnagar,u. s. auto controls pvt ltd ,harihareshwar auot tech private limited,5-bag ,0,125,auto parts ,client,na,sanjit,1,0,0,0,0,0,0
204641,12-05-2026,air,starways precisions pvt. ltd. ,pune,sitarganj,starways precisions pvt. ltd. ,starways industries (si),2-bag,0,65,auto parts ,client,na,sanjit,1,0,0,0,0,0,0
204642,12-05-2026,air,asha industries,aurangabad,pantnagar,asha industries,belrise industries ltd unit -ix,3-bag,0,90,auto parts ,client,na,sanjit,1,0,0,0,0,0,0
204643,12-05-2026,train,starways industries- chakan,pune,sitarganj,starways industries- chakan,starways industries (si),22-bag,0,0,auto parts ,client,na,sanjit,1,0,0,0,0,0,0
204644,12-05-2026,air,reutter innovative closure technologies (p) ltd,chennai,pune,reutter innovative closure technologies (p) ltd,lumax cornaglia auto tech- ptn,3-box ,65,65,auto parts ,client,na,sanjit,1,0,0,0,0,0,0
204645,12-05-2026,air,reutter innovative closure technologies (p) ltd,chennai,pune,reutter innovative closure technologies (p) ltd,voss automotive india pvt ltd ,1-box ,100,50,auto parts ,client,na,sanjit,1,0,0,0,0,0,0
204646,12-05-2026,air,reutter innovative closure technologies (p) ltd,chennai,pithampur,reutter innovative closure technologies (p) ltd,bapl rototech pvt. ltd.,6,90,90,auto parts ,client,,admin,1,0,0,0,0,0,0
204647,05-05-2026,road,cj darcl logistics limited,delhi,pantnagar,lumax cornaglia auto technolo - pnq,lumax cornaglia auto tech- ptn,3,0,0,auto part,client,spl,sunil,1,0,0,0,0,0,0
204648,13-05-2026,road,u. s. auto controls pvt ltd ,pantnagar,pune,harihareshwar auot tech private limited,u. s. auto controls pvt ltd ,07 bag,0,250,auto part,client,,sunil,1,0,0,0,0,0,0
204649,13-05-2026,road,u. s. auto controls pvt ltd ,pune,pantnagar,u. s. auto controls pvt ltd ,harihareshwar auot tech private limited,15-bag,0,380,auto parts ,client,na,sanjit,1,0,0,0,0,0,0
204650,13-05-2026,air,"belrise industries ltd,unit-7e",pune,pantnagar,kapse industries,"belrise industries ltd,unit-7e",1-box ,0,0,auto parts ,client,na,sanjit,1,0,0,0,0,0,0
204651,13-05-2026,train,starways industries- chakan,pune,sitarganj,starways industries- chakan,starways industries (si),15-bag ,0,0,auto parts ,client,na,sanjit,1,0,0,0,0,0,0
204652,14-05-2026,road,shreya industries - pnq,pune,pantnagar,shreya industries - pnq,shreya industries- pnt,20-box,0,20,auto parts ,client,na,sanjit,1,0,0,0,0,0,0
204653,14-05-2026,road,shreya industries - pnq,pune,pantnagar,shreya industries - pnq,shreya industries- pnt,16-box ,0,16,auto parts ,client,na,sanjit,1,0,0,0,0,0,0
204654,14-05-2026,air,starways industries- chakan,pune,sitarganj,starways industries- chakan,starways industries (si),6,0,0,auto parts ,client,na,sanjit,1,0,0,0,0,0,0
204655,14-05-2026,air,dali samir engg.pvt ltd-pune,pune,pantnagar,sansa auto engineering company - pune,dali samir engg pvt ltd- ptn,2-box,0,50,auto parts ,client,na,sanjit,1,0,0,0,0,0,0
204656,14-05-2026,train,dali samir engg.pvt ltd-pune,pune,pantnagar,sansa auto engineering company - pune,dali samir engg pvt ltd- ptn,8-box,0,200,auto parts ,client,na,sanjit,1,0,0,0,0,0,0
204657,14-05-2026,air,starways precisions pvt. ltd. ,pune,sitarganj,starways precisions pvt. ltd. ,starways industries (si),4-bag,0,245,auto parts ,client,na,sanjit,1,0,0,0,0,0,0
204658,14-05-2026,air,dali samir engg.pvt ltd-pune,pune,pantnagar,sansa auto engineering company - pune,dali samir engg pvt ltd- ptn,3-box,0,60,auto parts ,client,na,sunil,1,0,0,0,0,0,0
204659,15-05-2026,train,starways precisions pvt. ltd. ,pune,sitarganj,starways precisions pvt. ltd. ,starways industries (si),21-bag,0,645,auto parts ,client,na,sanjit,1,0,0,0,0,0,0
204660,15-05-2026,train,panorama automotive ind. pvt. ltd.,pune,pantnagar,ferronite metal treatment india pvt ltd ,panorama automotive ind. pvt. ltd.,3-bag,0,80,auto parts ,client,na,sanjit,1,0,0,0,0,0,0
204661,15-05-2026,train,dali samir engg.pvt ltd-pune,pune,pantnagar,sansa auto engineering company - pune,dali samir engg pvt ltd- ptn,5-box,0,125,auto parts ,client,na,sanjit,1,0,0,0,0,0,0
204662,15-05-2026,air,u. s. auto controls pvt ltd ,pune,pantnagar,u. s. auto controls pvt ltd ,harihareshwar auot tech private limited,3-bag,0,95,auto parts ,client,na,sanjit,1,0,0,0,0,0,0
204663,15-05-2026,train,starways industries- chakan,pune,sitarganj,starways industries- chakan,starways industries (si),24-bag,0,0,auto parts ,client,na,sanjit,1,0,0,0,0,0,0
204664,15-05-2026,road,sky 4 pune,delhi-station,pantnagar,l & l prodicts india pvt. ltd.,l & l prodicts india pvt. ltd.,22,0,0,auto part,client,,sunil,1,0,0,0,0,0,0
204665,16-05-2026,road,sky 4 pune,delhi-station,pantnagar,l & l prodicts india pvt. ltd.,l & l prodicts india pvt. ltd.,18,0,0,auto part,client,,sunil,1,0,0,0,0,0,0
204666,16-05-2026,train,starways industries- chakan,pune,sitarganj,starways industries- chakan,starways industries (si),3-bag,0,0,auto parts ,client,na,sanjit,1,0,0,0,0,0,0
204667,16-05-2026,road,u. s. auto controls pvt ltd ,pune,pantnagar,u. s. auto controls pvt ltd ,harihareshwar auot tech private limited,20-bag,0,435,auto parts ,client,na,sanjit,1,0,0,0,0,0,0
204668,15-05-2026,air,reutter innovative closure technologies (p) ltd,chennai,pune,reutter innovative closure technologies (p) ltd,voss automotive india pvt ltd ,1-box ,50,50,auto parts ,client,na,sanjit,1,0,0,0,0,0,0
204669,16-05-2026,air,starways precisions pvt. ltd. ,pune,sitarganj,starways precisions pvt. ltd. ,starways industries (si),2-bag,0,50,auto parts ,client,na,sanjit,1,0,0,0,0,0,0
204670,16-05-2026,train,starways industries- chakan,pune,sitarganj,starways industries- chakan,starways industries (si),22-bag,0,0,auto parts ,client,na,sanjit,1,0,0,0,0,0,0
204671,18-05-2026,road,cj darcl logistics limited,delhi,pantnagar,lumax cornaglia auto technolo - pnq,lumax cornaglia auto tech- ptn,2,0,0,auto part,client,,sunil,1,0,0,0,0,0,0
204672,16-05-2026,air,asha industries,aurangabad,pantnagar,asha industries,belrise industries ltd unit -ix,2,0,60,auto part,client,,sunil,1,0,0,0,0,0,0
204673,18-05-2026,road,shreya industries - pnq,pune,pantnagar,shreya industries - pnq,shreya industries- pnt,20-box ,0,20,auto parts ,client,na,sanjit,1,0,0,0,0,0,0
204674,18-05-2026,road,shreya industries - pnq,pune,pantnagar,shreya industries - pnq,shreya industries- pnt,16-box ,0,16,auto parts ,client,na,sanjit,1,0,0,0,0,0,0
204675,18-05-2026,train,starways industries- chakan,pune,sitarganj,starways industries- chakan,starways industries (si),23-bag,0,0,auto parts ,client,na,sanjit,1,0,0,0,0,0,0
204676,18-05-2026,air,starways industries- chakan,pune,sitarganj,starways industries- chakan,starways industries (si),14-bag,0,0,auto parts ,client,na,sanjit,1,0,0,0,0,0,0
204677,18-05-2026,road,u. s. auto controls pvt ltd ,pune,pantnagar,u. s. auto controls pvt ltd ,harihareshwar auot tech private limited,9-bag,0,250,auto parts ,client,na,sanjit,1,0,0,0,0,0,0
204678,13-05-2026,road,sky 4 pune,pantnagar,pantnagar,l & l prodicts india pvt. ltd.,l & l prodicts india pvt. ltd.,28,0,0,auto part,client,,sunil,1,0,0,0,0,0,0
204679,18-05-2026,air,starways precisions pvt. ltd. ,pune,sitarganj,starways precisions pvt. ltd. ,starways industries (si),1-bag,0,50,auto parts ,client,na,sanjit,1,0,0,0,0,0,0
204680,18-05-2026,train,starways precisions pvt. ltd. ,pune,sitarganj,starways precisions pvt. ltd. ,starways industries (si),13-bag,0,410,auto parts ,client,na,sanjit,1,0,0,0,0,0,0
204681,18-05-2026,air,belrise industries ltd unit -ix,aurangabad,pantnagar,badve autocomps pvt ltd 1k,belrise industries ltd unit- 6a,1-box ,0,0,auto parts ,client,na,admin,1,0,0,0,0,0,0
204682,18-05-2026,train,starways industries- chakan,pune,sitarganj,starways industries- chakan,starways industries (si),12-bag ,0,0,auto parts ,client,na,sanjit,1,0,0,0,0,0,0
204683,19-05-2026,road,u. s. auto controls pvt ltd ,pune,pantnagar,u. s. auto controls pvt ltd ,harihareshwar auot tech private limited,15-bag,0,365,auto parts ,client,na,sanjit,1,0,0,0,0,0,0
204684,19-05-2026,air,precision auto components,chennai,pune,reutter innovative closure technologies (p) ltd,precision auto components,2,0,50,auto parts,client,,admin,1,0,0,0,0,0,0
204685,18-05-2026,air,reutter innovative closure technologies (p) ltd,chennai,jamshedpur,reutter innovative closure technologies (p) ltd,vijayshree autocom ltd,4,100,100,auto parts,client,,admin,1,0,0,0,0,0,0
204686,19-05-2026,train,starways precisions pvt. ltd. ,pune,sitarganj,starways precisions pvt. ltd. ,starways industries (si),3-bag,0,285,auto parts ,client,na,sanjit,1,0,0,0,0,0,0
204687,19-05-2026,train,starways industries- chakan,pune,sitarganj,starways industries- chakan,starways industries (si),18-bag,0,0,auto parts ,client,na,sanjit,1,0,0,0,0,0,0
204688,20-05-2026,road,shreya industries - pnq,pune,pantnagar,shreya industries - pnq,shreya industries- pnt,20-box ,0,20,auto parts ,client,na,sanjit,1,0,0,0,0,0,0
204689,20-05-2026,road,shreya industries - pnq,pune,pantnagar,shreya industries - pnq,shreya industries- pnt,16-box ,0,16,auto parts ,client,na,sanjit,1,0,0,0,0,0,0
204690,18-05-2026,air,asha industries,aurangabad,pantnagar,asha industries,belrise industries ltd unit -ix,03 bag,0,90,auto part,client,,sunil,1,0,0,0,0,0,0
204691,20-05-2026,air,starways precisions pvt. ltd. ,pune,sitarganj,starways precisions pvt. ltd. ,starways industries (si),1-bag,0,50,auto parts ,client,na,sanjit,1,0,0,0,0,0,0
204692,20-05-2026,train,starways industries- chakan,pune,sitarganj,starways industries- chakan,starways industries (si),11-bag,0,0,auto parts ,client,na,sanjit,1,0,0,0,0,0,0
204694,20-05-2026,road,u. s. auto controls pvt ltd ,pune,pantnagar,u. s. auto controls pvt ltd ,harihareshwar auot tech private limited,12,0,210,auto part,client,,sunil,1,0,0,0,0,0,0
204695,20-05-2026,train,starways industries- chakan,pune,sitarganj,starways industries- chakan,starways industries (si),22-bag,0,0,auto parts ,client,na,sanjit,1,0,0,0,0,0,0
204696,21-05-2026,air,starways industries- chakan,pune,sitarganj,starways industries- chakan,starways industries (si),5-bag,0,0,auto parts ,client,na,sanjit,1,0,0,0,0,0,0
204697,21-05-2026,train,starways industries- chakan,pune,sitarganj,starways industries- chakan,starways industries (si),5-bag,0,0,auto parts ,client,na,sanjit,1,0,0,0,0,0,0
204698,21-05-2026,air,dali samir engg.pvt ltd-pune,pune,pantnagar,premier seals pvt ltd,dali samir engg pvt ltd- ptn,1,0,50,auto parts,client,,admin,1,0,0,0,0,0,0
204699,21-05-2026,air,belrise industries ltd unit -ix,pune,pantnagar,sai shraddha precision,belrise industries ltd ,1-bag,0,0,auto parts ,client,na,admin,1,0,0,0,0,0,0
204700,21-05-2026,air,dali samir engg.pvt ltd-pune,pune,pantnagar,premier seals pvt ltd,dali samir engg pvt ltd- ptn,1-box ,0,50,auto parts ,client,na,sanjit,1,0,0,0,0,0,0
204701,21-05-2026,air,himalayan auto era pvt ltd,pune,pantnagar,venkatesh automobile pvt ltd,himalayan auto era pvt ltd,4,0,150,auto parts ,client,na,sanjit,1,0,0,0,0,0,0
204702,21-05-2026,air,starways precisions pvt. ltd. ,pune,sitarganj,starways precisions pvt. ltd. ,starways industries (si),1-bag,0,50,auto parts ,client,na,sanjit,1,0,0,0,0,0,0
204703,22-05-2026,train,himalayan auto era pvt ltd,pune,pantnagar,venkatesh automobile pvt ltd,himalayan auto era pvt ltd,12,0,435,auto parts ,client,na,sanjit,1,0,0,0,0,0,0
204704,21-05-2026,road,sky 4 pune,delhi-station,pantnagar,l & l prodicts india pvt. ltd.,l & l prodicts india pvt. ltd.,2,0,0,auto part,client,,sunil,1,0,0,0,0,0,0
204705,20-05-2026,road,sky 4 pune,delhi-airport,pantnagar,sks fasteners ltd.,dana anand india pvt ltd,7,0,0,auto part,client,,sunil,1,0,0,0,0,0,0
204706,22-05-2026,train,smart cargo traders,pantnagar,ennore,autocomp corporation panse pvt ltd,ashok leyland ltd,26,0,0,auto parts,client,,admin,0,0,0,0,0,0,0
204707,22-05-2026,air,jai malhar enterprises ,pune,pantnagar,jai malhar enterprises ,ess dee reconnect llp,1,0,0,auto parts,client,,admin,0,0,0,0,0,0,0
204708,22-05-2026,air,starways precisions pvt. ltd. ,pune,sitarganj,starways precisions pvt. ltd. ,starways industries (si),1-bag,0,50,auto parts ,client,na,sanjit,1,0,0,0,0,0,0
204709,22-05-2026,train,starways precisions pvt. ltd. ,pune,sitarganj,starways precisions pvt. ltd. ,starways industries (si),2-bag,0,230,auto parts ,client,na,sanjit,1,0,0,0,0,0,0
204710,22-05-2026,train,starways industries- chakan,pune,sitarganj,starways industries- chakan,starways industries (si),22-bag,0,0,auto parts ,client,na,sanjit,1,0,0,0,0,0,0
204693,20-05-2026,road,u. s. auto controls pvt ltd ,pune,pantnagar,u. s. auto controls pvt ltd ,metalfabtech llp,4,0,110,auto part,client,,sunil,1,0,0,0,0,0,0
204711,23-05-2026,road,shreya industries - pnq,pune,pantnagar,shreya industries - pnq,shreya industries- pnt,20-box ,0,20,auto parts ,client,na,sanjit,1,0,0,0,0,0,0
204712,23-05-2026,road,shreya industries - pnq,pune,pantnagar,shreya industries - pnq,shreya industries- pnt,16-box ,0,16,auto parts ,client,na,sanjit,1,0,0,0,0,0,0
204713,23-05-2026,train,dali samir engg.pvt ltd-pune,pune,pantnagar,sansa auto engineering company - pune,dali samir engg pvt ltd- ptn,3-box ,0,100,auto parts ,client,na,sanjit,1,0,0,0,0,0,0
204714,23-05-2026,train,dali samir engg.pvt ltd-pune,pune,pantnagar,premier seals pvt ltd,dali samir engg pvt ltd- ptn,1,0,100,auto parts ,client,na,sanjit,1,0,0,0,0,0,0
204715,23-05-2026,train,starways industries- chakan,pune,sitarganj,starways industries- chakan,starways industries (si),4-bag,0,0,auto parts ,client,na,sanjit,1,0,0,0,0,0,0
204716,23-05-2026,train,panorama automotive ind. pvt. ltd.,pune,pantnagar,s. m. enterprises ,panorama automotive ind. pvt. ltd.,2-bag,0,80,auto parts ,client,na,sanjit,1,0,0,0,0,0,0
204717,23-05-2026,road,u. s. auto controls pvt ltd ,pune,pantnagar,u. s. auto controls pvt ltd ,harihareshwar auot tech private limited,17-bag,0,380,auto parts ,client,na,sanjit,1,0,0,0,0,0,0
204718,23-05-2026,road,u. s. auto controls pvt ltd ,pune,pantnagar,u. s. auto controls pvt ltd ,metalfabtech llp,4-bag,0,75,auto parts ,client,na,sanjit,1,0,0,0,0,0,0
204719,23-05-2026,road,sky 4 pune,pantnagar,pantnagar,l & l prodicts india pvt. ltd.,l & l prodicts india pvt. ltd.,25,0,0,auto part,client,,sunil,1,0,0,0,0,0,0
204720,23-05-2026,road,sky 4 pune,pantnagar,pantnagar,l & l prodicts india pvt. ltd.,l & l prodicts india pvt. ltd.,29,0,0,auto part,client,,sunil,1,0,0,0,0,0,0
204721,23-05-2026,air,starways precisions pvt. ltd. ,pune,sitarganj,starways precisions pvt. ltd. ,starways industries (si),1-bag ,0,50,auto parts ,client,na,sanjit,1,0,0,0,0,0,0
204722,23-05-2026,train,starways industries- chakan,pune,sitarganj,starways industries- chakan,starways industries (si),22-bag,0,0,auto parts ,client,na,sanjit,1,0,0,0,0,0,0
204723,24-05-2026,train,starways precisions pvt. ltd. ,pune,sitarganj,starways precisions pvt. ltd. ,starways industries (si),7-bag,0,135,auto parts ,client,na,sanjit,1,0,0,0,0,0,0
204724,24-05-2026,train,starways industries- chakan,pune,sitarganj,starways industries- chakan,starways industries (si),10-bag,0,0,auto parts ,client,na,sanjit,1,0,0,0,0,0,0
204725,23-05-2026,road,cj darcl logistics limited,delhi,pantnagar,lumax cornaglia auto technolo - pnq,lumax cornaglia auto tech- ptn,4,0,0,auto part,client,spl,sunil,1,0,0,0,0,0,0
204726,25-05-2026,air,starways industries- chakan,pune,sitarganj,rupkant industries ,starways industries (si),1,0,0,auto parts ,client,na,admin,1,0,0,0,0,0,0
204727,25-05-2026,road,sky 4 pune,pantnagar,pantnagar,l & l prodicts india pvt. ltd.,l & l prodicts india pvt. ltd.,32,0,0,auto part,client,,sunil,1,0,0,0,0,0,0
204728,25-05-2026,air,starways industries- chakan,pune,sitarganj,starways industries- chakan,starways industries (si),1,0,0,auto parts ,client,na,sanjit,1,0,0,0,0,0,0
204729,25-05-2026,air,dham fasteners ,nasik,haridwar,dham fasteners ,"lear automotive private limited, haridawar",1,0,50,auto parts ,client,na,admin,1,0,0,0,0,0,0
204730,25-05-2026,air,u. s. auto controls pvt ltd ,pune,pantnagar,u. s. auto controls pvt ltd ,belrise industries ltd unit -ix,4,0,100,auto parts ,client,na,sanjit,1,0,0,0,0,0,0
204731,25-05-2026,train,starways industries- chakan,pune,sitarganj,starways industries- chakan,starways industries (si),22,0,0,auto parts ,client,na,sanjit,1,0,0,0,0,0,0
204732,25-05-2026,air,reutter innovative closure technologies (p) ltd,chennai,pune,reutter innovative closure technologies (p) ltd,lumax cornaglia auto technolo - pnq,1,50,50,auto parts ,client,na,sanjit,1,0,0,0,0,0,0
204733,26-05-2026,road,shreya industries - pnq,pune,pantnagar,shreya industries - pnq,shreya industries- pnt,20,0,20,auto part,client,,sunil,1,0,0,0,0,0,0
204734,26-05-2026,road,shreya industries - pnq,pune,pantnagar,shreya industries - pnq,shreya industries- pnt,16,0,16,auto part,client,,sunil,1,0,0,0,0,0,0
204735,25-05-2026,road,cj darcl logistics limited,delhi,pantnagar,lumax cornaglia auto technolo - pnq,lumax cornaglia auto tech- ptn,8,0,0,auto part,client,,sunil,1,0,0,0,0,0,0
204736,26-05-2026,road,sky 4 pune,delhi-station,pantnagar,l & l prodicts india pvt. ltd.,l & l prodicts india pvt. ltd.,6,0,0,auto part,client,,sunil,1,0,0,0,0,0,0
204737,26-05-2026,train,starways precisions pvt. ltd. ,pune,sitarganj,starways precisions pvt. ltd. ,starways industries (si),16,0,330,auto parts ,client,na,sanjit,1,0,0,0,0,0,0
204738,26-05-2026,air,starways precisions pvt. ltd. ,pune,sitarganj,starways precisions pvt. ltd. ,starways industries (si),11,0,240,auto parts ,client,na,sanjit,1,0,0,0,0,0,0
204739,25-05-2026,train,asha industries,aurangabad,pantnagar,asha industries,belrise industries ltd unit -ix,1,0,100,auto parts ,client,na,sanjit,1,0,0,0,0,0,0
204740,26-05-2026,road,u. s. auto controls pvt ltd ,pantnagar,pune,harihareshwar auot tech private limited,u. s. auto controls pvt ltd ,04 bag,0,250,auto part,client,,sunil,1,0,0,0,0,0,0
204741,26-05-2026,train,dali samir engg.pvt ltd-pune,pune,pantnagar,premier seals pvt ltd,dali samir engg pvt ltd- ptn,1,0,100,auto parts ,client,na,sanjit,1,0,0,0,0,0,0
204742,26-05-2026,train,autocomp corporation panse pvt ltd,pantnagar,ennore,autocomp corporation panse pvt ltd,ashok leyland ltd,30,0,0,auto parts,client,70*52*22,admin,0,0,0,0,0,0,0
204743,26-05-2026,air,starways industries- chakan,pune,sitarganj,starways industries- chakan,starways industries (si),14,0,0,auto parts ,client,na,sanjit,1,0,0,0,0,0,0
204744,26-05-2026,train,starways industries- chakan,pune,sitarganj,starways industries- chakan,starways industries (si),22,0,0,auto parts ,client,na,sanjit,1,0,0,0,0,0,0
204745,26-05-2026,road,sky 4 pune,pantnagar,pantnagar,l & l prodicts india pvt. ltd.,l & l prodicts india pvt. ltd.,26,0,0,auto part,client,,sunil,1,0,0,0,0,0,0
204746,26-05-2026,road,u. s. auto controls pvt ltd ,pune,pantnagar,u. s. auto controls pvt ltd ,harihareshwar auot tech private limited,12,0,250,auto parts ,client,na,sanjit,1,0,0,0,0,0,0
204747,27-05-2026,air,dham fasteners ,nasik,haridwar,dham fasteners ,"lear automotive private limited, haridawar",1,0,50,auto parts ,client,na,admin,1,0,0,0,0,0,0
204748,27-05-2026,air,starways industries- chakan,pune,sitarganj,starways industries- chakan,starways industries (si),7,0,0,auto parts ,client,na,sanjit,1,0,0,0,0,0,0
204749,27-05-2026,train,starways industries- chakan,pune,sitarganj,starways industries- chakan,starways industries (si),13,0,0,auto parts ,client,na,sanjit,1,0,0,0,0,0,0
204750,27-05-2026,air,dham fasteners ,pune,haridwar,lear automotive india private limited ,"lear automotive private limited, haridawar",1,0,50,auto parts ,client,na,admin,1,0,0,0,0,0,0
204751,27-05-2026,air,himalayan auto era pvt ltd,pune,pantnagar,venkatesh automobile pvt ltd,himalayan auto era pvt ltd,2,0,80,auto parts,client,na,sanjit,1,0,0,0,0,0,0
204752,27-05-2026,air,starways industries- chakan,pune,sitarganj,starways industries- chakan,starways industries (si),6,0,0,auto parts ,client,na,sanjit,1,0,0,0,0,0,0
204753,27-05-2026,train,panorama automotive ind. pvt. ltd.,pune,pantnagar,rk industries ,panorama automotive ind. pvt. ltd.,3,0,80,auto parts ,client,na,sanjit,1,0,0,0,0,0,0
204754,27-05-2026,air,starways precisions pvt. ltd. ,pune,sitarganj,starways precisions pvt. ltd. ,starways industries (si),3,0,276,auto parts ,client,na,sanjit,1,0,0,0,0,0,0
204755,27-05-2026,train,starways industries- chakan,pune,sitarganj,starways industries- chakan,starways industries (si),23,0,0,auto parts ,client,na,sanjit,1,0,0,0,0,0,0
204756,26-05-2026,road,sky 4 pune,pantnagar,pantnagar,l & l prodicts india pvt. ltd.,l & l prodicts india pvt. ltd.,88,0,0,auto part,client,,sunil,1,0,0,0,0,0,0
204757,28-05-2026,road,sky 4 pune,delhi-station,pantnagar,l & l prodicts india pvt. ltd.,l & l prodicts india pvt. ltd.,32,0,0,auto part,client,,sunil,1,0,0,0,0,0,0
204758,28-05-2026,air,starways industries- chakan,pune,sitarganj,starways industries- chakan,starways industries (si),3,0,0,auto parts ,client,na,sanjit,1,0,0,0,0,0,0
204759,28-05-2026,train,starways industries- chakan,pune,sitarganj,starways industries- chakan,starways industries (si),5,0,0,auto parts ,client,na,sanjit,1,0,0,0,0,0,0
204760,28-05-2026,air,reutter innovative closure technologies (p) ltd,chennai,pune,reutter innovative closure technologies (p) ltd,dali samir engg.pvt ltd-pune,2,60,60,auto parts ,client,na,sanjit,1,0,0,0,0,0,0
204761,29-05-2026,air,starways industries- chakan,pune,sitarganj,starways industries- chakan,starways industries (si),1,0,0,auto parts ,client,na,sanjit,1,0,0,0,0,0,0
204762,29-05-2026,air,starways precisions pvt. ltd. ,pune,sitarganj,starways precisions pvt. ltd. ,starways industries (si),2,0,50,auto parts ,client,na,sanjit,1,0,0,0,0,0,0
204763,29-05-2026,air,u. s. auto controls pvt ltd ,pune,pantnagar,u. s. auto controls pvt ltd ,belrise industries ltd unit -ix,2,0,50,auto parts ,client,na,sunil,1,0,0,0,0,0,0
204764,29-05-2026,train,starways industries- chakan,pune,sitarganj,starways industries- chakan,starways industries (si),22,0,0,auto parts ,client,na,sanjit,1,0,0,0,0,0,0
204765,27-05-2026,train,precifast private limited,pune,pantnagar,precifast private limited,uno minda limited,14,0,280,auto part,client,,sunil,1,0,0,0,0,0,0
204766,30-05-2026,road express,himalayan auto era pvt ltd,pune,pantnagar,fractmet engineering llp,himalayan auto era pvt ltd,12,0,250,auto parts ,client,na,sanjit,1,0,0,0,0,0,0
204767,29-05-2026,road,sky 4 pune,pantnagar,pantnagar,l & l prodicts india pvt. ltd.,l & l prodicts india pvt. ltd.,56,0,0,auto part,client,,sunil,1,0,0,0,0,0,0
204768,29-05-2026,road,sky 4 pune,pantnagar,pantnagar,l & l prodicts india pvt. ltd.,l & l prodicts india pvt. ltd.,51,0,0,auto part,client,,sunil,1,0,0,0,0,0,0
204769,29-05-2026,road,sky 4 pune,pantnagar,pantnagar,l & l prodicts india pvt. ltd.,l & l prodicts india pvt. ltd.,41,0,0,auto part,client,,sunil,1,0,0,0,0,0,0
204770,30-05-2026,air,starways industries- chakan,pune,sitarganj,starways industries- chakan,starways industries (si),10,0,0,auto parts ,client,na,sanjit,1,0,0,0,0,0,0
204771,30-05-2026,air,starways industries- chakan,pune,sitarganj,rupkant industries ,starways industries (si),1,0,0,auto parts ,client,na,admin,1,0,0,0,0,0,0
204772,30-05-2026,air,dali samir engg.pvt ltd-pune,pune,pantnagar,premier seals pvt ltd,dali samir engg pvt ltd- ptn,1,0,50,auto parts ,client,na,sanjit,1,0,0,0,0,0,0
204773,30-05-2026,road,u. s. auto controls pvt ltd ,pune,pantnagar,u. s. auto controls pvt ltd ,metalfabtech llp,8,0,140,auto parts ,client,na,sanjit,1,0,0,0,0,0,0
204774,30-05-2026,road,u. s. auto controls pvt ltd ,pune,pantnagar,u. s. auto controls pvt ltd ,harihareshwar auot tech private limited,12,0,280,auto parts ,client,na,sanjit,1,0,0,0,0,0,0
204775,30-05-2026,train,starways industries- chakan,pune,sitarganj,starways industries- chakan,starways industries (si),22,0,0,auto parts ,client,na,sanjit,1,0,0,0,0,0,0
204776,29-05-2026,air,asha industries,aurangabad,pantnagar,asha industries,belrise industries ltd unit -ix,2,0,60,auto part,client,,sunil,1,0,0,0,0,0,0
204777,30-05-2026,road,belrise industries ltd unit -ix,delhi,pantnagar,plasan sana ltd.,belrise industries ltd unit -ix,02 w,0,0,auto part,client,,sunil,1,0,0,0,0,0,0
204778,31-05-2026,air,starways precisions pvt. ltd. ,pune,sitarganj,starways precisions pvt. ltd. ,starways industries (si),2,0,50,auto parts ,client,na,sanjit,1,0,0,0,0,0,0
204779,31-05-2026,train,starways industries- chakan,pune,sitarganj,starways industries- chakan,starways industries (si),20,0,0,auto parts ,client,na,sanjit,1,0,0,0,0,0,0
204780,01-06-2026,road,shreya industries - pnq,pune,pantnagar,shreya industries - pnq,shreya industries- pnt,20,0,20,auto parts ,client,na,sanjit,1,0,0,0,0,0,0
204781,01-06-2026,road,shreya industries - pnq,pune,pantnagar,shreya industries - pnq,shreya industries- pnt,16,0,16,auto parts ,client,na,sanjit,1,0,0,0,0,0,0
204782,31-05-2026,road,cj darcl logistics limited,delhi,pantnagar,lumax cornaglia auto technolo - pnq,lumax cornaglia auto tech- ptn,4,0,0,auto part,client,,sunil,1,0,0,0,0,0,0
204783,01-06-2026,air,starways industries- chakan,pune,sitarganj,starways industries- chakan,starways industries (si),5,0,0,auto parts ,client,na,sanjit,1,0,0,0,0,0,0
204784,01-06-2026,train,starways industries- chakan,pune,sitarganj,starways industries- chakan,starways industries (si),6,0,0,auto parts ,client,na,sanjit,1,0,0,0,0,0,0
204785,01-06-2026,train,starways industries- chakan,pune,sitarganj,starways industries- chakan,starways industries (si),22,0,0,auto parts ,client,na,sanjit,1,0,0,0,0,0,0
204786,02-06-2026,road,sky 4 pune,delhi-station,pantnagar,sks fasteners ltd.,dana anand india pvt ltd,10,0,0,auto part,client,,sunil,1,0,0,0,0,0,0
204787,01-06-2026,road,cj darcl logistics limited,delhi,pantnagar,lumax cornaglia auto technolo - pnq,lumax cornaglia auto tech- ptn,8,0,0,auto part,client,,sunil,1,0,0,0,0,0,0
204788,02-06-2026,road,u. s. auto controls pvt ltd ,pune,pantnagar,u. s. auto controls pvt ltd ,harihareshwar auot tech private limited,15,0,0,auto parts ,client,na,sanjit,1,0,0,0,0,0,0
204789,02-06-2026,road,sky 4 pune,pantnagar,pantnagar,l & l prodicts india pvt. ltd.,l & l prodicts india pvt. ltd.,54,0,0,auto part,client,,sunil,1,0,0,0,0,0,0
204790,02-06-2026,road,sky 4 pune,pantnagar,pantnagar,l & l prodicts india pvt. ltd.,l & l prodicts india pvt. ltd.,55,0,0,auto part,client,,sunil,1,0,0,0,0,0,0
204791,02-06-2026,train,"belrise industries ltd,unit-7e",pune,pantnagar,kapse industries,"belrise industries ltd,unit-7e",20,0,0,auto parts ,client,na,sanjit,1,0,0,0,0,0,0
204792,02-06-2026,air,starways industries- chakan,pune,sitarganj,starways industries- chakan,starways industries (si),8,0,0,auto parts ,client,na,sanjit,1,0,0,0,0,0,0
204793,02-06-2026,train,starways industries- chakan,pune,sitarganj,starways industries- chakan,starways industries (si),7,0,0,auto parts ,client,na,sanjit,1,0,0,0,0,0,0
204794,02-06-2026,air,reutter innovative closure technologies (p) ltd,pune,chennai,crd components ,reutter innovative closure technologies (p) ltd,1,0,50,auto parts ,client,na,sanjit,1,0,0,0,0,0,0
204795,02-06-2026,air,starways precisions pvt. ltd. ,pune,sitarganj,starways precisions pvt. ltd. ,starways industries (si),3,0,0,auto parts ,client,na,sanjit,1,0,0,0,0,0,0
204796,02-06-2026,train,starways precisions pvt. ltd. ,pune,sitarganj,starways precisions pvt. ltd. ,starways industries (si),31,0,0,auto parts ,client,na,sanjit,1,0,0,0,0,0,0
204797,02-06-2026,train,starways industries- chakan,pune,sitarganj,starways industries- chakan,starways industries (si),23,0,0,auto parts ,client,na,sanjit,1,0,0,0,0,0,0
204798,03-06-2026,road,shreya industries - pnq,pune,pantnagar,shreya industries - pnq,shreya industries- pnt,16,0,16,auto parts ,client,na,admin,1,0,0,0,0,0,0
204799,03-06-2026,road,shreya industries - pnq,pune,pantnagar,shreya industries - pnq,shreya industries- pnt,20,0,20,auto parts ,client,na,sanjit,1,0,0,0,0,0,0
204800,02-06-2026,air,asha industries,aurangabad,pantnagar,asha industries,belrise industries ltd ,2,0,60,auto parts,client,,admin,1,0,0,0,0,0,0
204801,03-06-2026,air,starways industries- chakan,pune,sitarganj,starways industries- chakan,starways industries (si),2,0,0,auto parts ,client,na,sanjit,1,0,0,0,0,0,0
204802,03-06-2026,air,dali samir engg.pvt ltd-pune,pune,pantnagar,premier seals pvt ltd,dali samir engg pvt ltd- ptn,1,0,50,auto parts ,client,na,sanjit,1,0,0,0,0,0,0
204803,03-06-2026,air,starways precisions pvt. ltd. ,pune,sitarganj,starways precisions pvt. ltd. ,starways industries (si),2,0,0,auto parts ,client,na,sanjit,1,0,0,0,0,0,0
204804,03-06-2026,air,u. s. auto controls pvt ltd ,pune,pantnagar,u. s. auto controls pvt ltd ,harihareshwar auot tech private limited,2,0,0,auto parts ,client,na,sanjit,1,0,0,0,0,0,0
204805,03-06-2026,air,starways industries- chakan,pune,sitarganj,rupkant industries ,starways industries (si),1,0,0,auto parts ,client,na,admin,1,0,0,0,0,0,0
204806,03-06-2026,train,starways industries- chakan,pune,sitarganj,starways industries- chakan,starways industries (si),25,0,0,auto parts ,client,na,sanjit,1,0,0,0,0,0,0
204807,04-06-2026,road,u. s. auto controls pvt ltd ,pune,pantnagar,u. s. auto controls pvt ltd ,metalfabtech llp,4,0,0,auto parts ,client,na,sanjit,1,0,0,0,0,0,0
204808,04-06-2026,road,u. s. auto controls pvt ltd ,pune,pantnagar,u. s. auto controls pvt ltd ,harihareshwar auot tech private limited,21,0,0,auto parts ,client,na,sanjit,1,0,0,0,0,0,0
204809,04-06-2026,air,u. s. auto controls pvt ltd ,pune,pantnagar,u. s. auto controls pvt ltd ,harihareshwar auot tech private limited,3,0,0,auto parts ,client,na,sanjit,1,0,0,0,0,0,0
204810,05-06-2026,air,reutter innovative closure technologies (p) ltd,chennai,pune,reutter innovative closure technologies (p) ltd,lumax auto technologies ltd.,2,0,50,auto parts ,client,,admin,1,0,0,0,0,0,0
204811,05-06-2026,road,shreya industries - pnq,pune,pantnagar,shreya industries - pnq,shreya industries- pnt,20,0,20,auto parts ,client,na,sanjit,1,0,0,0,0,0,0
204812,05-06-2026,road,shreya industries - pnq,pune,pantnagar,shreya industries - pnq,shreya industries- pnt,16,0,16,auto parts ,client,na,sanjit,1,0,0,0,0,0,0
204813,05-06-2026,air,starways industries- chakan,pune,sitarganj,starways industries- chakan,starways industries (si),6,0,0,auto parts ,client,na,sanjit,1,0,0,0,0,0,0
204814,05-06-2026,air,starways precisions pvt. ltd. ,pune,sitarganj,starways precisions pvt. ltd. ,starways industries (si),1,0,0,auto parts ,client,na,sanjit,1,0,0,0,0,0,0
204815,05-06-2026,air,u. s. auto controls pvt ltd ,pune,pantnagar,u. s. auto controls pvt ltd ,belrise industries ltd unit -ix,3,0,0,auto parts ,client,na,sanjit,1,0,0,0,0,0,0
204816,05-06-2026,air,starways precisions pvt. ltd. ,pune,sitarganj,starways precisions pvt. ltd. ,starways industries (si),1,0,0,auto parts ,client,na,sanjit,1,0,0,0,0,0,0
204817,05-06-2026,train,starways industries- chakan,pune,sitarganj,starways industries- chakan,starways industries (si),40,0,0,auto parts ,client,na,sanjit,1,0,0,0,0,0,0
204818,05-06-2026,air,reutter innovative closure technologies (p) ltd,chennai,pune,reutter innovative closure technologies (p) ltd,voss automotive india pvt ltd ,1,0,50,auto parts ,client,na,sanjit,1,0,0,0,0,0,0
204819,06-06-2026,train,himalayan auto era pvt ltd,pune,pantnagar,venkatesh automobile pvt ltd,himalayan auto era pvt ltd,57,0,600,auto parts ,,na,sanjit,1,0,0,0,0,0,0
204820,06-06-2026,air,starways industries- chakan,pune,sitarganj,starways industries- chakan,starways industries (si),2,0,0,auto parts ,client,na,sanjit,1,0,0,0,0,0,0
204821,06-06-2026,air,starways precisions pvt. ltd. ,pune,sitarganj,starways precisions pvt. ltd. ,starways industries (si),5,0,0,auto parts ,client,na,sanjit,1,0,0,0,0,0,0
204822,06-06-2026,train,starways industries- chakan,pune,sitarganj,starways industries- chakan,starways industries (si),35,0,0,auto parts ,client,na,sanjit,1,0,0,0,0,0,0
204823,07-06-2026,air,starways industries- chakan,pune,sitarganj,tubros pressings,starways industries (si),2,0,0,auto parts ,client,na,admin,1,0,0,0,0,0,0
204824,07-06-2026,train,starways precisions pvt. ltd. ,pune,sitarganj,starways precisions pvt. ltd. ,starways industries (si),14,0,0,auto parts ,client,na,sanjit,1,0,0,0,0,0,0
204825,07-06-2026,air,u. s. auto controls pvt ltd ,pune,pantnagar,u. s. auto controls pvt ltd ,belrise industries ltd unit -ix,3,0,0,auto parts ,client,na,sanjit,1,0,0,0,0,0,0
204826,07-06-2026,train,starways industries- chakan,pune,sitarganj,starways industries- chakan,starways industries (si),32,0,0,auto parts ,client,na,sanjit,1,0,0,0,0,0,0
204827,08-06-2026,road,u. s. auto controls pvt ltd ,pune,pantnagar,u. s. auto controls pvt ltd ,harihareshwar auot tech private limited,32,0,0,auto parts ,client,na,sanjit,1,0,0,0,0,0,0
204828,08-06-2026,air,reutter innovative closure technologies (p) ltd,chennai,pune,reutter innovative closure technologies (p) ltd,voss automotive india pvt ltd ,1,0,50,auto parts ,client,na,sanjit,1,0,0,0,0,0,0
204833,08-06-2026,air,u. s. auto controls pvt ltd ,pune,pantnagar,u. s. auto controls pvt ltd ,belrise industries ltd unit -ix,3,0,0,auto parts ,client,na,sanjit,1,0,0,0,0,0,0
204834,08-06-2026,air,starways precisions pvt. ltd. ,pune,sitarganj,starways precisions pvt. ltd. ,starways industries (si),3,0,0,auto parts ,client,na,sanjit,1,0,0,0,0,0,0
204835,09-06-2026,road,sky 4 pune,delhi-station,pantnagar,l & l prodicts india pvt. ltd.,l & l prodicts india pvt. ltd.,13,0,0,auto part,client,,sunil,1,0,0,0,0,0,0
204836,09-06-2026,road,sky 4 pune,delhi-station,pantnagar,sks fasteners ltd.,dana anand india pvt ltd,26,0,0,auto part,client,,sunil,1,0,0,0,0,0,0
204837,09-06-2026,air,starways industries- chakan,pune,sitarganj,starways industries- chakan,starways industries (si),13,0,0,auto parts ,client,na,sanjit,1,0,0,0,0,0,0
204838,09-06-2026,road,shreya industries - pnq,pune,pantnagar,shreya industries - pnq,shreya industries- pnt,20,0,20,auto parts ,client,na,sanjit,1,0,0,0,0,0,0
204839,09-06-2026,road,shreya industries - pnq,pune,pantnagar,shreya industries - pnq,shreya industries- pnt,16,0,16,auto parts ,client,na,sanjit,1,0,0,0,0,0,0
204840,08-06-2026,road,sky 4 pune,delhi-airport,pantnagar,sks fasteners ltd.,ashok leyland ltd,12,0,0,auto part,client,,sunil,1,0,0,0,0,0,0
204841,04-06-2026,road,cj darcl logistics limited,delhi,pantnagar,lumax cornaglia auto technolo - pnq,lumax auto technologies ltd.,2,0,0,auto part,client,,sunil,1,0,0,0,0,0,0
204842,05-06-2026,road,cj darcl logistics limited,delhi,pantnagar,lumax cornaglia auto technolo - pnq,lumax cornaglia auto tech- ptn,12,0,0,auto part,client,,sunil,1,0,0,0,0,0,0
204843,04-06-2026,road,sky 4 pune,pantnagar,pantnagar,l & l prodicts india pvt. ltd.,l & l prodicts india pvt. ltd.,67,0,0,auto part,client,,sunil,1,0,0,0,0,0,0
204844,06-06-2026,road,sky 4 pune,pantnagar,pantnagar,l & l prodicts india pvt. ltd.,l & l prodicts india pvt. ltd.,53,0,0,auto part,client,,admin,1,0,0,0,0,0,0
204845,06-06-2026,road,sky 4 pune,pantnagar,pantnagar,l & l prodicts india pvt. ltd.,l & l prodicts india pvt. ltd.,67,0,0,auto part,client,,sunil,1,0,0,0,0,0,0
204846,06-06-2026,road,sky 4 pune,pantnagar,pantnagar,l & l prodicts india pvt. ltd.,l & l prodicts india pvt. ltd.,5,0,0,auto part,client,,sunil,1,0,0,0,0,0,0
204847,06-06-2026,road,sky 4 pune,pantnagar,pantnagar,l & l prodicts india pvt. ltd.,l & l prodicts india pvt. ltd.,90,0,0,auto part,client,,sunil,1,0,0,0,0,0,0
204848,09-06-2026,train,starways industries- chakan,pune,sitarganj,starways industries- chakan,starways industries (si),35,0,0,auto parts ,client,na,sanjit,1,0,0,0,0,0,0
204849,09-06-2026,train,panorama automotive ind. pvt. ltd.,pune,pantnagar,s. m. enterprises ,panorama automotive ind. pvt. ltd.,3,0,90,auto parts ,client,na,sanjit,1,0,0,0,0,0,0
204850,09-06-2026,train,dali samir engg.pvt ltd-pune,pune,pantnagar,sansa auto engineering company - pune,dali samir engg pvt ltd- ptn,3,0,100,auto parts ,client,na,sanjit,1,0,0,0,0,0,0
204851,09-06-2026,air,reutter innovative closure technologies (p) ltd,chennai,pithampur,reutter innovative closure technologies (p) ltd,bapl rototech pvt. ltd.,2,0,50,autp parts ,client,,admin,1,0,0,0,0,0,0
204852,10-06-2026,train,dali samir engg.pvt ltd-pune,pune,pantnagar,dali samir engg.pvt ltd-pune,dali samir engg pvt ltd- ptn,10,0,250,auto parts ,client,na,sanjit,1,0,0,0,0,0,0
204853,10-06-2026,air,starways industries- chakan,pune,sitarganj,rupkant industries ,starways industries (si),1,0,0,auto parts ,client,na,admin,1,0,0,0,0,0,0
204854,10-06-2026,train,dali samir engg.pvt ltd-pune,pune,pantnagar,sansa auto engineering company - pune,dali samir engg pvt ltd- ptn,4,0,100,auto parts ,client,na,sanjit,1,0,0,0,0,0,0
204855,10-06-2026,air,belrise industries ltd ,pantnagar,aurangabad,neel metal products ltd,belrise industries ltd ,24,0,0,auto parts,client,,admin,0,0,0,0,0,0,0
204856,10-06-2026,air,belrise industries ltd ,pantnagar,aurangabad,neel metal products ltd,belrise industries ltd ,13,0,0,auto parts,client,,admin,0,0,0,0,0,0,0
204857,10-06-2026,air,belrise industries ltd ,pantnagar,aurangabad,neel metal products ltd,belrise industries ltd ,2,0,0,auto parts,client,,admin,0,0,0,0,0,0,0
204858,10-06-2026,road,u. s. auto controls pvt ltd ,pune,pantnagar,u. s. auto controls pvt ltd ,harihareshwar auot tech private limited,10,0,0,auto parts ,client,na,sanjit,1,0,0,0,0,0,0
204859,10-06-2026,road,sky 4 pune,delhi-station,pantnagar,l & l prodicts india pvt. ltd.,l & l prodicts india pvt. ltd.,3,0,0,auto part,client,,sunil,1,0,0,0,0,0,0
204860,10-06-2026,road,sky 4 pune,pantnagar,pantnagar,l & l prodicts india pvt. ltd.,l & l prodicts india pvt. ltd.,43,0,0,auto part,client,,sunil,1,0,0,0,0,0,0
204861,10-06-2026,air,starways precisions pvt. ltd. ,pune,sitarganj,starways precisions pvt. ltd. ,starways industries (si),3,0,0,auto parts ,client,na,sanjit,1,0,0,0,0,0,0
204862,10-06-2026,air,reutter innovative closure technologies (p) ltd,chennai,pune,reutter innovative closure technologies (p) ltd,voss automotive india pvt ltd ,1,0,50,auto parts ,client,na,sanjit,1,0,0,0,0,0,0
204863,10-06-2026,train,starways industries- chakan,pune,sitarganj,starways industries- chakan,starways industries (si),35,0,0,auto parts ,client,na,sanjit,1,0,0,0,0,0,0
204864,06-06-2026,train,asha industries,aurangabad,pantnagar,asha industries,belrise industries ltd unit -ix,03 bag,0,100,auto part,client,,admin,1,0,0,0,0,0,0
204865,11-06-2026,air,starways industries- chakan,pune,sitarganj,starways industries- chakan,starways industries (si),1,0,0,auto parts ,client,na,sanjit,1,0,0,0,0,0,0
204866,11-06-2026,train,starways industries- chakan,pune,sitarganj,starways industries- chakan,starways industries (si),9,0,0,auto parts ,client,na,sanjit,1,0,0,0,0,0,0
204867,11-06-2026,air,belrise industries ltd ,pantnagar,aurangabad,neel metal products ltd,belrise industries ltd ,52,0,0,auto parts,client,,admin,0,0,0,0,0,0,0
204868,11-06-2026,air,starways precisions pvt. ltd. ,pune,sitarganj,starways precisions pvt. ltd. ,starways industries (si),1,0,0,auto parts ,client,na,sanjit,1,0,0,0,0,0,0
204869,11-06-2026,air,starways precisions pvt. ltd. ,pune,sitarganj,starways precisions pvt. ltd. ,advik hi-tech pvt ltd,1,0,0,auto parts ,client,na,sanjit,1,0,0,0,0,0,0
204870,11-06-2026,train,starways industries- chakan,pune,sitarganj,tubros pressings,starways industries (si),5,0,0,auto parts ,client,na,admin,1,0,0,0,0,0,0
204871,11-06-2026,road,u. s. auto controls pvt ltd ,pune,pantnagar,u. s. auto controls pvt ltd ,harihareshwar auot tech private limited,11,0,0,auto parts ,client,na,sanjit,1,0,0,0,0,0,0
204872,12-06-2026,train,himalayan auto era pvt ltd,pune,pantnagar,atharva foundries pvt. ltd.,himalayan auto era pvt ltd,14,0,315,auto parts ,client,na,sanjit,1,0,0,0,0,0,0
204873,12-06-2026,air,belrise industries ltd ,pantnagar,aurangabad,neel metal products ltd,belrise industries ltd ,24 box + 4 bags,0,0,auto parts,client,,admin,0,0,0,0,0,0,0
204874,12-06-2026,train,belrise industries ltd ,pantnagar,aurangabad,neel metal products ltd,belrise industries ltd ,12 box 31 bags,0,0,auto parts,client,,admin,0,0,0,0,0,0,0
204875,12-06-2026,air,starways precisions pvt. ltd. ,pune,sitarganj,starways precisions pvt. ltd. ,starways industries (si),2,0,0,auto parts ,client,na,sanjit,1,0,0,0,0,0,0
204876,12-06-2026,air,reutter innovative closure technologies (p) ltd,chennai,pune,reutter innovative closure technologies (p) ltd,voss automotive india pvt ltd ,1,0,50,auto parts ,client,na,sanjit,1,0,0,0,0,0,0
204884,13-06-2026,train,dali samir engg.pvt ltd-pune,pune,pantnagar,sansa auto engineering company - pune,dali samir engg pvt ltd- ptn,3,0,100,auto parts ,client,na,sanjit,1,0,0,0,0,0,0
204878,12-06-2026,train,starways industries- chakan,pune,sitarganj,starways industries- chakan,starways industries (si),35,0,0,auto parts ,client,na,sanjit,1,0,0,0,0,0,0
204879,13-06-2026,air,starways precisions pvt. ltd. ,pune,sitarganj,starways precisions pvt. ltd. ,starways industries (si),1,0,0,auto parts ,client,na,sanjit,1,0,0,0,0,0,0
204880,13-06-2026,road,u. s. auto controls pvt ltd ,pune,pantnagar,u. s. auto controls pvt ltd ,harihareshwar auot tech private limited,21,0,0,auto parts ,client,na,sanjit,1,0,0,0,0,0,0
204881,13-06-2026,road,u. s. auto controls pvt ltd ,pune,pantnagar,u. s. auto controls pvt ltd ,metalfabtech llp,4,0,0,auto parts ,client,na,sanjit,1,0,0,0,0,0,0
204882,13-06-2026,air,belrise industries ltd ,pantnagar,aurangabad,neel metal products ltd,belrise industries ltd ,1,0,0,auto part,client,,sunil,0,0,0,0,0,0,0
204883,13-06-2026,train,belrise industries ltd ,pantnagar,aurangabad,neel metal products ltd,belrise industries ltd ,22 box + 18 bags,0,0,auto part,client,,sunil,0,0,0,0,0,0,0
204885,13-06-2026,train,starways industries- chakan,pune,sitarganj,starways industries- chakan,starways industries (si),35,0,0,auto parts ,client,na,sanjit,1,0,0,0,0,0,0
204886,14-06-2026,train,starways precisions pvt. ltd. ,pune,sitarganj,starways precisions pvt. ltd. ,starways industries (si),6,0,0,auto parts ,client,na,sanjit,1,0,0,0,0,0,0
204887,14-06-2026,air,starways precisions pvt. ltd. ,pune,sitarganj,starways precisions pvt. ltd. ,starways industries (si),11,0,0,auto parts ,client,na,sanjit,1,0,0,0,0,0,0
204888,14-06-2026,train,starways industries- chakan,pune,sitarganj,tubros pressings,starways industries (si),7,0,0,auto parts ,client,na,admin,1,0,0,0,0,0,0
204889,14-06-2026,air,reutter innovative closure technologies (p) ltd,chennai,jamshedpur,reutter innovative closure technologies (p) ltd,vijayshree autocom ltd,17,0,315,auto parts,client,,admin,1,0,0,0,0,0,0
204890,14-06-2026,train,starways industries- chakan,pune,sitarganj,starways industries- chakan,starways industries (si),35,0,0,auto parts ,client,na,sanjit,1,0,0,0,0,0,0
204891,14-06-2026,air,belrise industries ltd unit -ix,aurangabad,pantnagar,omech components pvt.ltd.,belrise industries ltd unit -ix,1,0,0,auto parts ,client,na,admin,1,0,0,0,0,0,0
204892,15-06-2026,road,shreya industries - pnq,pune,pantnagar,shreya industries - pnq,shreya industries- pnt,20,0,20,auto parts ,client,na,sanjit,1,0,0,0,0,0,0
204893,15-06-2026,road,shreya industries - pnq,pune,pantnagar,shreya industries - pnq,shreya industries- pnt,16,0,16,auto parts ,client,na,sanjit,1,0,0,0,0,0,0
204894,15-06-2026,train,starways industries- chakan,pune,sitarganj,starways industries- chakan,starways industries (si),9,0,0,auto parts ,client,na,sanjit,1,0,0,0,0,0,0
204895,15-06-2026,air,starways industries- chakan,pune,sitarganj,starways industries- chakan,starways industries (si),2,0,0,auto parts ,client,na,sanjit,1,0,0,0,0,0,0
204896,15-06-2026,train,dali samir engg.pvt ltd-pune,pune,pantnagar,s s industries ,dali samir engg pvt ltd- ptn,8,0,200,auto parts ,client,na,admin,1,0,0,0,0,0,0
204897,15-06-2026,train,belrise industries ltd ,pantnagar,aurangabad,neel metal products ltd,belrise industries ltd ,19 box,0,0,auto parts,client,,admin,0,0,0,0,0,0,0
204898,15-06-2026,air,belrise industries ltd ,pantnagar,aurangabad,neel metal products ltd,belrise industries ltd ,2 box,0,0,auto parts,client,,admin,0,0,0,0,0,0,0
204899,15-06-2026,train,autocomp corporation panse pvt ltd,pantnagar,ennore,autocomp corporation panse pvt ltd,ashok leyland ltd,24 box,0,0,auto parts,client,,admin,0,0,0,0,0,0,0
204900,15-06-2026,train,belrise industries ltd unit -ix,pune,pantnagar,badve autocomps pvt ltd-ii,belrise industries ltd unit -ix,43,0,0,auto parts ,client,na,sanjit,1,0,0,0,0,0,0
204901,15-06-2026,air,u. s. auto controls pvt ltd ,pune,pantnagar,u. s. auto controls pvt ltd ,harihareshwar auot tech private limited,4,0,0,auto parts ,client,na,sanjit,1,0,0,0,0,0,0
204902,15-06-2026,train,starways industries- chakan,pune,sitarganj,starways industries- chakan,starways industries (si),35,0,0,auto parts ,client,na,sanjit,1,0,0,0,0,0,0
204903,15-06-2026,air,starways industries- chakan,pune,sitarganj,starways industries- chakan,starways industries (si),4,0,0,auto parts ,client,na,sanjit,1,0,0,0,0,0,0
204904,15-06-2026,train,starways industries- chakan,pune,sitarganj,starways industries- chakan,starways industries (si),4,0,0,auto parts ,client,na,sanjit,1,0,0,0,0,0,0
204905,15-06-2026,air,starways precisions pvt. ltd. ,pune,sitarganj,starways precisions pvt. ltd. ,starways industries (si),1,0,0,auto parts ,client,na,sanjit,1,0,0,0,0,0,0
204906,16-06-2026,road,sky 4 pune,delhi-airport,pantnagar,l & l prodicts india pvt. ltd.,l & l prodicts india pvt. ltd.,4,0,0,auto part,client,,sunil,1,0,0,0,0,0,0
204907,16-06-2026,air,starways industries- chakan,sitarganj,aurangabad,starways industries (si),starways engineers pvt. ltd.,1 bag,0,0,auto part,client,"note:- delivery plant starways industries- chakan, pune",sanjit,1,0,0,0,0,0,0
204908,16-06-2026,air,starways industries- chakan,pune,sitarganj,starways industries- chakan,starways industries (si),7,0,0,auto parts ,client,na,sanjit,1,0,0,0,0,0,0
204909,16-06-2026,train,starways industries- chakan,pune,sitarganj,starways industries- chakan,starways industries (si),4,0,0,auto parts ,client,na,sanjit,1,0,0,0,0,0,0
204910,16-06-2026,air,reutter innovative closure technologies (p) ltd,chennai,pune,reutter innovative closure technologies (p) ltd,precision auto components,1,0,50,auto parts ,client,na,sanjit,1,0,0,0,0,0,0
204911,16-06-2026,air,belrise industries ltd ,pantnagar,aurangabad,neel metal products ltd,belrise industries ltd ,3,0,0,auto parts,client,,admin,0,0,0,0,0,0,0
204912,16-06-2026,train,belrise industries ltd ,pantnagar,aurangabad,neel metal products ltd,belrise industries ltd ,9 box + 5 bags,0,0,auto parts,client,,admin,0,0,0,0,0,0,0
204913,16-06-2026,train,panorama automotive ind. pvt. ltd.,pune,pantnagar,vaishali industries ,panorama automotive ind. pvt. ltd.,3,0,90,auto parts ,client,na,sanjit,1,0,0,0,0,0,0
204914,16-06-2026,road,u. s. auto controls pvt ltd ,pune,pantnagar,u. s. auto controls pvt ltd ,harihareshwar auot tech private limited,14,0,0,auto parts ,client,na,sanjit,1,0,0,0,0,0,0
204915,16-06-2026,road,u. s. auto controls pvt ltd ,pune,pantnagar,u. s. auto controls pvt ltd ,metalfabtech llp,4,0,0,auto parts ,client,na,sanjit,1,0,0,0,0,0,0
204916,17-06-2026,train,autocomp corporation panse pvt ltd,pantnagar,ennore,autocomp corporation panse pvt ltd,ashok leyland ltd,20,0,0,auto parts,client,,admin,0,0,0,0,0,0,0
204917,16-06-2026,air,reutter innovative closure technologies (p) ltd,pune,chennai,crd components ,reutter innovative closure technologies (p) ltd,1,0,50,auto parts ,client,na,sanjit,1,0,0,0,0,0,0
204918,16-06-2026,air,reutter innovative closure technologies (p) ltd,chennai,pune,reutter innovative closure technologies (p) ltd,voss automotive india pvt ltd ,1,0,50,auto parts ,client,na,sanjit,1,0,0,0,0,0,0
204919,16-06-2026,train,himalayan auto era pvt ltd,pune,pantnagar,atharva foundries pvt. ltd.,himalayan auto era pvt ltd,14,0,315,auto parts ,client,na,sanjit,1,0,0,0,0,0,0
204920,16-06-2026,train,starways industries- chakan,pune,sitarganj,starways industries- chakan,starways industries (si),35 bag,0,0,auto parts ,client,na,sunil,1,0,0,0,0,0,0
204921,17-06-2026,road,sky 4 pune,delhi-airport,pantnagar,sks fasteners ltd.,ashok leyland ltd-ptn,16,0,0,auto part,client,,sunil,1,0,0,0,0,0,0
204922,16-06-2026,road,sky 4 pune,pantnagar,pantnagar,l & l prodicts india pvt. ltd.,l & l prodicts india pvt. ltd.,45,0,0,auto part,client,,sunil,1,0,0,0,0,0,0
204923,08-06-2026,road,sky 4 pune,pantnagar,pantnagar,l & l prodicts india pvt. ltd.,l & l prodicts india pvt. ltd.,44,0,0,auto part,client,,sunil,1,0,0,0,0,0,0
204924,08-06-2026,road,sky 4 pune,pantnagar,pantnagar,l & l prodicts india pvt. ltd.,l & l prodicts india pvt. ltd.,66,0,0,auto part,client,,sunil,1,0,0,0,0,0,0
204925,09-06-2026,road,sky 4 pune,pantnagar,pantnagar,l & l prodicts india pvt. ltd.,l & l prodicts india pvt. ltd.,103,0,0,auto part,client,,sunil,1,0,0,0,0,0,0
204926,10-06-2026,road,sky 4 pune,pantnagar,pantnagar,l & l prodicts india pvt. ltd.,l & l prodicts india pvt. ltd.,46,0,0,auto part,client,,sunil,1,0,0,0,0,0,0
204927,09-06-2026,road,sky 4 pune,pantnagar,pantnagar,l & l prodicts india pvt. ltd.,l & l prodicts india pvt. ltd.,8,0,0,auto part,client,,sunil,1,0,0,0,0,0,0
204928,16-06-2026,road,cj darcl logistics limited,pantnagar,delhi,lumax cornaglia auto tech- ptn,lumax cornaglia auto technolo - pnq,1,0,0,auto part,client,,sunil,1,0,0,0,0,0,0
204929,17-06-2026,air,autocomp corporation panse pvt ltd,pantnagar,ennore,autocomp corporation panse pvt ltd,ashok leyland ltd,10,0,0,auto parts ,client,,admin,0,0,0,0,0,0,0
204930,17-06-2026,air,starways industries- chakan,pune,sitarganj,starways industries- chakan,starways industries (si),17,0,0,auto parts ,client,na,sanjit,1,0,0,0,0,0,0
204931,17-06-2026,train,starways industries- chakan,pune,sitarganj,starways industries- chakan,starways industries (si),10,0,0,auto parts ,client,na,sanjit,1,0,0,0,0,0,0
204932,17-06-2026,air,belrise industries ltd ,pantnagar,aurangabad,neel metal products ltd,belrise industries ltd ,2 box,0,0,auto parts,client,,admin,0,0,0,0,0,0,0
204933,17-06-2026,train,belrise industries ltd ,pantnagar,aurangabad,neel metal products ltd,belrise industries ltd ,4 box + 5 bag,0,0,auto parts,client,,admin,0,0,0,0,0,0,0
204934,17-06-2026,train,starways industries- chakan,sitarganj,pune,starways industries (si),starways industries- chakan,41 bag,0,0,auto part,client,,admin,1,0,0,0,0,0,0
204935,17-06-2026,train,belrise industries ltd unit -ix,pantnagar,pune,belrise industries ltd unit -ix,a s industries,2 box,0,0,auto parts,client,,admin,1,0,0,0,0,0,0
204936,17-06-2026,train,starways industries- chakan,pune,sitarganj,starways industries- chakan,starways industries (si),25,0,0,auto parts ,client,na,sanjit,1,0,0,0,0,0,0
204937,17-06-2026,air,u. s. auto controls pvt ltd ,pune,pantnagar,u. s. auto controls pvt ltd ,harihareshwar auot tech private limited,5,0,0,auto parts ,client,na,sanjit,1,0,0,0,0,0,0
204938,17-06-2026,train,dali samir engg.pvt ltd-pune,pune,pantnagar,sansa auto engineering company - pune,dali samir engg pvt ltd- ptn,4,0,100,auto parts ,client,na,sanjit,1,0,0,0,0,0,0
204939,17-06-2026,air,starways precisions pvt. ltd. ,pune,sitarganj,starways precisions pvt. ltd. ,starways industries (si),3,0,0,auto parts ,client,na,sanjit,1,0,0,0,0,0,0
204940,15-06-2026,road,shiv tempo service ,delhi-airport,pantnagar,shiv tempo service ,shiv tempo service ,50,0,0,auto parts ,client,,admin,1,0,0,0,0,0,0
204941,18-06-2026,air,starways precisions pvt. ltd. ,pune,sitarganj,starways precisions pvt. ltd. ,starways industries (si),1,0,0,auto parts ,client,na,sanjit,1,0,0,0,0,0,0
204942,18-06-2026,air,belrise industries ltd ,pantnagar,aurangabad,neel metal products ltd,belrise industries ltd ,3 box,0,0,auto part,client,,sunil,0,0,0,0,0,0,0
204943,18-06-2026,train,belrise industries ltd ,pantnagar,aurangabad,neel metal products ltd,belrise industries ltd ,2 box + 5 bag,0,0,auto part,client,,sunil,0,0,0,0,0,0,0
204944,18-06-2026,train,himalayan auto era pvt ltd,pune,pantnagar,venkatesh automobile pvt ltd,himalayan auto era pvt ltd,150,0,1200,auto parts ,client,na,sanjit,1,0,0,0,0,0,0
204945,18-06-2026,road,sky 4 pune,delhi-airport,pantnagar,sks fasteners ltd.,dana anand india pvt ltd,5,0,0,auto part,client,4500,sunil,1,0,0,0,0,0,0
204946,18-06-2026,road,shreya industries - pnq,pune,pantnagar,shreya industries - pnq,shreya industries- pnt,20,0,20,auto parts ,client,na,sanjit,1,0,0,0,0,0,0
204947,18-06-2026,road,shreya industries - pnq,pune,pantnagar,shreya industries - pnq,shreya industries- pnt,16,0,16,auto parts ,client,na,admin,1,0,0,0,0,0,0
204948,18-06-2026,train,starways industries- chakan,pune,sitarganj,starways industries- chakan,starways industries (si),47,0,0,auto parts ,client,na,sanjit,1,0,0,0,0,0,0
204949,18-06-2026,air,reutter innovative closure technologies (p) ltd,chennai,pune,reutter innovative closure technologies (p) ltd,voss automotive india pvt ltd ,1,0,50,auto parts ,client,na,sanjit,1,0,0,0,0,0,0
204950,18-06-2026,road,u. s. auto controls pvt ltd ,pune,pantnagar,u. s. auto controls pvt ltd ,metalfabtech llp,4,0,0,auto parts ,client,na,sanjit,1,0,0,0,0,0,0
204951,18-06-2026,road,u. s. auto controls pvt ltd ,pune,pantnagar,u. s. auto controls pvt ltd ,harihareshwar auot tech private limited,5,0,0,auto parts ,client,na,sanjit,1,0,0,0,0,0,0
204952,19-06-2026,road,sky 4 pune,delhi-station,pantnagar,sks fasteners ltd.,dana anand india pvt ltd,20,0,0,auto part,client,,sunil,1,0,0,0,0,0,0
204953,19-06-2026,air,belrise industries ltd unit-14,pune,pantnagar,metaforge engineering (india) private limited ,belrise industries ltd unit-14,5,0,0,auto parts ,client,na,sanjit,1,0,0,0,0,0,0
204954,19-06-2026,road,sky 4 pune,delhi-airport,pantnagar,sks fasteners ltd.,dana anand india pvt ltd,14,0,0,auto part,client,,sunil,1,0,0,0,0,0,0
204955,19-06-2026,air,belrise industries ltd ,pantnagar,aurangabad,neel metal products ltd,belrise industries ltd ,02 box,0,0,auto part,client,,sunil,0,0,0,0,0,0,0
204956,19-06-2026,train,starways industries- chakan,pune,sitarganj,starways industries- chakan,starways industries (si),3,0,0,auto parts ,client,na,sanjit,1,0,0,0,0,0,0
204957,19-06-2026,air,starways industries- chakan,pune,sitarganj,starways industries- chakan,starways industries (si),4,0,0,auto parts ,client,na,sanjit,1,0,0,0,0,0,0
204958,19-06-2026,train,starways industries- chakan,pune,sitarganj,starways industries- chakan,starways industries (si),35,0,0,auto parts ,client,na,sanjit,1,0,0,0,0,0,0
204959,19-06-2026,air,reutter innovative closure technologies (p) ltd,chennai,pune,reutter innovative closure technologies (p) ltd,voss automotive india pvt ltd ,1,0,50,auto parts ,client,na,sanjit,1,0,0,0,0,0,0
204960,20-06-2026,road,sky 4 pune,delhi-station,pantnagar,sks fasteners ltd.,dana anand india pvt ltd,11,0,0,auto part,client,,sunil,1,0,0,0,0,0,0
204961,20-06-2026,air,starways precisions pvt. ltd. ,pune,sitarganj,starways precisions pvt. ltd. ,starways industries (si),1,0,0,auto parts ,client,na,sanjit,1,0,0,0,0,0,0
204962,20-06-2026,air,starways precisions pvt. ltd. ,pune,sitarganj,starways precisions pvt. ltd. ,advik hi-tech pvt ltd,1,0,0,auto parts ,client,na,sanjit,1,0,0,0,0,0,0
204963,20-06-2026,road,sky 4 pune,pantnagar,pantnagar,l & l prodicts india pvt. ltd.,l & l prodicts india pvt. ltd.,10,0,0,auto part,client,,sunil,1,0,0,0,0,0,0
204964,20-06-2026,air,starways industries- chakan,pune,sitarganj,starways industries- chakan,starways industries (si),2,0,0,auto parts ,client,na,sanjit,1,0,0,0,0,0,0
204965,20-06-2026,train,dali samir engg.pvt ltd-pune,pune,pantnagar,sansa auto engineering company - pune,dali samir engg pvt ltd- ptn,3,0,100,auto parts ,client,na,sanjit,1,0,0,0,0,0,0
204966,20-06-2026,air,u. s. auto controls pvt ltd ,bangalore,pune,varna coats private limited ,accord autocomp private limited ,2,0,0,auto parts ,client,"delivery point :- v s autocomponents chilkhali, pune ",sanjit,1,0,0,0,0,0,0
204967,20-06-2026,train,starways industries- chakan,pune,sitarganj,starways industries- chakan,starways industries (si),35,0,0,auto parts ,client,na,sanjit,1,0,0,0,0,0,0
204968,21-06-2026,air,reutter innovative closure technologies (p) ltd,chennai,pune,reutter innovative closure technologies (p) ltd,voss automotive india pvt ltd ,1,0,50,auto parts ,client,na,sanjit,1,0,0,0,0,0,0
204969,21-06-2026,air,yash industries ,libaspur,pune,capital spindles(india) pvt ltd,yash industries ,6,0,174,auto parts ,client,,admin,1,0,0,0,0,0,0
204970,21-06-2026,air,starways precisions pvt. ltd. ,pune,sitarganj,starways precisions pvt. ltd. ,starways industries (si),1,0,0,auto parts ,client,na,sanjit,1,0,0,0,0,0,0
204971,21-06-2026,train,starways industries- chakan,pune,sitarganj,starways industries- chakan,starways industries (si),35,0,0,auto parts ,client,na,sanjit,1,0,0,0,0,0,0
204972,22-06-2026,road express,himalayan auto era pvt ltd,pune,pantnagar,venkatesh automobile pvt ltd,himalayan auto era pvt ltd,217 loose + 6 bags,0,1960,auto parts ,client,na,sunil,1,0,0,0,0,0,0
204973,22-06-2026,road,sky 4 pune,delhi-station,pantnagar,l & l prodicts india pvt. ltd.,l & l prodicts india pvt. ltd.,2,0,0,auto part,client,,sunil,1,0,0,0,0,0,0
204974,22-06-2026,road,sky 4 pune,pantnagar,pantnagar,l & l prodicts india pvt. ltd.,l & l prodicts india pvt. ltd.,23,0,0,auto part,client,,sunil,1,0,0,0,0,0,0
204975,22-06-2026,air,starways industries- chakan,pune,sitarganj,rupkant industries ,starways industries (si),1,0,0,auto parts ,client,na,admin,1,0,0,0,0,0,0
204976,22-06-2026,train,starways industries- chakan,pune,sitarganj,tubros pressings,starways industries (si),6,0,0,auto parts ,client,na,admin,1,0,0,0,0,0,0
204977,22-06-2026,train,panorama automotive ind. pvt. ltd.,pune,pantnagar,s. m. enterprises ,panorama automotive ind. pvt. ltd.,2,0,80,auto parts ,client,na,sanjit,1,0,0,0,0,0,0
204978,22-06-2026,train,starways industries- chakan,pune,sitarganj,starways industries- chakan,starways industries (si),23,0,0,auto parts ,client,na,sanjit,1,0,0,0,0,0,0
204979,22-06-2026,train,starways industries- chakan,pune,sitarganj,starways industries- chakan,starways industries (si),5,0,0,auto parts ,client,na,sanjit,1,0,0,0,0,0,0
204980,22-06-2026,road,u. s. auto controls pvt ltd ,pune,pantnagar,u. s. auto controls pvt ltd ,metalfabtech llp,4,0,0,auto parts ,client,na,sanjit,1,0,0,0,0,0,0
204981,22-06-2026,road,u. s. auto controls pvt ltd ,pune,pantnagar,u. s. auto controls pvt ltd ,harihareshwar auot tech private limited,16,0,0,auto parts ,client,na,sanjit,1,0,0,0,0,0,0
204982,22-06-2026,air,u. s. auto controls pvt ltd ,pune,pantnagar,u. s. auto controls pvt ltd ,harihareshwar auot tech private limited,6,0,0,auto parts ,client,na,sanjit,1,0,0,0,0,0,0
204983,22-06-2026,air,neumann components pvt ltd,faridabad,ennore,neumann components pvt ltd,ashok leyland ltd,13,0,195,auto parts ,client,,admin,1,0,0,0,0,0,0
204984,22-06-2026,train,starways industries- chakan,pune,sitarganj,starways industries- chakan,starways industries (si),35,0,0,auto parts ,client,na,sanjit,1,0,0,0,0,0,0
204985,22-06-2026,air,starways precisions pvt. ltd. ,aurangabad,sitarganj,starways precisions pvt. ltd. ,starways industries (si),2,0,0,auto parts ,client,na,sunil,1,0,0,0,0,0,0
204986,23-06-2026,road,shreya industries - pnq,pune,pantnagar,shreya industries - pnq,shreya industries- pnt,20,0,20,auto parts ,client,na,sanjit,1,0,0,0,0,0,0
204987,23-06-2026,road,shreya industries - pnq,pune,pantnagar,shreya industries - pnq,shreya industries- pnt,16,0,16,auto parts ,client,na,sanjit,1,0,0,0,0,0,0
204988,22-06-2026,air,reutter innovative closure technologies (p) ltd,chennai,pune,reutter innovative closure technologies (p) ltd,voss automotive india pvt ltd ,1,0,50,auto parts ,client,na,sanjit,1,0,0,0,0,0,0
204989,23-06-2026,train,starways industries- chakan,pune,sitarganj,starways industries- chakan,starways industries (si),5,0,0,auto parts ,client,na,sanjit,1,0,0,0,0,0,0
204990,23-06-2026,air,starways industries- chakan,pune,sitarganj,starways industries- chakan,starways industries (si),8,0,0,auto parts ,client,na,sanjit,1,0,0,0,0,0,0
204991,23-06-2026,train,venkatesh automobile pvt ltd,pune,pantnagar,venkatesh automobile pvt ltd,dana anand india pvt ltd,13,0,100,auto parts ,client,na,sanjit,1,0,0,0,0,0,0
204992,23-06-2026,road,sky 4 pune,pantnagar,pantnagar,l & l prodicts india pvt. ltd.,l & l prodicts india pvt. ltd.,29,0,0,auto part,client,,sunil,1,0,0,0,0,0,0
204993,23-06-2026,train,himalayan auto era pvt ltd,pune,pantnagar,venkatesh automobile pvt ltd,himalayan auto era pvt ltd,127,0,1145,auto parts ,client,na,sanjit,1,0,0,0,0,0,0
204994,23-06-2026,train,himalayan auto era pvt ltd,pune,pantnagar,venkatesh automobile pvt ltd,himalayan auto era pvt ltd,2,0,325,auto parts ,client,na,sanjit,1,0,0,0,0,0,0
204995,23-06-2026,air,reutter innovative closure technologies (p) ltd,chennai,pune,reutter innovative closure technologies (p) ltd,voss automotive india pvt ltd ,1,0,50,auto parts ,client,na,sanjit,1,0,0,0,0,0,0
204996,23-06-2026,train,starways industries- chakan,pune,sitarganj,starways industries- chakan,starways industries (si),35,0,0,auto parts ,client,na,sanjit,1,0,0,0,0,0,0
204997,23-06-2026,air,starways industries- chakan,pune,sitarganj,starways industries- chakan,starways industries (si),5,0,0,auto parts ,client,na,sanjit,1,0,0,0,0,0,0
204998,24-06-2026,road,sky 4 pune,pantnagar,pantnagar,l & l prodicts india pvt. ltd.,l & l prodicts india pvt. ltd.,23,0,0,auto part,client,,sunil,1,0,0,0,0,0,0
204999,24-06-2026,train,venkatesh automobile pvt ltd,pune,pantnagar,venkatesh automobile pvt ltd,himalayan auto era pvt ltd,1,0,100,auto parts ,client,na,sanjit,1,0,0,0,0,0,0
205000,24-06-2026,air,starways precisions pvt. ltd. ,pune,sitarganj,starways precisions pvt. ltd. ,starways industries (si),3,0,0,auto parts ,client,na,sanjit,1,0,0,0,0,0,0
205001,24-06-2026,air,u. s. auto controls pvt ltd ,pune,pantnagar,u. s. auto controls pvt ltd ,belrise industries ltd unit -ix,5,0,0,auto parts ,client,na,sanjit,1,0,0,0,0,0,0
205002,24-06-2026,air,starways precisions pvt. ltd. ,aurangabad,sitarganj,starways precisions pvt. ltd. ,starways industries (si),3,0,0,auto parts ,client,na,sunil,1,0,0,0,0,0,0
205003,24-06-2026,train,starways industries- chakan,pune,sitarganj,starways industries- chakan,starways industries (si),35,0,0,auto parts ,client,na,sanjit,1,0,0,0,0,0,0
205004,24-06-2026,air,reutter innovative closure technologies (p) ltd,chennai,pune,reutter innovative closure technologies (p) ltd,voss automotive india pvt ltd ,1,0,50,auto parts ,client,na,sanjit,1,0,0,0,0,0,0
205005,24-06-2026,air,reutter innovative closure technologies (p) ltd,chennai,pune,reutter innovative closure technologies (p) ltd,dali samir engg.pvt ltd-pune,4,0,60,auto parts ,client,na,sanjit,1,0,0,0,0,0,0
205006,25-06-2026,road,u. s. auto controls pvt ltd ,pune,pantnagar,u. s. auto controls pvt ltd ,harihareshwar auot tech private limited,18,0,0,auto parts ,client,na,sanjit,1,0,0,0,0,0,0
205007,25-06-2026,train,starways precisions pvt. ltd. ,pune,sitarganj,starways precisions pvt. ltd. ,starways industries (si),3,0,0,auto parts ,client,na,sanjit,1,0,0,0,0,0,0
205008,25-06-2026,air,reutter innovative closure technologies (p) ltd,chennai,pune,reutter innovative closure technologies (p) ltd,voss automotive india pvt ltd ,1,0,50,auto parts ,client,na,sanjit,1,0,0,0,0,0,0
205009,26-06-2026,air,reutter innovative closure technologies (p) ltd,chennai,pune,reutter innovative closure technologies (p) ltd,voss automotive india pvt ltd ,1,0,50,auto parts ,client,na,sanjit,1,0,0,0,0,0,0
205010,26-06-2026,train,starways industries- chakan,pune,sitarganj,starways industries- chakan,starways industries (si),35,0,0,auto parts ,client,na ,sanjit,1,0,0,0,0,0,0
205011,27-06-2026,road,sky 4 pune,delhi-airport,pantnagar,l & l prodicts india pvt. ltd.,l & l prodicts india pvt. ltd.,1,0,0,auto part,client,,sunil,1,0,0,0,0,0,0
205012,27-06-2026,train,"belrise industries ltd,unit-7e",pune,pantnagar,kapse industries,"belrise industries ltd,unit-7e",30,0,0,auto parts ,client,na,admin,1,0,0,0,0,0,0
205013,27-06-2026,train,starways industries- chakan,pune,sitarganj,starways industries- chakan,starways industries (si),5,0,0,auto parts ,client,na,sanjit,1,0,0,0,0,0,0
205014,27-06-2026,air,starways industries- chakan,pune,sitarganj,starways industries- chakan,starways industries (si),6,0,0,auto ,client,na,sanjit,1,0,0,0,0,0,0
205015,27-06-2026,train,dali samir engg.pvt ltd-pune,pune,pantnagar,shree autoancilliary private limited ,dali samir engg pvt ltd- ptn,20,0,500,auto parts ,client,na,sanjit,1,0,0,0,0,0,0
205016,27-06-2026,train,dali samir engg.pvt ltd-pune,pantnagar,pune,dali samir engg pvt ltd- ptn,dali samir engg.pvt ltd-pune,3,0,100,auto part,client,,sunil,1,0,0,0,0,0,0
205017,27-06-2026,road,u. s. auto controls pvt ltd ,pune,pantnagar,u. s. auto controls pvt ltd ,metalfabtech llp,4,0,0,auto parts ,client,na,sanjit,1,0,0,0,0,0,0
205018,27-06-2026,road,u. s. auto controls pvt ltd ,pune,pantnagar,u. s. auto controls pvt ltd ,harihareshwar auot tech private limited,6,0,0,auto parts ,client,na,sanjit,1,0,0,0,0,0,0
205019,27-06-2026,air,starways precisions pvt. ltd. ,pune,sitarganj,starways precisions pvt. ltd. ,starways industries (si),2,0,0,auto parts ,client,na,admin,1,0,0,0,0,0,0
205020,27-06-2026,air,panorama automotive ind. pvt. ltd.,pune,pantnagar,shree kapur industries ,panorama automotive ind. pvt. ltd.,2,0,50,auto parts ,client,na,sanjit,1,0,0,0,0,0,0
205021,27-06-2026,train,starways industries- chakan,pune,sitarganj,starways industries- chakan,starways industries (si),35,0,0,auto parts ,client,na,sanjit,1,0,0,0,0,0,0
205022,26-06-2026,air,starways precisions pvt. ltd. ,aurangabad,sitarganj,starways precisions pvt. ltd. ,starways industries (si),2,0,0,auto parts ,client,,admin,1,0,0,0,0,0,0
205023,28-06-2026,air,reutter innovative closure technologies (p) ltd,chennai,pune,reutter innovative closure technologies (p) ltd,voss automotive india pvt ltd ,1,0,50,auto parts ,client,na,sanjit,1,0,0,0,0,0,0
205024,28-06-2026,train,starways industries- chakan,pune,sitarganj,starways industries- chakan,starways industries (si),35,0,0,auto parts ,client,na,sanjit,1,0,0,0,0,0,0
205025,29-06-2026,road,shreya industries - pnq,pune,pantnagar,shreya industries - pnq,shreya industries- pnt,20,0,20,auto parts ,client,na,sanjit,1,0,0,0,0,0,0
205026,29-06-2026,road,shreya industries - pnq,pune,pantnagar,shreya industries - pnq,shreya industries- pnt,16,0,16,auto parts ,client,na,sanjit,1,0,0,0,0,0,0
205027,29-06-2026,road,sky 4 pune,delhi-airport,pantnagar,l & l prodicts india pvt. ltd.,l & l prodicts india pvt. ltd.,1,0,0,auto part,client,,sunil,1,0,0,0,0,0,0
205028,29-06-2026,road,sky 4 pune,delhi-station,pantnagar,sks fasteners ltd.,dana anand india pvt ltd,10,0,0,auto part,client,,sunil,1,0,0,0,0,0,0
205029,29-06-2026,air,starways industries- chakan,pune,sitarganj,starways industries- chakan,starways industries (si),1,0,0,auto parts ,client,na,sanjit,1,0,0,0,0,0,0
205030,29-06-2026,air,starways precisions pvt. ltd. ,pune,sitarganj,starways precisions pvt. ltd. ,starways industries (si),1,0,0,auto parts ,client,na,sanjit,1,0,0,0,0,0,0
205031,29-06-2026,air,u. s. auto controls pvt ltd ,pune,pantnagar,u. s. auto controls pvt ltd ,harihareshwar auot tech private limited,11,0,0,auto parts ,client,na,sanjit,1,0,0,0,0,0,0
205032,29-06-2026,air,reutter innovative closure technologies (p) ltd,chennai,pune,reutter innovative closure technologies (p) ltd,voss automotive india pvt ltd ,1,0,50,auto parts ,client,na,sanjit,1,0,0,0,0,0,0
205033,29-06-2026,train,starways industries- chakan,pune,sitarganj,starways industries- chakan,starways industries (si),25,0,0,auto parts ,client,na,sanjit,1,0,0,0,0,0,0
205034,24-06-2026,road,m/s siddharth  alloys,kichha,delhi-airport,m/s siddharth  alloys,m/s siddharth  alloys,1pillet,0,142,auto parts,client,,admin,1,0,0,0,0,0,0
205035,30-06-2026,road,sky 4 pune,delhi-airport,pantnagar,l & l prodicts india pvt. ltd.,l & l prodicts india pvt. ltd.,21,0,0,auto part,client,,sunil,1,0,0,0,0,0,0
205036,30-06-2026,air,starways precisions pvt. ltd. ,pune,sitarganj,starways precisions pvt. ltd. ,starways industries (si),1,0,0,auto parts ,client,na,sanjit,1,0,0,0,0,0,0
205037,30-06-2026,air,starways industries- chakan,pune,sitarganj,rupkant industries ,starways industries (si),1,0,0,auto parts ,client,na,admin,1,0,0,0,0,0,0
205038,30-06-2026,train,starways industries- chakan,pune,sitarganj,starways industries- chakan,starways industries (si),35,0,0,auto parts ,client,na,sanjit,1,0,0,0,0,0,0
205039,30-06-2026,air,starways precisions pvt. ltd. ,aurangabad,sitarganj,starways precisions pvt. ltd. ,starways industries (si),2,0,0,auto parts ,client,na,sanjit,1,0,0,0,0,0,0
205040,30-06-2026,road,u. s. auto controls pvt ltd ,pune,pantnagar,u. s. auto controls pvt ltd ,harihareshwar auot tech private limited,10,0,0,auto parts ,client,na,sanjit,1,0,0,0,0,0,0
205041,30-06-2026,road,sky 4 pune,delhi-station,pantnagar,l & l prodicts india pvt. ltd.,l & l prodicts india pvt. ltd.,5,0,0,auto part,client,,sunil,1,0,0,0,0,0,0
205042,30-06-2026,road,sky 4 pune,pantnagar,pantnagar,l & l prodicts india pvt. ltd.,l & l prodicts india pvt. ltd.,54,0,0,auto part,client,,sunil,1,0,0,0,0,0,0
205043,30-06-2026,road,sky 4 pune,pantnagar,pantnagar,l & l prodicts india pvt. ltd.,l & l prodicts india pvt. ltd.,47,0,0,auto part,client,,sunil,1,0,0,0,0,0,0
205044,30-06-2026,road,sky 4 pune,pantnagar,pantnagar,l & l prodicts india pvt. ltd.,l & l prodicts india pvt. ltd.,87,0,0,auto part,client,,sunil,1,0,0,0,0,0,0
205045,01-07-2026,train,panorama automotive ind. pvt. ltd.,pune,pantnagar,rk industries ,panorama automotive ind. pvt. ltd.,3,0,0,auto parts ,client,na,sanjit,0,0,0,0,0,0,0
205046,01-07-2026,air,reutter innovative closure technologies (p) ltd,chennai,pune,reutter innovative closure technologies (p) ltd,voss automotive india pvt ltd ,2,0,0,auto parts ,client,na,sanjit,0,0,0,0,0,0,0
205047,01-07-2026,train,starways precisions pvt. ltd. ,pune,sitarganj,starways precisions pvt. ltd. ,starways industries (si),3,0,0,auto parts ,client,na,sanjit,0,0,0,0,0,0,0
205048,01-07-2026,train,starways industries- chakan,pune,sitarganj,starways industries- chakan,starways industries (si),35,0,0,auto parts ,client,na,sanjit,0,0,0,0,0,0,0
205049,17-06-2026,road,cj darcl logistics limited,pantnagar,delhi,lumax auto technologies ltd.,lumax auto technologies ltd.,2,0,0,auto parts,client,,admin,1,0,0,0,0,0,0
205050,02-07-2026,road,shreya industries - pnq,pune,pantnagar,shreya industries - pnq,shreya industries- pnt,20,0,0,auto parts ,client,na,sanjit,0,0,0,0,0,0,0
205051,02-07-2026,road,shreya industries - pnq,pune,pantnagar,shreya industries - pnq,shreya industries- pnt,16,0,0,auto parts ,client,na,sanjit,0,0,0,0,0,0,0
205052,01-07-2026,train,dali samir engg.pvt ltd-pune,pune,pantnagar,sansa auto engineering company - pune,dali samir engg pvt ltd- ptn,5,0,0,auto parts ,client,na,sanjit,0,0,0,0,0,0,0
205053,02-07-2026,road,sky 4 pune,pantnagar,pantnagar,l & l prodicts india pvt. ltd.,l & l prodicts india pvt. ltd.,6,0,0,auto part,client,,admin,0,0,0,0,0,0,0
205054,02-07-2026,air,starways precisions pvt. ltd. ,pune,sitarganj,starways precisions pvt. ltd. ,starways industries (si),2,0,0,auto parts ,client,na,sanjit,0,0,0,0,0,0,0
205055,02-07-2026,road express,himalayan auto era pvt ltd,pune,pantnagar,fractmet engineering llp,himalayan auto era pvt ltd,11,0,0,auto parts ,client,na,sanjit,0,0,0,0,0,0,0
205056,02-07-2026,road,u. s. auto controls pvt ltd ,pune,pantnagar,u. s. auto controls pvt ltd ,metalfabtech llp,6,0,0,auto parts ,client,na,admin,0,0,0,0,0,0,0
205057,02-07-2026,air,u. s. auto controls pvt ltd ,pune,pantnagar,u. s. auto controls pvt ltd ,harihareshwar auot tech private limited,5,0,0,auto parts ,client,na,sanjit,0,0,0,0,0,0,0
205058,02-07-2026,air,reutter innovative closure technologies (p) ltd,chennai,pune,reutter innovative closure technologies (p) ltd,voss automotive india pvt ltd ,1,0,0,auto parts ,client,na,sanjit,0,0,0,0,0,0,0
205059,03-07-2026,train,starways industries- chakan,pune,sitarganj,starways industries- chakan,starways industries (si),48,0,0,auto parts ,client,na,sanjit,0,0,0,0,0,0,0
205060,03-07-2026,road,sky 4 pune,pantnagar,pantnagar,l & l prodicts india pvt. ltd.,l & l prodicts india pvt. ltd.,14,0,0,auto part,client,,sunil,0,0,0,0,0,0,0
205061,03-07-2026,train,himalayan auto era pvt ltd,pune,pantnagar,atharva foundries pvt. ltd.,himalayan auto era pvt ltd,126,0,0,auto parts ,client,na,sanjit,0,0,0,0,0,0,0
205062,03-07-2026,train,himalayan auto era pvt ltd,pune,pantnagar,venkatesh automobile pvt ltd,himalayan auto era pvt ltd,200,0,0,auto parts ,client,na,sanjit,0,0,0,0,0,0,0
205063,03-07-2026,air,starways precisions pvt. ltd. ,pune,sitarganj,starways precisions pvt. ltd. ,starways industries (si),2,0,0,auto parts ,client,na,sanjit,0,0,0,0,0,0,0
205064,03-07-2026,train,starways industries- chakan,pune,sitarganj,starways industries- chakan,starways industries (si),35,0,0,auto parts ,client,na,sanjit,0,0,0,0,0,0,0
205065,04-07-2026,road,u. s. auto controls pvt ltd ,pune,pantnagar,u. s. auto controls pvt ltd ,harihareshwar auot tech private limited,7,0,0,auto parts ,client,na,sanjit,0,0,0,0,0,0,0
205066,04-07-2026,air,starways industries- chakan,pune,sitarganj,starways industries- chakan,starways industries (si),1,0,0,auto parts ,client,na,sanjit,0,0,0,0,0,0,0
205067,04-07-2026,air,reutter innovative closure technologies (p) ltd,chennai,pune,reutter innovative closure technologies (p) ltd,voss automotive india pvt ltd ,1,0,0,auto parts ,client,na,sanjit,0,0,0,0,0,0,0
205068,04-07-2026,air,u. s. auto controls pvt ltd ,pune,pantnagar,u. s. auto controls pvt ltd ,harihareshwar auot tech private limited,4,0,0,auto parts ,client,na,sanjit,0,0,0,0,0,0,0
205069,04-07-2026,train,starways industries- chakan,pune,sitarganj,starways industries- chakan,starways industries (si),35,0,0,auto parts ,client,na,sanjit,0,0,0,0,0,0,0
205070,05-07-2026,air,u. s. auto controls pvt ltd ,pune,pantnagar,u. s. auto controls pvt ltd ,harihareshwar auot tech private limited,7,0,0,auto parts ,client,na,sanjit,0,0,0,0,0,0,0
205071,05-07-2026,train,starways industries- chakan,pune,sitarganj,starways industries- chakan,starways industries (si),35,0,0,auto parts ,client,na,sanjit,0,0,0,0,0,0,0
205072,06-07-2026,road,shreya industries - pnq,pune,pantnagar,shreya industries - pnq,shreya industries- pnt,20,0,0,auto parts ,client,na,sanjit,0,0,0,0,0,0,0
205073,06-07-2026,road,shreya industries - pnq,pune,pantnagar,shreya industries - pnq,shreya industries- pnt,16,0,0,auto parts ,client,na,sanjit,0,0,0,0,0,0,0
205074,06-07-2026,air,starways precisions pvt. ltd. ,pune,sitarganj,starways precisions pvt. ltd. ,starways industries (si),1,0,0,auto parts ,client,na,sanjit,0,0,0,0,0,0,0
205075,06-07-2026,train,starways industries- chakan,pune,sitarganj,starways industries- chakan,starways industries (si),7,0,0,auto parts ,client,na,sanjit,0,0,0,0,0,0,0
205076,06-07-2026,train,dali samir engg.pvt ltd-pune,pune,pantnagar,s s industries ,dali samir engg pvt ltd- ptn,16,0,0,auto parts ,client,na,sanjit,0,0,0,0,0,0,0
205077,06-07-2026,road,sky 4 pune,delhi-airport,pantnagar,sks fasteners ltd.,dana anand india pvt ltd,13,0,0,auto parts ,client,,admin,0,0,0,0,0,0,0
205078,04-07-2026,road,sky 4 pune,delhi-station,pantnagar,sks fasteners ltd.,dana anand india pvt ltd,9,0,0,auto parts ,client,,admin,0,0,0,0,0,0,0
205079,06-07-2026,air,dali samir engg.pvt ltd-pune,pune,pantnagar,sansa auto engineering company - pune,dali samir engg pvt ltd- ptn,3,0,0,auto parts ,client,na,sanjit,0,0,0,0,0,0,0
205080,06-07-2026,air,u. s. auto controls pvt ltd ,pune,pantnagar,u. s. auto controls pvt ltd ,harihareshwar auot tech private limited,4,0,0,auto parts ,client,na,sanjit,0,0,0,0,0,0,0
205081,06-07-2026,train,starways industries- chakan,pune,sitarganj,starways industries- chakan,starways industries (si),20,0,0,auto parts ,client,na,sanjit,0,0,0,0,0,0,0
205082,06-07-2026,train,dali samir engg.pvt ltd-pune,pune,pantnagar,sansa auto engineering company - pune,dali samir engg pvt ltd- ptn,11,0,0,auto parts ,client,na,sanjit,0,0,0,0,0,0,0
205083,07-07-2026,road,sky 4 pune,delhi-airport,pantnagar,sks fasteners ltd.,dana anand india pvt ltd,13,0,0,auto parts ,client,,admin,0,0,0,0,0,0,0
205084,06-07-2026,road,u. s. auto controls pvt ltd ,pantnagar,pune,harihareshwar auto tech private limited,u. s. auto controls pvt ltd ,8,0,0,auto parts ,client,,admin,0,0,0,0,0,0,0
205085,07-07-2026,air,starways industries (si),pune,sitarganj,rk industries ,starways industries (si),1,0,0,auto parts ,client,na,sanjit,0,0,0,0,0,0,0
205086,07-07-2026,air,himalayan auto era pvt ltd,pune,pantnagar,shree engineering works ,himalayan auto era pvt ltd,2,0,0,auto parts ,client,na,sanjit,0,0,0,0,0,0,0
205087,07-07-2026,road,u. s. auto controls pvt ltd ,pantnagar,pune,harihareshwar auto tech private limited,u. s. auto controls pvt ltd ,10 bags,0,246,auto part,client,,sunil,0,0,0,0,0,0,0
205088,07-07-2026,road,sky 4 pune,pantnagar,pantnagar,l & l prodicts india pvt. ltd.,l & l prodicts india pvt. ltd.,32,0,0,auto parts ,client,,admin,0,0,0,0,0,0,0
205089,07-07-2026,air,belrise industries ltd unit -ix,pune,pantnagar,a1 engineers ,belrise industries ltd unit -ix,1,0,0,auto parts ,client,na,sanjit,0,0,0,0,0,0,0
205090,07-07-2026,air,belrise industries ltd unit -ix,pune,pantnagar,kudale engineering pvt. ltd.,belrise industries ltd unit -ix,1,0,0,auto parts ,client,na,sanjit,0,0,0,0,0,0,0
205091,07-07-2026,train,dali samir engg.pvt ltd-pune,pune,pantnagar,sansa auto engineering company - pune,dali samir engg pvt ltd- ptn,6,0,0,auto parts ,client,na,sanjit,0,0,0,0,0,0,0
205092,08-07-2026,air,panorama automotive ind. pvt. ltd.,pune,pantnagar,shree kapur industries ,panorama automotive ind. pvt. ltd.,2,0,0,auto parts ,client,na,sanjit,0,0,0,0,0,0,0
205093,08-07-2026,road,u. s. auto controls pvt ltd ,pune,pantnagar,u. s. auto controls pvt ltd ,metalfabtech llp,6,0,0,auto parts ,client,na,sanjit,0,0,0,0,0,0,0
205094,08-07-2026,train,himalayan auto era pvt ltd,pune,pantnagar,venkatesh automobile pvt ltd,himalayan auto era pvt ltd,237,0,0,auto parts ,client,na,sanjit,0,0,0,0,0,0,0
205095,08-07-2026,air,starways precisions pvt. ltd. ,pune,sitarganj,starways precisions pvt. ltd. ,starways industries (si),1,0,0,auto parts ,client,na,sanjit,0,0,0,0,0,0,0
205096,08-07-2026,train,starways industries- chakan,pune,sitarganj,starways industries- chakan,starways industries (si),10,0,0,auto parts ,client,na,sanjit,0,0,0,0,0,0,0
205097,08-07-2026,train,dali samir engg.pvt ltd-pune,pune,pantnagar,sansa auto engineering company - pune,dali samir engg pvt ltd- ptn,10,0,0,auto parts ,client,na,sanjit,0,0,0,0,0,0,0
205098,08-07-2026,air,reutter innovative closure technologies (p) ltd,chennai,pune,reutter innovative closure technologies (p) ltd,voss automotive india pvt ltd ,1,0,0,auto parts ,client,na,sanjit,0,0,0,0,0,0,0
205099,08-07-2026,train,starways industries- chakan,pune,sitarganj,starways industries- chakan,starways industries (si),35,0,0,auto parts ,client,na,sanjit,0,0,0,0,0,0,0
205100,09-07-2026,air,reutter innovative closure technologies (p) ltd,chennai,pune,reutter innovative closure technologies (p) ltd,voss automotive india pvt ltd ,1,0,0,auto parts ,client,na,sanjit,0,0,0,0,0,0,0
205101,09-07-2026,air,reutter innovative closure technologies (p) ltd,chennai,pune,reutter innovative closure technologies (p) ltd,dali samir engg.pvt ltd-pune,5,0,0,auto parts ,client,na,sanjit,0,0,0,0,0,0,0
205102,09-07-2026,road,u. s. auto controls pvt ltd ,pune,pantnagar,u. s. auto controls pvt ltd ,harihareshwar auto tech private limited,12,0,0,auto parts ,client,na,sanjit,0,0,0,0,0,0,0
205103,09-07-2026,road,u. s. auto controls pvt ltd ,pune,pantnagar,u. s. auto controls pvt ltd ,metalfabtech llp,4,0,0,auto parts ,client,na,sunil,0,0,0,0,0,0,0
205104,10-07-2026,road,sky 4 pune,delhi-station,pantnagar,l & l prodicts india pvt. ltd.,l & l prodicts india pvt. ltd.,21,0,0,auto part,client,,sunil,0,0,0,0,0,0,0
205105,10-07-2026,train,starways industries- chakan,pune,sitarganj,starways industries- chakan,starways industries (si),1,0,0,auto parts ,client,na,sanjit,0,0,0,0,0,0,0
205106,10-07-2026,train,dali samir engg.pvt ltd-pune,pune,pantnagar,shree autoancilliary private limited ,dali samir engg pvt ltd- ptn,8,0,0,auto parts ,client,na,sanjit,0,0,0,0,0,0,0
205107,10-07-2026,train,panorama automotive ind. pvt. ltd.,pune,pantnagar,rk industries ,panorama automotive ind. pvt. ltd.,4,0,0,auto parts ,client,na,sanjit,0,0,0,0,0,0,0
205108,10-07-2026,air,belrise industries ltd unit -ix,pune,pantnagar,badve autocomps pvt ltd-ii,belrise industries ltd unit -ix,1,0,0,auto parts ,client,na,sanjit,0,0,0,0,0,0,0
205109,10-07-2026,air,starways precisions pvt. ltd. ,pune,sitarganj,starways precisions pvt. ltd. ,starways industries (si),9,0,0,auto parts ,client,na,sanjit,0,0,0,0,0,0,0
205110,10-07-2026,train,starways industries- chakan,pune,sitarganj,starways industries- chakan,starways industries (si),35,0,0,auto parts ,client,na,sanjit,0,0,0,0,0,0,0
205111,10-07-2026,air,starways precisions pvt. ltd. ,pune,sitarganj,starways precisions pvt. ltd. ,advik hi-tech pvt ltd,1,0,0,auto parts ,client,na,sanjit,0,0,0,0,0,0,0
205112,10-07-2026,train,dali samir engg.pvt ltd-pune,pune,pantnagar,sansa auto engineering company - pune,dali samir engg pvt ltd- ptn,11,0,0,auto parts ,client,na,sanjit,0,0,0,0,0,0,0
205113,08-07-2026,road,sky 4 pune,delhi-station,pantnagar,l & l prodicts india pvt. ltd.,l & l prodicts india pvt. ltd.,2,0,0,auto part,client,,admin,0,0,0,0,0,0,0
205114,11-07-2026,train,starways industries- chakan,pune,sitarganj,starways industries- chakan,starways industries (si),7,0,0,auto parts ,client,na,sanjit,0,0,0,0,0,0,0
205115,10-07-2026,air,starways precisions pvt. ltd. ,aurangabad,sitarganj,starways precisions pvt. ltd. ,starways industries (si),2 bag,0,0,auto part,client,,sunil,0,0,0,0,0,0,0
205116,11-07-2026,air,u. s. auto controls pvt ltd ,pantnagar,pune,harihareshwar auto tech private limited,u. s. auto controls pvt ltd ,3,0,0,auto part,client,,sunil,0,0,0,0,0,0,0
205117,11-07-2026,air,u. s. auto controls pvt ltd ,pune,pantnagar,u. s. auto controls pvt ltd ,harihareshwar auto tech private limited,5,0,0,auto parts ,client,na,sanjit,0,0,0,0,0,0,0
205118,11-07-2026,road,u. s. auto controls pvt ltd ,pune,pantnagar,u. s. auto controls pvt ltd ,metalfabtech llp,4,0,0,auto parts ,client,na,sanjit,0,0,0,0,0,0,0
205119,11-07-2026,road,u. s. auto controls pvt ltd ,pune,pantnagar,u. s. auto controls pvt ltd ,harihareshwar auto tech private limited,10,0,0,auto parts ,client,na,sanjit,0,0,0,0,0,0,0
205120,11-07-2026,air,starways precisions pvt. ltd. ,pune,pantnagar,starways precisions pvt. ltd. ,starways industries (si),5,0,0,auto parts ,client,na,sanjit,0,0,0,0,0,0,0
205121,11-07-2026,air,crd components ,pune,chennai,premolc industries llp,crd components ,1,0,0,auto parts ,client,na,sanjit,0,0,0,0,0,0,0
205122,11-07-2026,train,starways industries- chakan,pune,sitarganj,starways industries- chakan,starways industries (si),35,0,0,auto parts ,client,na,sanjit,0,0,0,0,0,0,0
205123,11-07-2026,train,dali samir engg.pvt ltd-pune,pune,pantnagar,sansa auto engineering company - pune,dali samir engg pvt ltd- ptn,9,0,0,auto parts ,client,na,sanjit,0,0,0,0,0,0,0
205124,12-07-2026,train,starways industries- chakan,pune,sitarganj,starways industries- chakan,starways industries (si),35,0,0,auto parts ,client,na,sanjit,0,0,0,0,0,0,0
205125,12-07-2026,train,dali samir engg.pvt ltd-pune,pune,pantnagar,sansa auto engineering company - pune,dali samir engg pvt ltd- ptn,11,0,0,auto parts ,client,na,sanjit,0,0,0,0,0,0,0
205126,13-07-2026,road,sky 4 pune,delhi-station,pantnagar,l & l prodicts india pvt. ltd.,l & l prodicts india pvt. ltd.,4,0,0,auto part,client,,admin,0,0,0,0,0,0,0
205127,12-07-2026,road,sky 4 pune,delhi-station,pantnagar,l & l prodicts india pvt. ltd.,l & l prodicts india pvt. ltd.,5,0,0,auto part,client,,admin,0,0,0,0,0,0,0
205128,11-07-2026,road,sky 4 pune,delhi-station,pantnagar,l & l prodicts india pvt. ltd.,l & l prodicts india pvt. ltd.,4,0,0,auto part,client,,admin,0,0,0,0,0,0,0
205129,11-07-2026,road,sky 4 pune,pantnagar,sitarganj,sky 4 pune,sky 4 pantnagar,2 palet,0,0,auto part,client,spl delivery,admin,0,0,0,0,0,0,0
205130,13-07-2026,road,u. s. auto controls pvt ltd ,pune,pantnagar,u. s. auto controls pvt ltd ,harihareshwar auto tech private limited,6,0,0,auto parts ,client,na,sanjit,0,0,0,0,0,0,0
205131,13-07-2026,train,dali samir engg.pvt ltd-pune,pune,pantnagar,s s industries ,dali samir engg pvt ltd- ptn,8,0,0,auto parts ,client,na,sanjit,0,0,0,0,0,0,0
205132,13-07-2026,air,starways industries- chakan,pune,sitarganj,starways industries- chakan,starways industries (si),17,0,0,auto parts ,client,na,sanjit,0,0,0,0,0,0,0
205133,13-07-2026,train,starways industries- chakan,pune,sitarganj,starways industries- chakan,starways industries (si),19,0,0,auto parts ,client,na,sanjit,0,0,0,0,0,0,0
205134,13-07-2026,air,panorama automotive ind. pvt. ltd.,pune,pantnagar,shrisaa enterprises ,panorama automotive ind. pvt. ltd.,2,0,0,auto parts ,client,na,sanjit,0,0,0,0,0,0,0
205135,13-07-2026,air,starways precisions pvt. ltd. ,pune,sitarganj,starways precisions pvt. ltd. ,starways industries (si),8,0,0,auto parts ,client,na,sanjit,0,0,0,0,0,0,0
205136,13-07-2026,train,starways industries- chakan,pune,sitarganj,starways industries- chakan,starways industries (si),35,0,0,auto parts ,client,na,sanjit,0,0,0,0,0,0,0
205137,13-07-2026,air,starways precisions pvt. ltd. ,aurangabad,sitarganj,starways precisions pvt. ltd. ,starways industries (si),1,0,0,auto parts ,client,na,sanjit,0,0,0,0,0,0,0
205138,30-06-2026,road,noka frieght carriers pvt ltd,delhi_airport-station,pantnagar,noka frieght carriers pvt ltd,noka frieght carriers pvt ltd,1954,0,42280,auto parts,client,,admin,1,0,0,0,0,0,0
205139,30-06-2026,road,noka frieght carriers pvt ltd,delhi-airport,pantnagar,noka frieght carriers pvt ltd,noka frieght carriers pvt ltd,624,0,11351,auto parts,client,,admin,1,0,0,0,0,0,0
205140,30-06-2026,road,noka frieght carriers pvt ltd,delhi-station,pantnagar,noka frieght carriers pvt ltd,noka frieght carriers pvt ltd,1453,0,0,auto parts,client,,admin,1,0,0,0,0,0,0
205141,30-06-2026,road,shiv tempo service ,delhi-airport,pantnagar,shiv tempo service ,shiv tempo service ,81,0,0,auto parts,client,,admin,1,0,0,0,0,0,0
205142,14-07-2026,air,starways precisions pvt. ltd. ,pune,sitarganj,starways precisions pvt. ltd. ,starways industries (si),2,0,0,auto parts ,client,na,sanjit,0,0,0,0,0,0,0
205143,14-07-2026,air,u. s. auto controls pvt ltd ,pune,pantnagar,u. s. auto controls pvt ltd ,harihareshwar auto tech private limited,6,0,0,auto parts ,client,na,sanjit,0,0,0,0,0,0,0
205144,14-07-2026,road,u. s. auto controls pvt ltd ,pune,pantnagar,u. s. auto controls pvt ltd ,metalfabtech llp,4,0,0,auto parts ,client,na,sanjit,0,0,0,0,0,0,0
205145,14-07-2026,road,u. s. auto controls pvt ltd ,pune,pantnagar,u. s. auto controls pvt ltd ,harihareshwar auto tech private limited,8,0,0,auto parts ,client,na,sanjit,0,0,0,0,0,0,0
205146,14-07-2026,train,starways industries- chakan,pune,sitarganj,starways industries- chakan,starways industries (si),23,0,0,auto parts ,client,na,sanjit,0,0,0,0,0,0,0
205147,14-07-2026,air,starways industries- chakan,pune,sitarganj,starways industries- chakan,starways industries (si),1,0,0,auto parts ,client,na,sanjit,0,0,0,0,0,0,0
205148,14-07-2026,train,dali samir engg.pvt ltd-pune,pune,pantnagar,sansa auto engineering company - pune,dali samir engg pvt ltd- ptn,18,0,0,auto parts ,client,na,sanjit,0,0,0,0,0,0,0
205149,14-07-2026,air,starways precisions pvt. ltd. ,aurangabad,sitarganj,starways precisions pvt. ltd. ,starways industries (si),1,0,0,auto parts ,client,na,sanjit,0,0,0,0,0,0,0
205150,14-07-2026,air,reutter innovative closure technologies (p) ltd,chennai,pune,reutter innovative closure technologies (p) ltd,voss automotive india pvt ltd ,1,0,0,auto parts ,client,na,sanjit,0,0,0,0,0,0,0
205151,14-07-2026,air,reutter innovative closure technologies (p) ltd,chennai,pune,reutter innovative closure technologies (p) ltd,japtech engicorp pvt ltd,1,0,0,auto parts ,client,na,sanjit,0,0,0,0,0,0,0
205152,14-07-2026,train,starways industries- chakan,pune,sitarganj,starways industries- chakan,starways industries (si),35,0,0,auto parts ,client,na,sanjit,0,0,0,0,0,0,0
205153,14-07-2026,air,shreya industries - pnq,pune,pantnagar,shreya industries - pnq,shreya industries- pnt,24,0,0,auto part,client,,sunil,0,0,0,0,0,0,0
205154,15-07-2026,air,shreya industries - pnq,pune,pantnagar,shreya industries - pnq,shreya industries- pnt,24,0,0,auto part,client,,sunil,0,0,0,0,0,0,0
205155,15-07-2026,road,sky 4 pune,pantnagar,pantnagar,l & l prodicts india pvt. ltd.,l & l prodicts india pvt. ltd.,37,0,0,auto part,client,,admin,0,0,0,0,0,0,0
205156,15-07-2026,road,sky 4 pune,pantnagar,pantnagar,l & l prodicts india pvt. ltd.,l & l prodicts india pvt. ltd.,35,0,0,auto part,client,,admin,0,0,0,0,0,0,0
205157,15-07-2026,road,sky 4 pune,pantnagar,pantnagar,l & l prodicts india pvt. ltd.,l & l prodicts india pvt. ltd.,67,0,0,auto part,client,,admin,0,0,0,0,0,0,0
205158,15-07-2026,road,cj darcl logistics limited,delhi,pantnagar,lumax cornaglia auto technolo - pnq,lumax cornaglia auto tech- ptn,7,0,0,auto part,client,,admin,1,0,0,0,0,0,0
205159,15-07-2026,road,sky 4 pune,delhi-airport,pantnagar,sks fasteners ltd.,dana anand india pvt ltd,30,0,0,auto part,client,spl delhi to pnt,admin,0,0,0,0,0,0,0
205160,15-07-2026,air,starways precisions pvt. ltd. ,pune,sitarganj,starways precisions pvt. ltd. ,starways industries (si),1,0,0,auto parts ,client,na,sanjit,0,0,0,0,0,0,0
205161,15-07-2026,air,u. s. auto controls pvt ltd ,pune,pantnagar,u. s. auto controls pvt ltd ,harihareshwar auto tech private limited,3,0,0,auto parts ,client,na,sanjit,0,0,0,0,0,0,0
205162,15-07-2026,air,reutter innovative closure technologies (p) ltd,chennai,pune,reutter innovative closure technologies (p) ltd,voss automotive india pvt ltd ,2,0,0,auto parts ,client,na,sanjit,0,0,0,0,0,0,0
205163,15-07-2026,train,starways industries- chakan,pune,sitarganj,starways industries- chakan,starways industries (si),30,0,0,auto parts ,client,na,sanjit,0,0,0,0,0,0,0
205164,15-07-2026,road,noka frieght carriers pvt ltd,delhi_airport-station,pantnagar,noka frieght carriers pvt ltd,noka frieght carriers pvt ltd,893,0,19382,auto parts,client,,admin,1,0,0,0,0,0,0
205165,15-07-2026,road,noka frieght carriers pvt ltd,delhi-airport,pantnagar,noka frieght carriers pvt ltd,noka frieght carriers pvt ltd,189,0,2977,auto parts,client,,admin,1,0,0,0,0,0,0
205166,15-07-2026,road,noka frieght carriers pvt ltd,delhi-station,pantnagar,noka frieght carriers pvt ltd,noka frieght carriers pvt ltd,869,0,0,auto parts,client,,admin,1,0,0,0,0,0,0
205167,16-07-2026,air,belrise industries ltd unit -ix,pune,pantnagar,a1 engineers ,belrise industries ltd unit -ix,2,0,0,auto parts ,client,na,sanjit,0,0,0,0,0,0,0
205168,15-07-2026,air,belrise industries ltd unit -ix,aurangabad,pantnagar,badve autocomps pvt ltd 1k,belrise industries ltd unit -ix,3,0,0,auto parts ,client,na,sanjit,0,0,0,0,0,0,0
205169,16-07-2026,air,shreya industries - pnq,pune,pantnagar,shreya industries - pnq,shreya industries- pnt,30,0,0,auto part,client,,sunil,0,0,0,0,0,0,0
205170,16-07-2026,train,himalayan auto era pvt ltd,pantnagar,pune,himalayan auto era pvt ltd,dynarc systems pvt ltd,15,0,0,auto part,client,,sunil,0,0,0,0,0,0,0
205171,10-07-2026,air,reutter innovative closure technologies (p) ltd,chennai,jamshedpur,reutter innovative closure technologies (p) ltd,vijayshree autocom ltd,8,0,225,auto parts,client,,admin,0,0,0,0,0,0,0
205172,16-07-2026,train,dali samir engg.pvt ltd-pune,pune,pantnagar,sansa auto engineering company - pune,dali samir engg pvt ltd- ptn,11,0,0,auto parts ,client,na,sanjit,0,0,0,0,0,0,0
205173,17-07-2026,road,u. s. auto controls pvt ltd ,pune,pantnagar,u. s. auto controls pvt ltd ,metalfabtech llp,4,0,0,auto parts ,client,na,sanjit,0,0,0,0,0,0,0
205174,17-07-2026,road,u. s. auto controls pvt ltd ,pune,pantnagar,u. s. auto controls pvt ltd ,harihareshwar auto tech private limited,5,0,0,auto parts ,client,na,sanjit,0,0,0,0,0,0,0
205175,17-07-2026,air,belrise industries ltd unit -ix,pune,pantnagar,badve autocomps pvt ltd-ii,belrise industries ltd unit -ix,8,0,0,auto parts ,client,na,sanjit,0,0,0,0,0,0,0
205176,17-07-2026,train,starways industries- chakan,pune,sitarganj,starways industries- chakan,starways industries (si),49,0,0,auto parts ,client,na,sanjit,0,0,0,0,0,0,0
205177,17-07-2026,air,starways precisions pvt. ltd. ,pune,sitarganj,starways precisions pvt. ltd. ,starways industries (si),1,0,0,auto parts ,client,na,sanjit,0,0,0,0,0,0,0
205178,17-07-2026,air,belrise industries ltd unit -ix,pune,pantnagar,badve autocomps pvt ltd 1k,belrise industries ltd unit -ix,2,0,0,auto parts ,client,na,sanjit,0,0,0,0,0,0,0
205179,17-07-2026,train,starways industries- chakan,pune,sitarganj,starways industries- chakan,starways industries (si),35,0,0,auto parts ,client,na,sunil,0,0,0,0,0,0,0
205180,18-07-2026,air,starways industries (si),pune,sitarganj,rupkant industries ,starways industries (si),1,0,0,auto parts ,client,na,sanjit,0,0,0,0,0,0,0
205181,18-07-2026,road,u. s. auto controls pvt ltd ,pune,pantnagar,u. s. auto controls pvt ltd ,harihareshwar auto tech private limited,8,0,0,auto parts ,client,na,sanjit,0,0,0,0,0,0,0
205182,17-06-2026,road,u. s. auto controls pvt ltd ,pantnagar,pune,harihareshwar auto tech private limited,u. s. auto controls pvt ltd ,18 bag,0,0,auto part,client,,sunil,0,0,0,0,0,0,0
205183,18-07-2026,air,starways precisions pvt. ltd. ,pune,sitarganj,starways precisions pvt. ltd. ,starways industries (si),2,0,0,auto parts ,client,na,sanjit,0,0,0,0,0,0,0
205184,18-07-2026,train,starways industries- chakan,pune,sitarganj,starways industries- chakan,starways industries (si),35,0,0,auto parts ,client,na,sanjit,0,0,0,0,0,0,0
205185,18-07-2026,air,belrise industries ltd ,pune,pantnagar,badve autocomps pvt ltd-ii,belrise industries ltd ,6,0,0,auto parts ,client,na,sanjit,0,0,0,0,0,0,0
205186,19-07-2026,air,shreya industries - pnq,pune,pantnagar,shreya industries - pnq,shreya industries- pnt,30,0,0,auto part,client,,sunil,0,0,0,0,0,0,0
205187,18-07-2026,train,dali samir engg.pvt ltd-pune,pune,pantnagar,sansa auto engineering company - pune,dali samir engg pvt ltd- ptn,25,0,0,auto parts ,client,na,sanjit,0,0,0,0,0,0,0
205188,19-07-2026,air,belrise industries ltd ,aurangabad ,pantnagar,tirumala multi technologies ,belrise industries ltd ,1,0,0,auto parts ,client,na,sanjit,0,0,0,0,0,0,0
205189,19-07-2026,train,starways industries- chakan,pune,sitarganj,starways industries- chakan,starways industries (si),35,0,0,auto parts ,client,na,sanjit,0,0,0,0,0,0,0
205190,20-07-2026,train,sky 4 pune,pune,pantnagar,l & l prodicts india pvt. ltd.,l & l prodicts india pvt. ltd.,42,0,0,auto part,client,,sunil,0,0,0,0,0,0,0
205191,20-07-2026,road,sky 4 pune,pune,pantnagar,l & l prodicts india pvt. ltd.,l & l prodicts india pvt. ltd.,8,0,0,auto part,client,,sunil,0,0,0,0,0,0,0
205192,20-07-2026,train,sky 4 pune,pune,pantnagar,l & l prodicts india pvt. ltd.,automotive stamping and assembly ltd.,2,0,0,auto part,client,,sunil,0,0,0,0,0,0,0
205193,20-07-2026,air,shreya industries - pnq,pune,pantnagar,shreya industries - pnq,shreya industries- pnt,30,0,0,auto part,client,,sunil,0,0,0,0,0,0,0
205194,19-07-2026,train,dali samir engg.pvt ltd-pune,pune,pantnagar,sansa auto engineering company - pune,dali samir engg pvt ltd- ptn,7,0,0,auto parts ,client,na,sanjit,0,0,0,0,0,0,0
205195,20-07-2026,road,u. s. auto controls pvt ltd ,pune,pantnagar,u. s. auto controls pvt ltd ,harihareshwar auto tech private limited,11,0,0,auto parts ,client,na,sanjit,0,0,0,0,0,0,0
205196,20-07-2026,air,u. s. auto controls pvt ltd ,pune,bangalore,u. s. auto controls pvt ltd ,neel metal products ltd,4,0,0,auto parts ,client,na,sanjit,0,0,0,0,0,0,0
205197,20-07-2026,air,belrise industries ltd unit -ix,aurangabad,pantnagar,tirumala multi technologies ,belrise industries ltd unit -ix,5,0,0,auto parts ,client,na,sanjit,0,0,0,0,0,0,0
205198,20-07-2026,air,panorama automotive ind. pvt. ltd.,pune,pantnagar,shrisaa enterprises ,panorama automotive ind. pvt. ltd.,2,0,0,auto parts ,client,na,sanjit,0,0,0,0,0,0,0
205199,20-07-2026,train,panorama automotive ind. pvt. ltd.,pune,pantnagar,rk industries ,panorama automotive ind. pvt. ltd.,4,0,0,auto parts ,client,na,sanjit,0,0,0,0,0,0,0
205200,20-07-2026,air,starways precisions pvt. ltd. ,pune,sitarganj,starways precisions pvt. ltd. ,starways industries (si),6,0,0,auto parts ,client,na,sanjit,0,0,0,0,0,0,0
205201,20-07-2026,train,starways industries- chakan,pune,sitarganj,starways industries- chakan,starways industries (si),35,0,0,auto parts ,client,na,sanjit,0,0,0,0,0,0,0
205202,21-07-2026,road,sky 4 pune,pune,pantnagar,l & l prodicts india pvt. ltd.,l & l prodicts india pvt. ltd.,30,0,0,auto part,client,,sunil,0,0,0,0,0,0,0
205203,21-07-2026,road,sky 4 pune,pune,pantnagar,l & l prodicts india pvt. ltd.,l & l prodicts india pvt. ltd.,22,0,0,auto part,client,,sunil,0,0,0,0,0,0,0
205204,20-07-2026,train,dali samir engg.pvt ltd-pune,pune,pantnagar,sansa auto engineering company - pune,dali samir engg pvt ltd- ptn,8,0,0,auto parts ,client,na,sanjit,0,0,0,0,0,0,0
205205,21-07-2026,train,starways industries- chakan,pune,sitarganj,starways industries- chakan,starways industries (si),7,0,0,auto parts ,client,na,sanjit,0,0,0,0,0,0,0
205206,21-07-2026,air,starways precisions pvt. ltd. ,pune,sitarganj,starways precisions pvt. ltd. ,starways industries (si),1,0,0,auto parts ,client,na,sanjit,0,0,0,0,0,0,0
205207,21-07-2026,air,belrise industries ltd unit -ix,pune,pantnagar,badve autocomps pvt ltd 1k,belrise industries ltd unit -ix,7,0,0,auto parts ,client,na,sanjit,0,0,0,0,0,0,0
205208,21-07-2026,air,crd components ,pune,chennai,premolc industries llp,crd components ,1,0,0,auto parts ,client,na,sanjit,0,0,0,0,0,0,0
205209,21-07-2026,train,starways industries- chakan,pune,sitarganj,starways industries- chakan,starways industries (si),35,0,0,auto parts ,client,na,sanjit,0,0,0,0,0,0,0
205210,22-07-2026,air,sky 4 pune,pune,pantnagar,l & l prodicts india pvt. ltd.,l & l prodicts india pvt. ltd.,25,0,0,auto part,client,,sunil,0,0,0,0,0,0,0
205211,22-07-2026,air,shreya industries - pnq,pune,pantnagar,shreya industries - pnq,shreya industries- pnt,30,0,0,auto part,client,,sunil,0,0,0,0,0,0,0
205212,22-07-2026,air,starways industries- chakan,pune,sitarganj,starways industries- chakan,starways industries (si),1,0,0,auto parts ,client,na,sanjit,0,0,0,0,0,0,0
205213,22-07-2026,train,starways industries- chakan,pune,sitarganj,starways industries- chakan,starways industries (si),11,0,0,auto parts ,client,na,sanjit,0,0,0,0,0,0,0
205214,22-07-2026,air,belrise industries ltd unit -ix,pune,pantnagar,a s industries,belrise industries ltd unit -ix,3,0,0,auto parts ,client,na,sanjit,0,0,0,0,0,0,0
205215,22-07-2026,air,u. s. auto controls pvt ltd ,pune,pantnagar,u. s. auto controls pvt ltd ,harihareshwar auto tech private limited,8,0,0,auto parts ,client,na,sanjit,0,0,0,0,0,0,0
205216,22-07-2026,air,starways precisions pvt. ltd. ,pune,sitarganj,starways precisions pvt. ltd. ,starways industries (si),6,0,0,auto parts ,client,na,sanjit,0,0,0,0,0,0,0
205217,22-07-2026,train,starways industries- chakan,pune,sitarganj,starways industries- chakan,starways industries (si),35,0,0,auto parts ,client,na,sanjit,0,0,0,0,0,0,0
205218,23-07-2026,air,himalayan auto era pvt ltd,rajkot,pantnagar,dhaval steel forge,himalayan auto era pvt ltd,7,0,0,auto parts ,client,,admin,0,0,0,0,0,0,0
205219,23-07-2026,road,shreya industries - pnq,pune,pantnagar,shreya industries - pnq,shreya industries- pnt,30,0,0,auto part,client,,sunil,0,0,0,0,0,0,0
205220,23-07-2026,air,belrise industries ltd unit -ix,aurangabad,pantnagar,badve autocomps pvt ltd 1k,belrise industries ltd unit -ix,9,0,0,auto parts,client,,admin,0,0,0,0,0,0,0
205221,23-07-2026,road,u. s. auto controls pvt ltd ,pune,pantnagar,u. s. auto controls pvt ltd ,harihareshwar auto tech private limited,21,0,0,auto parts ,client,na,sanjit,0,0,0,0,0,0,0
205222,23-07-2026,air,belrise industries ltd unit -ix,pune,pantnagar,a1 engineers ,belrise industries ltd unit -ix,14,0,0,auto parts ,client,na,sunil,0,0,0,0,0,0,0
205223,23-07-2026,train,starways precisions pvt. ltd. ,pune,sitarganj,starways precisions pvt. ltd. ,starways industries (si),12,0,0,auto parts ,client,na,sanjit,0,0,0,0,0,0,0
205224,23-07-2026,air,starways precisions pvt. ltd. ,pune,sitarganj,starways precisions pvt. ltd. ,starways industries (si),6,0,0,auto parts ,client,na,sanjit,0,0,0,0,0,0,0
205225,23-07-2026,air,u. s. auto controls pvt ltd ,pune,pantnagar,u. s. auto controls pvt ltd ,harihareshwar auto tech private limited,4,0,0,auto parts ,client,na,sanjit,0,0,0,0,0,0,0
205226,24-07-2026,air,starways industries- chakan,pune,sitarganj,starways industries- chakan,starways industries (si),2,0,0,auto parts ,client,na,sanjit,0,0,0,0,0,0,0
205227,24-07-2026,air,u. s. auto controls pvt ltd ,pune,pantnagar,u. s. auto controls pvt ltd ,harihareshwar auto tech private limited,7,0,0,auto parts ,client,na,sanjit,0,0,0,0,0,0,0
205228,24-07-2026,train,starways precisions pvt. ltd. ,pune,sitarganj,starways precisions pvt. ltd. ,starways industries (si),1,0,0,auto parts ,client,na,sanjit,0,0,0,0,0,0,0
205229,24-07-2026,train,starways industries- chakan,pune,sitarganj,starways industries- chakan,starways industries (si),35,0,0,auto parts ,client,na,sanjit,0,0,0,0,0,0,0
205230,24-07-2026,air,belrise industries ltd unit -ix,aurangabad,pantnagar,badve autocomps pvt ltd 1k,belrise industries ltd unit -ix,11,0,0,auto parts ,client,sai shraddha precision - 01 bag ,sanjit,0,0,0,0,0,0,0
205231,24-07-2026,air,shreya industries - pnq,pune,pantnagar,shreya industries - pnq,shreya industries- pnt,30,0,0,auto parts ,client,,admin,0,0,0,0,0,0,0
205232,22-07-2026,train,dali samir engg.pvt ltd-pune,pune,pantnagar,sansa auto engineering company - pune,dali samir engg pvt ltd- ptn,4,0,0,auto part,client,,sunil,0,0,0,0,0,0,0
205233,25-07-2026,train,sky 4 pune,pune,pantnagar,l & l prodicts india pvt. ltd.,l & l prodicts india pvt. ltd.,4,0,0,auto part,client,,sunil,0,0,0,0,0,0,0
205234,25-07-2026,air,starways industries (si),pune,sitarganj,rupkant industries ,starways industries (si),1,0,0,auto parts ,client,na,sanjit,0,0,0,0,0,0,0
205235,25-07-2026,road,u. s. auto controls pvt ltd ,pune,pantnagar,u. s. auto controls pvt ltd ,harihareshwar auto tech private limited,7,0,0,auto parts ,client,na,sanjit,0,0,0,0,0,0,0
205236,25-07-2026,road,u. s. auto controls pvt ltd ,pantnagar,pune,harihareshwar auto tech private limited,u. s. auto controls pvt ltd ,20 bag,0,0,auto part,client,,sunil,0,0,0,0,0,0,0
205237,25-07-2026,train,starways industries- chakan,pune,sitarganj,starways industries- chakan,starways industries (si),18,0,0,auto parts ,client,na,sanjit,0,0,0,0,0,0,0
205238,25-07-2026,train,starways precisions pvt. ltd. ,pune,sitarganj,starways precisions pvt. ltd. ,starways industries (si),1,0,0,auto parts ,client,na,sanjit,0,0,0,0,0,0,0
205239,25-07-2026,air,panorama automotive ind. pvt. ltd.,pune,pantnagar,panorama automotive ind. pvt. ltd.,tata motors limited ,2,0,0,auto parts ,client,bill to panorama automotive ind. pvt. ltd. - pune,sanjit,0,0,0,0,0,0,0
205240,25-07-2026,air,reutter innovative closure technologies (p) ltd,pune,chennai,crd components ,reutter innovative closure technologies (p) ltd,1,0,0,auto parts ,client,na,sanjit,0,0,0,0,0,0,0
205241,25-07-2026,air,u. s. auto controls pvt ltd ,pune,pantnagar,u. s. auto controls pvt ltd ,harihareshwar auto tech private limited,10,0,0,auto parts ,client,na,sanjit,0,0,0,0,0,0,0
205242,25-07-2026,train,starways industries- chakan,pune,sitarganj,starways industries- chakan,starways industries (si),35,0,0,auto parts ,client,na,sanjit,0,0,0,0,0,0,0
205243,26-07-2026,road,shreya industries - pnq,pune,pantnagar,shreya industries - pnq,shreya industries- pnt,30,0,0,auto parts ,client,na,sanjit,0,0,0,0,0,0,0
205244,26-07-2026,air,starways precisions pvt. ltd. ,pune,sitarganj,starways precisions pvt. ltd. ,starways industries (si),3,0,0,auto parts ,client,na,sanjit,0,0,0,0,0,0,0
205245,26-07-2026,air,starways industries (si),pune,sitarganj,rupkant industries ,starways industries (si),1,0,0,auto parts ,client,na,sanjit,0,0,0,0,0,0,0
205246,26-07-2026,air,belrise industries ltd unit -ix,aurangabad,pantnagar,badve autocomps pvt ltd 1k,belrise industries ltd unit -ix,10,0,0,auto parts ,client,na,sanjit,0,0,0,0,0,0,0
205247,26-07-2026,air,u. s. auto controls pvt ltd ,pune,pantnagar,u. s. auto controls pvt ltd ,harihareshwar auto tech private limited,6,0,0,auto parts ,client,na,sanjit,0,0,0,0,0,0,0
205248,26-07-2026,train,starways industries- chakan,pune,sitarganj,starways industries- chakan,starways industries (si),35,0,0,auto parts ,client,na,sanjit,0,0,0,0,0,0,0
205249,27-07-2026,train,sky 4 pune,pune,pantnagar,l & l prodicts india pvt. ltd.,l & l prodicts india pvt. ltd.,17,0,0,auto part,client,,sunil,0,0,0,0,0,0,0
205250,27-07-2026,road,sky 4 pune,pune,pantnagar,l & l prodicts india pvt. ltd.,l & l prodicts india pvt. ltd.,4,0,0,auto part,client,automotive sidcul,sunil,0,0,0,0,0,0,0
205251,27-07-2026,train,dali samir engg.pvt ltd-pune,pune,pantnagar,dali samir engg.pvt ltd-pune,dali samir engg pvt ltd- ptn,25,0,0,auto parts ,client,na,sanjit,0,0,0,0,0,0,0
205252,27-07-2026,road,u. s. auto controls pvt ltd ,pune,pantnagar,u. s. auto controls pvt ltd ,harihareshwar auto tech private limited,7,0,0,auto parts ,client,na,sanjit,0,0,0,0,0,0,0
205253,27-07-2026,air,belrise industries ltd unit -ix,pune,pantnagar,a1 stampings,belrise industries ltd unit -ix,4,0,0,auto parts ,client,na,sanjit,0,0,0,0,0,0,0
205254,27-07-2026,air,belrise industries ltd unit -ix,pune,pantnagar,badve autocomps pvt ltd 1k,belrise industries ltd unit -ix,16,0,0,auto parts ,client,na,sanjit,0,0,0,0,0,0,0
205255,27-07-2026,train,dali samir engg pvt ltd- ptn,pune,pantnagar,sansa auto engineering company - pune,dali samir engg pvt ltd- ptn,11,0,0,auto parts ,client,na,sanjit,0,0,0,0,0,0,0
205256,27-07-2026,air,starways precisions pvt. ltd. ,pune,sitarganj,starways precisions pvt. ltd. ,starways industries (si),1,0,0,auto parts ,client,na,sanjit,0,0,0,0,0,0,0
205257,27-07-2026,air,u. s. auto controls pvt ltd ,pune,pantnagar,u. s. auto controls pvt ltd ,harihareshwar auto tech private limited,3,0,0,auto parts ,client,na,sanjit,0,0,0,0,0,0,0
205258,27-07-2026,train,starways industries- chakan,pune,sitarganj,starways industries- chakan,starways industries (si),35,0,0,auto parts ,client,na,sanjit,0,0,0,0,0,0,0
205259,27-07-2026,air,belrise industries ltd unit -ix,pune,pantnagar,badve autocomps pvt ltd-ii,belrise industries ltd unit -ix,10,0,0,auto parts ,client,simmonds marshall limited 2 bag after packing total 11 pkg,sanjit,0,0,0,0,0,0,0
205260,28-07-2026,road,shreya industries - pnq,pune,pantnagar,shreya industries - pnq,shreya industries- pnt,30,0,0,auto parts ,client,na ,admin,0,0,0,0,0,0,0
205261,28-07-2026,train,himalayan auto era pvt ltd,pantnagar,pune,himalayan auto era pvt ltd,venkatesh automobile pvt ltd,5,0,0,auto parts,client,,admin,0,0,0,0,0,0,0
205262,28-07-2026,air,starways industries- chakan,pune,sitarganj,starways industries- chakan,starways industries (si),1,0,0,auto parts ,client,na,sanjit,0,0,0,0,0,0,0
205263,28-07-2026,air,starways precisions pvt. ltd. ,pune,sitarganj,starways precisions pvt. ltd. ,starways industries (si),5,0,0,auto parts ,client,na,sanjit,0,0,0,0,0,0,0
205264,28-07-2026,train,starways precisions pvt. ltd. ,pune,sitarganj,starways precisions pvt. ltd. ,starways industries (si),7,0,0,auto parts ,client,na,sanjit,0,0,0,0,0,0,0
205265,28-07-2026,train,starways industries- chakan,pune,sitarganj,starways industries- chakan,starways industries (si),35,0,0,auto parts ,client,na,sanjit,0,0,0,0,0,0,0
205266,28-07-2026,air,u. s. auto controls pvt ltd ,pune,pantnagar,u. s. auto controls pvt ltd ,harihareshwar auto tech private limited,16,0,0,auto parts ,client,na,sanjit,0,0,0,0,0,0,0
205267,28-07-2026,air,belrise industries ltd unit -ix,aurangabad,pantnagar,badve autocomps pvt ltd 1k,belrise industries ltd unit -ix,20,0,0,auto parts ,client,na,sanjit,0,0,0,0,0,0,0
205268,29-07-2026,air,shreya industries - pnq,pune,pantnagar,shreya industries - pnq,shreya industries- pnt,30,0,0,auto parts ,client,,admin,0,0,0,0,0,0,0
205269,28-07-2026,air,dali samir engg.pvt ltd-pune,bangalore,pune,tiss-kgk security systems pvt ltd,dali samir engg.pvt ltd-pune,3,0,0,auto parts ,client,,admin,0,0,0,0,0,0,0
205270,29-07-2026,air,dali samir engg.pvt ltd-pune,bangalore,pune,tiss-kgk security systems pvt ltd,dali samir engg.pvt ltd-pune,4,0,0,auto parts ,client,,admin,0,0,0,0,0,0,0
205271,29-07-2026,air,starways precisions pvt. ltd. ,pune,sitarganj,starways precisions pvt. ltd. ,starways industries (si),1,0,0,auto parts ,client,na,sanjit,0,0,0,0,0,0,0
205272,29-07-2026,air,starways precisions pvt. ltd. ,pune,sitarganj,starways precisions pvt. ltd. ,advik hi-tech pvt ltd,1,0,0,auto parts ,client,na,sanjit,0,0,0,0,0,0,0
205273,29-07-2026,train,dali samir engg.pvt ltd-pune,pune,pantnagar,sansa auto engineering company - pune,dali samir engg pvt ltd- ptn,4,0,0,auto parts ,client,na,sanjit,0,0,0,0,0,0,0
205274,29-07-2026,air,belrise industries ltd unit -ix,aurangabad,pantnagar,badve autocomps pvt ltd 1k,belrise industries ltd unit -ix,10,0,0,auto parts ,client,na,sanjit,0,0,0,0,0,0,0
205275,29-07-2026,train,starways industries- chakan,pune,sitarganj,starways industries- chakan,starways industries (si),25,0,0,auto parts ,client,na,sanjit,0,0,0,0,0,0,0
205276,29-07-2026,air,belrise industries ltd unit -ix,pune,pantnagar,badve autocomps pvt ltd-ii,belrise industries ltd unit -ix,4,0,0,auto parts ,client,pickup in bamboli plant pune,sanjit,0,0,0,0,0,0,0
205277,29-07-2026,road,u. s. auto controls pvt ltd ,pune,pantnagar,u. s. auto controls pvt ltd ,harihareshwar auto tech private limited,10,0,0,auto parts ,client,na,sanjit,0,0,0,0,0,0,0
205278,29-07-2026,road,sky 4 pune,pune,pantnagar,l & l prodicts india pvt. ltd.,l & l prodicts india pvt. ltd.,6,0,0,auto part,client,automotive sidcul,sunil,0,0,0,0,0,0,0
205279,29-07-2026,train,sky 4 pune,pune,pantnagar,l & l prodicts india pvt. ltd.,l & l prodicts india pvt. ltd.,21,0,0,auto part,client,,sunil,0,0,0,0,0,0,0
205280,30-07-2026,air,shreya industries - pnq,pune,pantnagar,shreya industries - pnq,shreya industries- pnt,30,0,0,auto parts ,client,na,sanjit,0,0,0,0,0,0,0
205281,30-07-2026,train,sky 4 pune,pune,pantnagar,l & l prodicts india pvt. ltd.,l & l prodicts india pvt. ltd.,2,0,0,auto part,client,,sunil,0,0,0,0,0,0,0
205282,30-07-2026,air,u. s. auto controls pvt ltd ,pune,pantnagar,u. s. auto controls pvt ltd ,harihareshwar auto tech private limited,22,0,0,auto parts ,client,na,sanjit,0,0,0,0,0,0,0
205283,30-07-2026,road,u. s. auto controls pvt ltd ,pune,pantnagar,u. s. auto controls pvt ltd ,harihareshwar auto tech private limited,6,0,0,auto parts ,client,na,sanjit,0,0,0,0,0,0,0
205284,30-07-2026,train,starways industries- chakan,pune,sitarganj,starways industries- chakan,starways industries (si),18,0,0,auto parts ,client,na,sanjit,0,0,0,0,0,0,0
205285,30-07-2026,air,starways precisions pvt. ltd. ,pune,sitarganj,starways precisions pvt. ltd. ,starways industries (si),2,0,0,auto parts ,client,na,sanjit,0,0,0,0,0,0,0
205286,30-07-2026,air,belrise industries ltd unit -ix,pune,pantnagar,sai shraddha precision,belrise industries ltd unit -ix,1,0,0,auto parts ,client,pickup in badve autocomps mahalunge plant pune ,sanjit,0,0,0,0,0,0,0
205287,30-07-2026,air,belrise industries ltd unit -ix,pune,pantnagar,badve autocomps pvt ltd-ii,belrise industries ltd unit -ix,12,0,0,auto parts ,client,pickup in badve autocomps bamboli plant pune ,sanjit,0,0,0,0,0,0,0
205288,31-07-2026,road,sky 4 pune,pune,pantnagar,l & l prodicts india pvt. ltd.,l & l prodicts india pvt. ltd.,37,0,0,auto part,client,,sunil,0,0,0,0,0,0,0
205289,31-07-2026,air,starways precisions pvt. ltd. ,pune,sitarganj,starways precisions pvt. ltd. ,starways industries (si),4,0,0,auto parts ,client,na,sanjit,0,0,0,0,0,0,0
205290,31-07-2026,air,belrise industries ltd unit -ix,aurangabad,pantnagar,badve autocomps pvt ltd 1k,belrise industries ltd unit -ix,10,0,0,auto parts ,client,na,sanjit,0,0,0,0,0,0,0
205291,31-07-2026,air,belrise industries ltd unit -ix,pune,pantnagar,badve autocomps pvt ltd-ii,belrise industries ltd unit -ix,6,0,0,auto parts ,client,na,sanjit,0,0,0,0,0,0,0
205292,01-08-2026,road,shreya industries - pnq,pune,pantnagar,shreya industries - pnq,shreya industries- pnt,36,0,0,auto part,client,,sunil,0,0,0,0,0,0,0
205293,01-08-2026,train,sky 4 pune,pune,pantnagar,l & l prodicts india pvt. ltd.,l & l prodicts india pvt. ltd.,12,0,0,auto part,client,,sunil,0,0,0,0,0,0,0
205294,01-08-2026,train,starways industries (si),pune,sitarganj,rupkant industries ,starways industries (si),1,0,0,auto parts ,client,na,sanjit,0,0,0,0,0,0,0
205295,01-08-2026,air,starways precisions pvt. ltd. ,pune,sitarganj,starways precisions pvt. ltd. ,starways industries (si),2,0,0,auto parts ,client,na,sanjit,0,0,0,0,0,0,0
205296,01-08-2026,air,u. s. auto controls pvt ltd ,pune,pantnagar,u. s. auto controls pvt ltd ,harihareshwar auto tech private limited,14,0,0,auto parts ,client,na,sanjit,0,0,0,0,0,0,0
205297,01-08-2026,air,belrise industries ltd unit -ix,aurangabad,pantnagar,dhananjay auto craft pvt.ltd - i,belrise industries ltd unit -ix,10,0,0,auto parts ,client,na,sanjit,0,0,0,0,0,0,0
205298,01-08-2026,air,belrise industries ltd unit -ix,aurangabad,pantnagar,badve autocomps pvt ltd 1k,belrise industries ltd unit -ix,7,0,0,auto parts ,client,na,sanjit,0,0,0,0,0,0,0
