"awb","date","mode","client","origin","destination","consignor","consignee","box","actual_wt","charge_wt","type_of_delivery","insured","remarks","clerk_name","status","frieght_charge","awb_charge","pickup_charge","delivery_charge","packaging_charge","handling_charge"
"203992","2026-01-05","Road","CJ DARCL LOGISTICS LIMITED","DELHI","PANTNAGAR","CJ DARCL LOGISTICS LIMITED","CJ DARCL LOGISTICS LIMITED","6","0.00","0.00","AUTO PARTS ","Owner",,"AKASH","1","0.00","0.00","0.00","0.00","0.00","0.00"
"203989","2026-01-02","Road","SHREYA INDUSTRIES - PNQ","PUNE","PANTNAGAR","SHREYA INDUSTRIES - PNQ","SHREYA INDUSTRIES- PNT","40","0.00","40.00","AUTO PARTS","Owner",,"Dharmendra Puri","1","0.00","0.00","0.00","0.00","0.00","0.00"
"203991","2026-01-03","Train","STARWAYS PRECISIONS PVT. LTD. ","PUNE","SITARGANJ","STARWAYS PRECISIONS PVT. LTD. ","STARWAYS INDUSTRIES (SI)","2","50.00","100.00","AUTO PARTS","Owner","MATERIAL DELIVERED","Dharmendra Puri","1","0.00","0.00","0.00","0.00","0.00","0.00"
"204018","2026-01-13","Train","PANORAMA AUTOMOTIVE IND. PVT. LTD.","PUNE","PANTNAGAR","RK INDUSTRIES ","PANORAMA AUTOMOTIVE IND. PVT. LTD.","4","0.00","120.00","AUTO PARTS ","Owner","VS ENGENEERING/ RK INDUSTRIES ","Dharmendra Puri","1","0.00","0.00","0.00","0.00","0.00","0.00"
"204002","2026-01-07","Train","STARWAYS PRECISIONS PVT. LTD. ","PUNE","SITARGANJ","STARWAYS PRECISIONS PVT. LTD. ","STARWAYS INDUSTRIES (SI)","16","0.00","335.00","AUTO PARTS ","Owner",,"Admin","1","0.00","0.00","0.00","0.00","0.00","0.00"
"204026","2026-01-14","Air","STARWAYS PRECISIONS PVT. LTD. ","PUNE","SITARGANJ","STARWAYS PRECISIONS PVT. LTD. ","STARWAYS INDUSTRIES (SI)","5","0.00","105.00","AUTO PARTS","Client",,"Admin","1","0.00","0.00","0.00","0.00","0.00","0.00"
"204025","2026-01-14","Train","DALI SAMIR ENGG.PVT LTD-PUNE","PUNE","PANTNAGAR","SANSA AUTO ENGINEERING COMPANY - PUNE","DALI SAMIR ENGG.PVT LTD-PUNE","6","0.00","150.00","AUTO PARTS","Owner",,"AKASH","1","0.00","0.00","0.00","0.00","0.00","0.00"
"203993","2026-01-05","Air","DALI SAMIR ENGG.PVT LTD-PUNE","PUNE","PANTNAGAR","PREMIER SEALS PVT LTD","DALI & SAMIR ENGG PVT LTD- PTN","1","0.00","50.00","AUTO PARTS","Owner",,"AKASH","1","0.00","0.00","0.00","0.00","0.00","0.00"
"203994","2026-01-05","Air","SHREYA INDUSTRIES - PNQ","PUNE","PANTNAGAR","SHREYA INDUSTRIES - PNQ","SHREYA INDUSTRIES- PNT","24","0.00","960.00","AUTO PARTS","Owner",,"Admin","1","0.00","0.00","0.00","0.00","0.00","0.00"
"203995","2026-01-05","Road","CJ DARCL LOGISTICS LIMITED","PANTNAGAR","DELHI","CJ DARCL LOGISTICS LIMITED","CJ DARCL LOGISTICS LIMITED","40","0.00","0.00","AUTO PARTS","Owner",,"AKASH","1","0.00","0.00","0.00","0.00","0.00","0.00"
"203996","2026-01-06","Train","STARWAYS INDUSTRIES- CHAKAN","PUNE","SITARGANJ","STARWAYS INDUSTRIES- CHAKAN","STARWAYS INDUSTRIES (SI)","5","0.00","120.00","AUTO PARTS","Owner",,"Admin","1","0.00","0.00","0.00","0.00","0.00","0.00"
"203997","2026-01-06","Air","STARWAYS INDUSTRIES- CHAKAN","PUNE","SITARGANJ","STARWAYS INDUSTRIES- CHAKAN","STARWAYS INDUSTRIES (SI)","1","0.00","50.00","AUTO PARTS","Owner",,"AKASH","1","0.00","0.00","0.00","0.00","0.00","0.00"
"203998","2026-01-06","Air","SHREYA INDUSTRIES - PNQ","PUNE","PANTNAGAR","SHREYA INDUSTRIES - PNQ","SHREYA INDUSTRIES- PNT","24","0.00","960.00","AUTO PARTS","Owner",,"Admin","1","0.00","0.00","0.00","0.00","0.00","0.00"
"203999","2026-01-07","Road","SHREYA INDUSTRIES - PNQ","PUNE","PANTNAGAR","SHREYA INDUSTRIES - PNQ","SHREYA INDUSTRIES- PNT","24","0.00","24.00","AUTO PARTS","Owner",,"AKASH","1","0.00","0.00","0.00","0.00","0.00","0.00"
"204000","2026-01-07","Air","U. S. AUTO CONTROLS PVT LTD","PUNE","PANTNAGAR","U. S. AUTO CONTROLS PVT LTD","BELRISE INDUSTRIES LTD UNIT -IX","2","0.00","60.00","AUTO PARTS","Owner",,"Admin","1","0.00","0.00","0.00","0.00","0.00","0.00"
"204001","2026-01-07","Air","STARWAYS PRECISIONS PVT. LTD.","PUNE","SITARGANJ","STARWAYS PRECISIONS PVT. LTD.","STARWAYS INDUSTRIES (SI)","1","0.00","50.00","AUTO PARTS","Owner",,"AKASH","1","0.00","0.00","0.00","0.00","0.00","0.00"
"204003","2026-01-08","Air","DALI SAMIR ENGG.PVT LTD-PUNE","PUNE","PANTNAGAR","PREMIER SEALS PVT LTD","DALI & SAMIR ENGG PVT LTD- PTN","1","0.00","50.00","AUTO PARTS","Owner",,"AKASH","1","0.00","0.00","0.00","0.00","0.00","0.00"
"204004","2026-01-08","Train","PANORAMA AUTOMOTIVE IND. PVT. LTD.","PUNE","PANTNAGAR","POLESTAR AUTO","PANORAMA AUTOMOTIVE IND. PVT. LTD.","3","0.00","100.00","AUTO PARTS","Owner",,"AKASH","1","0.00","0.00","0.00","0.00","0.00","0.00"
"204005","2026-01-08","Air","U. S. AUTO CONTROLS PVT LTD","PUNE","PANTNAGAR","U. S. AUTO CONTROLS PVT LTD","BELRISE INDUSTRIES LTD UNIT -IX","2","0.00","60.00","AUTO PARTS","Owner",,"Admin","1","0.00","0.00","0.00","0.00","0.00","0.00"
"204006","2026-01-08","Road","SHREYA INDUSTRIES - PNQ","PUNE","PANTNAGAR","SHREYA INDUSTRIES - PNQ","SHREYA INDUSTRIES- PNT","24","0.00","24.00","AUTO PARTS","Owner",,"Admin","1","0.00","0.00","0.00","0.00","0.00","0.00"
"204007","2026-01-08","Train","STARWAYS PRECISIONS PVT. LTD.","PUNE","SITARGANJ","STARWAYS PRECISIONS PVT. LTD.","STARWAYS INDUSTRIES (SI)","10","0.00","100.00","AUTO PARTS","Owner",,"AKASH","1","0.00","0.00","0.00","0.00","0.00","0.00"
"204008","2026-01-08","Train","STARWAYS PRECISIONS PVT. LTD.","PUNE","SITARGANJ","STARWAYS PRECISIONS PVT. LTD.","STARWAYS INDUSTRIES (SI)","55","0.00","1080.00","AUTO PARTS","Owner",,"Admin","1","0.00","0.00","0.00","0.00","0.00","0.00"
"204009","2026-01-09","Train","STARWAYS PRECISIONS PVT. LTD.","PUNE","SITARGANJ","STARWAYS PRECISIONS PVT. LTD.","STARWAYS INDUSTRIES (SI)","2","0.00","100.00","AUTO PARTS","Owner",,"Admin","1","0.00","0.00","0.00","0.00","0.00","0.00"
"204010","2026-01-10","Road","SHREYA INDUSTRIES - PNQ","PUNE","PANTNAGAR","SHREYA INDUSTRIES - PNQ","SHREYA INDUSTRIES- PNT","25","0.00","25.00","AUTO PARTS","Owner",,"Admin","1","0.00","0.00","0.00","0.00","0.00","0.00"
"204011","2026-01-10","Road","SHREYA INDUSTRIES - PNQ","PUNE","PANTNAGAR","SHREYA INDUSTRIES - PNQ","SHREYA INDUSTRIES- PNT","25","0.00","25.00","AUTO PARTS","Owner",,"Admin","1","0.00","0.00","0.00","0.00","0.00","0.00"
"204012","2026-01-10","Air","U. S. AUTO CONTROLS PVT LTD","PUNE","PANTNAGAR","U. S. AUTO CONTROLS PVT LTD","BELRISE INDUSTRIES LTD UNIT -IX","2","0.00","50.00","AUTO PARTS","Owner",,"Admin","1","0.00","0.00","0.00","0.00","0.00","0.00"
"204013","2026-01-12","Road","SKY 4 PUNE","DELHI-STATION","PANTNAGAR","SKY 4 PUNE","SKY 4 PANTNAGAR","16","0.00","0.00","AUTO PARTS","Owner",,"Admin","1","0.00","0.00","0.00","0.00","0.00","0.00"
"204014","2026-01-12","Train","ASHA INDUSTRIES","AURANGABAD","PANTNAGAR","ASHA INDUSTRIES","BELRISE INDUSTRIES LTD UNIT -IX","3","0.00","100.00","AUTO PARTS","Owner",,"AKASH","1","0.00","0.00","0.00","0.00","0.00","0.00"
"204015","2026-01-13","Road","SHREYA INDUSTRIES - PNQ","PUNE","PANTNAGAR","SHREYA INDUSTRIES - PNQ","SHREYA INDUSTRIES- PNT","26","0.00","26.00","AUTO PARTS","Owner",,"Admin","1","0.00","0.00","0.00","0.00","0.00","0.00"
"204016","2026-01-13","Road","SHREYA INDUSTRIES - PNQ","PUNE","PANTNAGAR","SHREYA INDUSTRIES - PNQ","SHREYA INDUSTRIES- PNT","26","0.00","26.00","AUTO PARTS","Owner",,"Admin","1","0.00","0.00","0.00","0.00","0.00","0.00"
"204017","2026-01-13","Air","DALI SAMIR ENGG.PVT LTD-PUNE","PUNE","PANTNAGAR","PREMIER SEALS PVT LTD","DALI & SAMIR ENGG PVT LTD- PTN","2","0.00","50.00","AUTO PARTS","Owner",,"Dharmendra Puri","1","0.00","0.00","0.00","0.00","0.00","0.00"
"204019","2026-01-13","Air","U. S. AUTO CONTROLS PVT LTD","PUNE","PANTNAGAR","U. S. AUTO CONTROLS PVT LTD","BELRISE INDUSTRIES LTD UNIT -IX","2","0.00","65.00","AUTO PARTS","Owner",,"Admin","1","0.00","0.00","0.00","0.00","0.00","0.00"
"204020","2026-01-14","Train","STARWAYS INDUSTRIES (SI)","SITARGANJ","AURANGABAD","STARWAYS INDUSTRIES (SI)","STARWAYS ENGINEERS PVT. LTD.","1","0.00","100.00","AUTO PARTS","Owner",,"Admin","1","0.00","0.00","0.00","0.00","0.00","0.00"
"204021","2026-01-13","Air","VENKATESH AUTOMOBILE PVT LTD","CHANDIGARH","PUNE","FORGE AUTO INTERNATIONAL LTD","VENKATESH AUTOMOBILE PVT LTD","6","0.00","120.00","AUTO PARTS","Owner",,"Admin","1","0.00","0.00","0.00","0.00","0.00","0.00"
"204022","2026-01-14","Train","PANORAMA AUTOMOTIVE IND. PVT. LTD.","PUNE","PANTNAGAR","POLESTAR AUTO","PANORAMA AUTOMOTIVE IND. PVT. LTD.","3","0.00","100.00","AUTO PARTS","Owner",,"AKASH","1","0.00","0.00","0.00","0.00","0.00","0.00"
"204023","2026-01-14","Air","HIMALAYAN AUTO ERA PVT LTD","PUNE","PANTNAGAR","VENKATESH AUTOMOBILE PVT LTD","HIMALAYAN AUTO ERA PVT LTD","4","0.00","150.00","AUTO PARTS","Owner",,"AKASH","1","0.00","0.00","0.00","0.00","0.00","0.00"
"204024","2026-01-14","Road","SHREYA INDUSTRIES - PNQ","PUNE","PANTNAGAR","SHREYA INDUSTRIES - PNQ","SHREYA INDUSTRIES- PNT","26","0.00","26.00","AUTO PARTS","Owner",,"Admin","1","0.00","0.00","0.00","0.00","0.00","0.00"
"204029","2026-01-16","Road","SHREYA INDUSTRIES - PNQ","PUNE","PANTNAGAR","SHREYA INDUSTRIES - PNQ","SHREYA INDUSTRIES- PNT","26","0.00","26.00","AUTO PARTS","Owner",,"Admin","1","0.00","0.00","0.00","0.00","0.00","0.00"
"204027","2026-01-15","Train","STARWAYS PRECISIONS PVT. LTD. ","PUNE","SITARGANJ","STARWAYS PRECISIONS PVT. LTD. ","STARWAYS INDUSTRIES (SI)","15","0.00","100.00","AUTO PARTS","Owner",,"Admin","1","0.00","0.00","0.00","0.00","0.00","0.00"
"204028","2026-01-15","Air","U. S. AUTO CONTROLS PVT LTD ","PUNE","PANTNAGAR","U. S. AUTO CONTROLS PVT LTD ","BELRISE INDUSTRIES LTD UNIT -IX","3","0.00","75.00","AUTOPARTS","Owner",,"Admin","1","0.00","0.00","0.00","0.00","0.00","0.00"
"204030","2026-01-16","Train","HIMALAYAN AUTO ERA PVT LTD","PUNE","PANTNAGAR","VENKATESH AUTOMOBILE PVT LTD","HIMALAYAN AUTO ERA PVT LTD","15","0.00","450.00","AUTO PARTS","Owner",,"AKASH","1","0.00","0.00","0.00","0.00","0.00","0.00"
"204031","2026-01-16","Air","MINDA WESTPORT TECHNOLOGIES LTD","MANESAR","RANJANGAON","MINDA WESTPORT TECHNOLOGIES LTD","FIAT INDIA AUTOMOBILES PRIVATE LTD.","30","208.00","208.00","AUTO PARTS","Owner","APROVED BY SURENDRA JEE","AKASH","0","12480.00","100.00","0.00","1500.00","0.00","0.00"
"204032","2026-01-16","Train","STARWAYS PRECISIONS PVT. LTD. ","PUNE","SITARGANJ","STARWAYS PRECISIONS PVT. LTD. ","STARWAYS INDUSTRIES (SI)","8","0.00","210.00","AUTO PARTS","Owner",,"Admin","1","0.00","0.00","0.00","0.00","0.00","0.00"
"204033","2026-01-17","Road","SHREYA INDUSTRIES - PNQ","PUNE","PANTNAGAR","SHREYA INDUSTRIES - PNQ","SHREYA INDUSTRIES- PNT","26","0.00","26.00","AUTO PARTS","Owner",,"Admin","1","0.00","0.00","0.00","0.00","0.00","0.00"
"204034","2026-01-17","Road","CJ DARCL LOGISTICS LIMITED","DELHI","PANTNAGAR","CJ DARCL LOGISTICS LIMITED","CJ DARCL LOGISTICS LIMITED","03","0.00","0.00","AUTO PART","Owner",,"AKASH","1","0.00","0.00","0.00","0.00","0.00","0.00"
"204035","2026-01-17","Air","U. S. AUTO CONTROLS PVT LTD ","PANTNAGAR","PUNE","HARIHARESHWAR AUOT TECH PRIVATE LIMITED","U. S. AUTO CONTROLS PVT LTD ","01 BAG","0.00","50.00","Normal","Owner",,"Admin","1","0.00","0.00","0.00","0.00","0.00","0.00"
"204036","2026-01-18","Road","SHREYA INDUSTRIES - PNQ","PUNE","PANTNAGAR","SHREYA INDUSTRIES - PNQ","SHREYA INDUSTRIES- PNT","26-Box","0.00","26.00","Auto Parts ","Owner","NA","Admin","1","0.00","0.00","0.00","0.00","0.00","0.00"
"204037","2026-01-18","Air","U. S. AUTO CONTROLS PVT LTD ","PUNE","PANTNAGAR","U. S. AUTO CONTROLS PVT LTD ","HARIHARESHWAR AUOT TECH PRIVATE LIMITED","2-Bag","0.00","50.00","Auto Parts ","Owner","NA","Admin","1","0.00","0.00","0.00","0.00","0.00","0.00"
"204038","2026-01-19","Road","SHREYA INDUSTRIES - PNQ","PUNE","PANTNAGAR","SHREYA INDUSTRIES - PNQ","SHREYA INDUSTRIES- PNT","27-Box","0.00","27.00","Auto Parts ","Owner","NA","Admin","1","0.00","0.00","0.00","0.00","0.00","0.00"
"204039","2026-01-19","Train","BELRISE INDUSTRIES LTD,UNIT-12","PUNE","PANTNAGAR","PLANETTO TOOLTECH PVT LTD","BELRISE INDUSTRIES LTD,UNIT-12","1-Box","0.00","100.00","Auto Parts","Owner","NA","Admin","1","0.00","0.00","0.00","0.00","0.00","0.00"
"204040","2026-01-19","Train","PANORAMA AUTOMOTIVE IND. PVT. LTD.","PUNE","PANTNAGAR","SHREE KAPOOR INDUSTRIES/V. S ENGINEERING ","PANORAMA AUTOMOTIVE IND. PVT. LTD.","4-Bag","0.00","120.00","Auto Parts","Owner","NA","SANJIT","1","0.00","0.00","0.00","0.00","0.00","0.00"
"204041","2026-01-20","Road","SHREYA INDUSTRIES - PNQ","PUNE","PANTNAGAR","SHREYA INDUSTRIES - PNQ","SHREYA INDUSTRIES- PNT","27-Box ","0.00","27.00","0","Owner","NA","Admin","1","0.00","0.00","0.00","0.00","0.00","0.00"
"204042","2026-01-20","Air","ADVIK HI TECH PVT. LTD. (PLANT-15)","RUDRAPUR","PUNE","AANCHAL INDUSTRIES ","ADVIK HI TECH PVT. LTD. (PLANT-15)","1","0.00","0.00","AUTO PARTS","Owner","TO PAY","Admin","0","2500.00","0.00","0.00","0.00","0.00","0.00"
"204043","2026-01-20","Air","PANORAMA AUTOMOTIVE IND. PVT. LTD.","PUNE","PANTNAGAR","PANORAMA AUTOMOTIVE IND. PVT. LTD.","TATA MOTORS - PTN","1-Bag","0.00","100.00","0","Owner","NA","SANJIT","1","0.00","0.00","0.00","0.00","0.00","0.00"
"204044","2026-01-20","Air","STARWAYS PRECISIONS PVT. LTD. ","PUNE","SITARGANJ","STARWAYS PRECISIONS PVT. LTD. ","STARWAYS INDUSTRIES (SI)","4-Bag","0.00","60.00","Auto Parts ","Owner","NA","Admin","1","0.00","0.00","0.00","0.00","0.00","0.00"
"204045","2026-01-21","Road","SHREYA INDUSTRIES - PNQ","PUNE","PANTNAGAR","SHREYA INDUSTRIES - PNQ","SHREYA INDUSTRIES- PNT","28-Box","0.00","28.00","0","Owner","NA","Admin","1","0.00","0.00","0.00","0.00","0.00","0.00"
"204046","2026-01-21","Air","STARWAYS INDUSTRIES- CHAKAN","PUNE","SITARGANJ","STARWAYS INDUSTRIES- CHAKAN","STARWAYS INDUSTRIES (SI)","2","0.00","50.00","Auto Parts ","Owner","NA","Admin","1","0.00","0.00","0.00","0.00","0.00","0.00"
"204047","2026-01-21","Air","U. S. AUTO CONTROLS PVT LTD ","PUNE","PANTNAGAR","U. S. AUTO CONTROLS PVT LTD ","HARIHARESHWAR AUOT TECH PRIVATE LIMITED","3-Bag","0.00","75.00","Auto Parts ","Owner","NA","Admin","1","0.00","0.00","0.00","0.00","0.00","0.00"
"204048","2026-01-21","Air","STARWAYS PRECISIONS PVT. LTD. ","PUNE","SITARGANJ","STARWAYS PRECISIONS PVT. LTD. ","STARWAYS INDUSTRIES (SI)","1-Bag","0.00","50.00","Auto Parts ","Owner","NA","Admin","1","0.00","0.00","0.00","0.00","0.00","0.00"
"204049","2026-01-22","Road","HIMALAYAN AUTO ERA PVT LTD","PUNE","PANTNAGAR","VENKATESH AUTOMOBILE PVT LTD","HIMALAYAN AUTO ERA PVT LTD","24","0.00","580.00","AUTO PARTS","Owner","ROAD-EXPRESS ","Admin","1","0.00","0.00","0.00","0.00","0.00","0.00"
"204050","2026-01-22","Road","HIMALAYAN AUTO ERA PVT LTD","PUNE","PANTNAGAR","FRACTMET ENGINEERING LLP","HIMALAYAN AUTO ERA PVT LTD","12-Bag","0.00","250.00","Auto Parts ","Owner","Road-Express ","SANJIT","1","0.00","0.00","0.00","0.00","0.00","0.00"
"204051","2026-01-22","Road","SHREYA INDUSTRIES - PNQ","PUNE","PANTNAGAR","SHREYA INDUSTRIES - PNQ","SHREYA INDUSTRIES- PNT","28-Box","0.00","28.00","Auto Parts ","Owner","NA","Admin","1","0.00","0.00","0.00","0.00","0.00","0.00"
"204052","2026-01-22","Air","STARWAYS PRECISIONS PVT. LTD. ","PUNE","SITARGANJ","STARWAYS PRECISIONS PVT. LTD. ","STARWAYS INDUSTRIES (SI)","2-Bag ","0.00","50.00","Auto Parts ","Owner","NA","Admin","1","0.00","0.00","0.00","0.00","0.00","0.00"
"204053","2026-01-23","Air","STARWAYS INDUSTRIES- CHAKAN","PUNE","SITARGANJ","STARWAYS INDUSTRIES- CHAKAN","STARWAYS INDUSTRIES (SI)","2-Bag","0.00","50.00","0","Owner","AUTO PARTS ","Admin","1","0.00","0.00","0.00","0.00","0.00","0.00"
"204054","2026-01-23","Road","SHREYA INDUSTRIES - PNQ","PUNE","PANTNAGAR","SHREYA INDUSTRIES - PNQ","SHREYA INDUSTRIES- PNT","28-Box","0.00","28.00","Auto Parts ","Owner","NA","Admin","1","0.00","0.00","0.00","0.00","0.00","0.00"
"204232","2026-03-05","Road","SHREYA INDUSTRIES - PNQ","PUNE","PANTNAGAR","SHREYA INDUSTRIES - PNQ","SHREYA INDUSTRIES- PNT","20-Box ","0.00","20.00","Auto Parts ","Owner","NA","Admin","1","0.00","0.00","0.00","0.00","0.00","0.00"
"204056","2026-01-23","Air","STARWAYS PRECISIONS PVT. LTD. ","PUNE","SITARGANJ","STARWAYS PRECISIONS PVT. LTD. ","STARWAYS INDUSTRIES (SI)","3-Bag","0.00","70.00","Auto Parts ","Owner","NA","Admin","1","0.00","0.00","0.00","0.00","0.00","0.00"
"204057","2026-01-20","Train","ASHA INDUSTRIES","AURANGABAD","PANTNAGAR","ASHA INDUSTRIES","BELRISE INDUSTRIES LTD UNIT -IX","3-Bag","0.00","100.00","Auto Parts ","Owner","NA","Dharmendra Puri","1","0.00","0.00","0.00","0.00","0.00","0.00"
"204058","2026-01-24","Road","SHREYA INDUSTRIES - PNQ","PUNE","PANTNAGAR","SHREYA INDUSTRIES - PNQ","SHREYA INDUSTRIES- PNT","29-Box","0.00","29.00","Auto Parts ","Owner","NA","Admin","1","0.00","0.00","0.00","0.00","0.00","0.00"
"204059","2026-01-25","Air","STARWAYS INDUSTRIES- CHAKAN","PUNE","SITARGANJ","STARWAYS INDUSTRIES- CHAKAN","STARWAYS INDUSTRIES (SI)","1-Bag","0.00","50.00","Auto Parts ","Owner","NA","Admin","1","0.00","0.00","0.00","0.00","0.00","0.00"
"204060","2026-01-25","Road","SHREYA INDUSTRIES - PNQ","PUNE","PANTNAGAR","SHREYA INDUSTRIES - PNQ","SHREYA INDUSTRIES- PNT","30-Box","0.00","30.00","Auto Parts ","Owner","NA","Admin","1","0.00","0.00","0.00","0.00","0.00","0.00"
"204061","2026-01-25","Air","STARWAYS PRECISIONS PVT. LTD. ","PUNE","SITARGANJ","STARWAYS PRECISIONS PVT. LTD. ","STARWAYS INDUSTRIES (SI)","2-Bag ","0.00","50.00","Auto Parts ","Owner","NA","Admin","1","0.00","0.00","0.00","0.00","0.00","0.00"
"204062","2026-01-25","Train","STARWAYS PRECISIONS PVT. LTD. ","PUNE","SITARGANJ","STARWAYS PRECISIONS PVT. LTD. ","STARWAYS INDUSTRIES (SI)","11-Bag","0.00","495.00","Auto Parts ","Owner","NA","Admin","1","0.00","0.00","0.00","0.00","0.00","0.00"
"204063","2026-01-27","Train","BELRISE INDUSTRIES LTD,UNIT-7E","PUNE","PANTNAGAR","KAPSE INDUSTRIES","BELRISE INDUSTRIES LTD,UNIT-7E","10-Bag","0.00","340.00","Auto Parts ","Owner","NA","Admin","1","0.00","0.00","0.00","0.00","0.00","0.00"
"204064","2026-01-27","Air","DALI SAMIR ENGG.PVT LTD-PUNE","PUNE","PANTNAGAR","SANSA AUTO ENGINEERING COMPANY - PUNE","DALI SAMIR ENGG PVT LTD- PTN","7-Box","0.00","140.00","Auto Parts ","Owner","NA","SANJIT","1","0.00","0.00","0.00","0.00","0.00","0.00"
"204065","2026-01-26","Road","DALI SAMIR ENGG.PVT LTD-PUNE","FARIDABAD","PANTNAGAR","VIJAY MACHINE TOOLS","DALI SAMIR ENGG PVT LTD- PTN","18 LOOSE","0.00","0.00","AUTO PART","Owner","FBD. TO PNT. SPL DELIVERY","SUNIL","1","0.00","0.00","0.00","0.00","0.00","0.00"
"204066","2026-01-27","Train","DALI SAMIR ENGG.PVT LTD-PUNE","PUNE","PANTNAGAR","SANSA AUTO ENGINEERING COMPANY - PUNE","DALI SAMIR ENGG PVT LTD- PTN","8-Box","0.00","200.00","Auto Parts ","Owner","NA","SANJIT","1","0.00","0.00","0.00","0.00","0.00","0.00"
"204067","2026-01-27","Air","STARWAYS PRECISIONS PVT. LTD. ","PUNE","SITARGANJ","STARWAYS PRECISIONS PVT. LTD. ","STARWAYS INDUSTRIES (SI)","1-Bag","0.00","50.00","Auto Parts ","Owner","NA","Admin","1","0.00","0.00","0.00","0.00","0.00","0.00"
"204068","2026-01-28","Road","SHREYA INDUSTRIES - PNQ","PUNE","PANTNAGAR","SHREYA INDUSTRIES - PNQ","SHREYA INDUSTRIES- PNT","30","0.00","30.00","AUTO PART","Owner",,"SUNIL","1","0.00","0.00","0.00","0.00","0.00","0.00"
"204069","2026-01-28","Air","DALI SAMIR ENGG.PVT LTD-PUNE","PUNE","PANTNAGAR","SANSA AUTO ENGINEERING COMPANY - PUNE","DALI SAMIR ENGG PVT LTD- PTN","8-Box","0.00","160.00","Auto Parts ","Owner","NA","SANJIT","1","0.00","0.00","0.00","0.00","0.00","0.00"
"204070","2026-01-28","Train","DALI SAMIR ENGG.PVT LTD-PUNE","PUNE","PANTNAGAR","SANSA AUTO ENGINEERING COMPANY - PUNE","DALI SAMIR ENGG PVT LTD- PTN","6-Box","0.00","150.00","Auto Parts ","Owner","NA","SANJIT","1","0.00","0.00","0.00","0.00","0.00","0.00"
"204071","2026-01-28","Road","SHREYA INDUSTRIES - PNQ","PUNE","PANTNAGAR","SHREYA INDUSTRIES - PNQ","SHREYA INDUSTRIES- PNT","30-Box ","0.00","30.00","Auto Parts ","Owner","NA","Admin","1","0.00","0.00","0.00","0.00","0.00","0.00"
"204072","2026-01-28","Train","STARWAYS PRECISIONS PVT. LTD. ","PUNE","SITARGANJ","STARWAYS PRECISIONS PVT. LTD. ","STARWAYS INDUSTRIES (SI)","9-Bag","0.00","180.00","Auto Parts ","Owner","NA","Admin","1","0.00","0.00","0.00","0.00","0.00","0.00"
"204073","2026-01-28","Air","STARWAYS PRECISIONS PVT. LTD. ","PUNE","SITARGANJ","STARWAYS PRECISIONS PVT. LTD. ","STARWAYS INDUSTRIES (SI)","4-Bag","0.00","90.00","Auto Parts ","Owner","NA","Admin","1","0.00","0.00","0.00","0.00","0.00","0.00"
"204074","2026-01-29","Air","STARWAYS INDUSTRIES- CHAKAN","PUNE","SITARGANJ","STARWAYS INDUSTRIES- CHAKAN","STARWAYS INDUSTRIES (SI)","1-Bag","0.00","50.00","Auto Parts ","Owner","NA","Admin","1","0.00","0.00","0.00","0.00","0.00","0.00"
"204075","2026-01-29","Road","SHREYA INDUSTRIES - PNQ","PUNE","PANTNAGAR","SHREYA INDUSTRIES - PNQ","SHREYA INDUSTRIES- PNT","30-Box ","0.00","30.00","Auto Parts ","Owner","NA","Admin","1","0.00","0.00","0.00","0.00","0.00","0.00"
"204076","2026-01-29","Air","STARWAYS PRECISIONS PVT. LTD. ","PUNE","SITARGANJ","STARWAYS PRECISIONS PVT. LTD. ","STARWAYS INDUSTRIES (SI)","1-Bag","0.00","50.00","Auto Parts ","Owner","NA","Admin","1","0.00","0.00","0.00","0.00","0.00","0.00"
"204077","2026-01-30","Road","SHREYA INDUSTRIES - PNQ","PUNE","NOIDA","SHREYA INDUSTRIES - PNQ","MANTITOU EQUIPMENT INDIA PVT. LTD.","1 ","0.00","200.00","AUTO PART","Owner",,"Admin","1","0.00","0.00","0.00","0.00","0.00","0.00"
"204078","2026-01-30","Air","MINDA WESTPORT TECHNOLOGIES LTD","MANESAR","PUNE","MINDA WESTPORT TECHNOLOGIES LTD","TATA MOTORS LIMITED ","71","405.00","405.00","AUTO PARTS","Owner",,"Admin","0","0.00","0.00","0.00","0.00","0.00","0.00"
"204079","2026-01-30","Train","PANORAMA AUTOMOTIVE IND. PVT. LTD.","PUNE","PANTNAGAR","SHREE KAPOOR INDUSTRIES/V. S ENGINEERING ","PANORAMA AUTOMOTIVE IND. PVT. LTD.","4","0.00","120.00","AUTO PARTS","Owner",,"Admin","1","0.00","0.00","0.00","0.00","0.00","0.00"
"204080","2026-01-31","Road","SHREYA INDUSTRIES - PNQ","PUNE","PANTNAGAR","SHREYA INDUSTRIES - PNQ","SHREYA INDUSTRIES- PNT","30-Box ","0.00","30.00","Auto Parts ","Owner","NA","Admin","1","0.00","0.00","0.00","0.00","0.00","0.00"
"204081","2026-01-31","Air","STARWAYS INDUSTRIES- CHAKAN","PUNE","SITARGANJ","STARWAYS INDUSTRIES- CHAKAN","STARWAYS INDUSTRIES (SI)","1-Bag","0.00","50.00","Auto Parts ","Owner","NA","Admin","1","0.00","0.00","0.00","0.00","0.00","0.00"
"204082","2026-01-31","Train","BELRISE INDUSTRIES LTD,UNIT-7E","PUNE","PANTNAGAR","KAPSE INDUSTRIES","BELRISE INDUSTRIES LTD,UNIT-7E","11-Bag","0.00","374.00","Auto Parts ","Owner","NA","Admin","1","0.00","0.00","0.00","0.00","0.00","0.00"
"204083","2026-01-31","Train","DALI SAMIR ENGG.PVT LTD-PUNE","PUNE","PANTNAGAR","SANSA AUTO ENGINEERING COMPANY - PUNE","DALI SAMIR ENGG PVT LTD- PTN","6-Box","0.00","150.00","Auto Parts ","Owner","NA","SANJIT","1","0.00","0.00","0.00","0.00","0.00","0.00"
"204084","2026-01-31","Air","STARWAYS PRECISIONS PVT. LTD. ","PUNE","SITARGANJ","STARWAYS PRECISIONS PVT. LTD. ","STARWAYS INDUSTRIES (SI)","1-Bag","0.00","50.00","Auto Parts ","Owner","NA","Admin","0","0.00","0.00","0.00","0.00","0.00","0.00"
"204085","2026-01-31","Train","STARWAYS PRECISIONS PVT. LTD. ","PUNE","SITARGANJ","STARWAYS PRECISIONS PVT. LTD. ","STARWAYS INDUSTRIES (SI)","2-Bag","0.00","100.00","Auto Parts ","Owner","NA","Admin","1","0.00","0.00","0.00","0.00","0.00","0.00"
"203839","2025-11-15","Train","PANORAMA AUTOMOTIVE IND. PVT. LTD.","PUNE","PANTNAGAR","SHREE KAPUR INDUSTRIES ","PANORAMA AUTOMOTIVE IND. PVT. LTD.","3","0.00","100.00","Auto parts ","Owner",,"Admin","1","0.00","0.00","0.00","0.00","0.00","0.00"
"203924","2025-12-04","Train","PANORAMA AUTOMOTIVE IND. PVT. LTD.","PUNE","PANTNAGAR","ABHAY ENTERPRISES","PANORAMA AUTOMOTIVE IND. PVT. LTD.","3","0.00","100.00","Auto parts ","Owner",,"Admin","1","0.00","0.00","0.00","0.00","0.00","0.00"
"203949","2025-12-13","Train","PANORAMA AUTOMOTIVE IND. PVT. LTD.","PUNE","PANTNAGAR","RK INDUSTRIES ","PANORAMA AUTOMOTIVE IND. PVT. LTD.","3","0.00","100.00","Auto parts ","Owner",,"Operation","1","0.00","0.00","0.00","0.00","0.00","0.00"
"203958","2025-12-15","Train","PANORAMA AUTOMOTIVE IND. PVT. LTD.","PUNE","PANTNAGAR","RK INDUSTRIES ","PANORAMA AUTOMOTIVE IND. PVT. LTD.","3","0.00","100.00",,,,"Operation","1","0.00","0.00","0.00","0.00","0.00","0.00"
"203960","2025-12-17","Train","PANORAMA AUTOMOTIVE IND. PVT. LTD.","PUNE","PANTNAGAR","-- PLEASE SELECT THE CONSIGNOR--","-- PLEASE SELECT THE CONSIGNEE--","3","0.00","100.00",,,,"Admin","1","0.00","0.00","0.00","0.00","0.00","0.00"
"204086","2026-02-02","Road","SHREYA INDUSTRIES - PNQ","PUNE","PANTNAGAR","SHREYA INDUSTRIES - PNQ","SHREYA INDUSTRIES- PNT","36-Box","0.00","36.00","Auto Parts ","Owner","NA","Admin","1","0.00","0.00","0.00","0.00","0.00","0.00"
"204087","2026-02-02","Train","DALI SAMIR ENGG.PVT LTD-PUNE","PUNE","PANTNAGAR","SANSA AUTO ENGINEERING COMPANY - PUNE","DALI SAMIR ENGG PVT LTD- PTN","20-Box","0.00","500.00","Auto Parts ","Owner","NA","Admin","1","0.00","0.00","0.00","0.00","0.00","0.00"
"204088","2026-02-02","Road","CJ DARCL LOGISTICS LIMITED","DELHI","PANTNAGAR","CJ DARCL LOGISTICS LIMITED","CJ DARCL LOGISTICS LIMITED","02","0.00","0.00","AUTO PART","Client",,"SUNIL","1","0.00","0.00","0.00","0.00","0.00","0.00"
"204089","2026-02-02","Air","STARWAYS PRECISIONS PVT. LTD. ","PUNE","SITARGANJ","STARWAYS PRECISIONS PVT. LTD. ","STARWAYS INDUSTRIES (SI)","1-Bag","0.00","50.00","Auto Parts ","Owner","NA","Admin","1","0.00","0.00","0.00","0.00","0.00","0.00"
"204090","2026-02-02","Train","BELRISE INDUSTRIES LTD,UNIT-7E","PUNE","PANTNAGAR","RICHCAM AUTO ENGINEERING(I) PVT LTD","BELRISE INDUSTRIES LTD,UNIT-7E","25-Bag","0.00","625.00","Auto Parts ","Owner","NA","Admin","1","0.00","0.00","0.00","0.00","0.00","0.00"
"203975","2025-12-24","Train","BELRISE INDUSTRIES LTD UNIT-14","PUNE","PANTNAGAR","VR COATINGS PVT.LTD.","BELRISE INDUSTRIES LTD UNIT-14","2","0.00","705.00",,,,"Admin","1","0.00","0.00","0.00","0.00","0.00","0.00"
"203941","2025-12-11","Air","BELRISE INDUSTRIES LTD UNIT-14","PANTNAGAR","PUNE","METALFABTECH LLP","BELRISE INDUSTRIES LTD ","2","0.00","50.00","AUTO PARTS","Client","SPECIAL PICKUP","Admin","1","0.00","0.00","0.00","0.00","0.00","0.00"
"204092","2026-02-03","Train","PANORAMA AUTOMOTIVE IND. PVT. LTD.","PUNE","PANTNAGAR","POLE STAR AUTO","PANORAMA AUTOMOTIVE IND. PVT. LTD.","3-Bag","0.00","80.00","Auto Parts ","Owner","NA","Admin","1","0.00","0.00","0.00","0.00","0.00","0.00"
"204093","2026-02-03","Road","SHREYA INDUSTRIES - PNQ","PUNE","PANTNAGAR","SHREYA INDUSTRIES - PNQ","SHREYA INDUSTRIES- PNT","36-Box ","0.00","36.00","Auto Parts ","Owner","NA","Admin","1","0.00","0.00","0.00","0.00","0.00","0.00"
"204094","2026-02-03","Air","MINDA WESTPORT TECHNOLOGIES LTD","MANESAR","AHMEDABAD","MINDA WESTPORT TECHNOLOGIES LTD","TATA MOTORS LIMITED ","26","83.00","100.00","AUTO PARTS","Owner",,"Admin","0","0.00","0.00","0.00","0.00","0.00","0.00"
"204095","2026-02-03","Air","STARWAYS PRECISIONS PVT. LTD. ","PUNE","SITARGANJ","STARWAYS PRECISIONS PVT. LTD. ","STARWAYS INDUSTRIES (SI)","1-Bag","0.00","50.00","Auto Parts ","Owner","NA","Admin","1","0.00","0.00","0.00","0.00","0.00","0.00"
"204096","2026-02-04","Air","U. S. AUTO CONTROLS PVT LTD ","PUNE","HOSUR","U. S. AUTO CONTROLS PVT LTD ","SM EXHAUST TECHNOLOGY PRIVATE LIMITED.","4-Bag","0.00","80.00","Auto Parts ","Owner","NA","Admin","1","0.00","0.00","0.00","0.00","0.00","0.00"
"204100","2026-02-04","Road","SHREYA INDUSTRIES - PNQ","PUNE","PANTNAGAR","SHREYA INDUSTRIES - PNQ","SHREYA INDUSTRIES- PNT","36-Box ","0.00","36.00","Auto Parts ","Owner","NA","Admin","1","0.00","0.00","0.00","0.00","0.00","0.00"
"204101","2026-02-04","Road","HIMALAYAN AUTO ERA PVT LTD","GURUGRAM","PANTNAGAR","YASKAWA INDIA PVT. LTD.","HIMALAYAN AUTO ERA PVT LTD","02","0.00","0.00","AUTO PART","Owner",,"Admin","1","0.00","0.00","0.00","0.00","0.00","0.00"
"204099","2026-02-04","Train","PANORAMA AUTOMOTIVE IND. PVT. LTD.","PUNE","PANTNAGAR","SHREE KAPUR INDUSTRIES ","PANORAMA AUTOMOTIVE IND. PVT. LTD.","2-Bag","0.00","80.00","Auto Parts ","Owner","NA","Admin","1","0.00","0.00","0.00","0.00","0.00","0.00"
"204102","2026-02-03","Road","BELRISE INDUSTRIES LTD,UNIT-12","DELHI","PANTNAGAR","WAVELINX TECHNOLOGIES  PVT. LTD.","BELRISE INDUSTRIES LTD,UNIT-12","04","0.00","0.00","AUTO PART","Owner",,"SUNIL","1","0.00","0.00","0.00","0.00","0.00","0.00"
"204103","2026-02-04","Air","STARWAYS PRECISIONS PVT. LTD. ","PUNE","SITARGANJ","STARWAYS PRECISIONS PVT. LTD. ","STARWAYS INDUSTRIES (SI)","3-Bag","0.00","80.00","Auto Parts ","Owner","NA","Admin","1","0.00","0.00","0.00","0.00","0.00","0.00"
"204104","2026-02-04","Train","STARWAYS PRECISIONS PVT. LTD. ","PUNE","SITARGANJ","STARWAYS PRECISIONS PVT. LTD. ","STARWAYS INDUSTRIES (SI)","9-Bag","0.00","225.00","Auto Parts ","Owner","NA","Admin","1","0.00","0.00","0.00","0.00","0.00","0.00"
"204105","2026-02-05","Air","STARWAYS INDUSTRIES- CHAKAN","PUNE","SITARGANJ","STARWAYS INDUSTRIES- CHAKAN","STARWAYS INDUSTRIES (SI)","1-Bag","0.00","50.00","Auto Parts ","Owner","NA","Admin","1","0.00","0.00","0.00","0.00","0.00","0.00"
"204106","2026-02-05","Air","U. S. AUTO CONTROLS PVT LTD ","PUNE","PANTNAGAR","U. S. AUTO CONTROLS PVT LTD ","BELRISE INDUSTRIES LTD UNIT -IX","3-Bag","0.00","75.00","Auto Parts ","Owner","NA","Admin","1","0.00","0.00","0.00","0.00","0.00","0.00"
"204107","2026-02-05","Air","STARWAYS PRECISIONS PVT. LTD. ","PUNE","SITARGANJ","STARWAYS PRECISIONS PVT. LTD. ","STARWAYS INDUSTRIES (SI)","1-Bag ","0.00","50.00","Auto Parts ","Owner","NA","Admin","1","0.00","0.00","0.00","0.00","0.00","0.00"
"204108","2026-02-06","Road","SHREYA INDUSTRIES - PNQ","PUNE","PANTNAGAR","SHREYA INDUSTRIES - PNQ","SHREYA INDUSTRIES- PNT","36","0.00","36.00","AUTO PART","Owner",,"Admin","1","0.00","0.00","0.00","0.00","0.00","0.00"
"204109","2026-02-06","Train","DALI SAMIR ENGG.PVT LTD-PUNE","PUNE","PANTNAGAR","SANSA AUTO ENGINEERING COMPANY - PUNE","DALI SAMIR ENGG PVT LTD- PTN","7-BOX ","0.00","175.00","Auto Parts ","Owner","NA","Admin","1","0.00","0.00","0.00","0.00","0.00","0.00"
"204110","2026-02-07","Road","SHREYA INDUSTRIES - PNQ","PUNE","PANTNAGAR","SHREYA INDUSTRIES - PNQ","SHREYA INDUSTRIES- PNT","36-Box","0.00","36.00","Auto Parts ","Owner","NA","Admin","1","0.00","0.00","0.00","0.00","0.00","0.00"
"204111","2026-02-07","Air","STARWAYS INDUSTRIES- CHAKAN","PUNE","SITARGANJ","STARWAYS INDUSTRIES- CHAKAN","STARWAYS INDUSTRIES (SI)","1-Bag","0.00","50.00","Auto Parts ","Owner","NA","Admin","1","0.00","0.00","0.00","0.00","0.00","0.00"
"204112","2026-02-07","Road","SHREYA INDUSTRIES - PNQ","PUNE","PANTNAGAR","SHREYA INDUSTRIES - PNQ","SHREYA INDUSTRIES- PNT","36-Box","0.00","36.00","Auto Parts ","Owner","NA","Admin","1","0.00","0.00","0.00","0.00","0.00","0.00"
"204113","2026-02-07","Air","STARWAYS PRECISIONS PVT. LTD. ","PUNE","SITARGANJ","STARWAYS PRECISIONS PVT. LTD. ","STARWAYS INDUSTRIES (SI)","4-Bag","0.00","75.00","Auto Parts ","Owner","NA","Admin","1","0.00","0.00","0.00","0.00","0.00","0.00"
"204114","2026-02-07","Train","DALI SAMIR ENGG.PVT LTD-PUNE","PUNE","PANTNAGAR","SANSA AUTO ENGINEERING COMPANY - PUNE","DALI SAMIR ENGG PVT LTD- PTN","6-Box ","0.00","150.00","Auto Parts ","Owner","NA","Admin","1","0.00","0.00","0.00","0.00","0.00","0.00"
"204115","2026-02-08","Air","U. S. AUTO CONTROLS PVT LTD ","PUNE","PANTNAGAR","U. S. AUTO CONTROLS PVT LTD ","BELRISE INDUSTRIES LTD UNIT -IX","3-Bag","0.00","75.00","Auto Parts ","Owner","NA","Admin","1","0.00","0.00","0.00","0.00","0.00","0.00"
"204116","2026-02-07","Air","HIMALAYAN AUTO ERA PVT LTD","PANTNAGAR","PUNE","HIMALAYAN AUTO ERA PVT LTD","MR DILIP","2","0.00","120.00","DOCUMENTS ","Owner",,"Admin","1","0.00","0.00","0.00","0.00","0.00","0.00"
"204117","2026-02-08","Road","CJ DARCL LOGISTICS LIMITED","DELHI","PANTNAGAR","CJ DARCL LOGISTICS LIMITED","CJ DARCL LOGISTICS LIMITED","02","0.00","0.00","AUTO PART","Owner",,"SUNIL","1","0.00","0.00","0.00","0.00","0.00","0.00"
"204118","2026-02-09","Road","CJ DARCL LOGISTICS LIMITED","DELHI","PANTNAGAR","CJ DARCL LOGISTICS LIMITED","CJ DARCL LOGISTICS LIMITED","03","0.00","0.00","AUTO PART","Owner",,"SUNIL","1","0.00","0.00","0.00","0.00","0.00","0.00"
"204119","2026-02-09","Air","STARWAYS PRECISIONS PVT. LTD. ","PUNE","SITARGANJ","STARWAYS PRECISIONS PVT. LTD. ","STARWAYS INDUSTRIES (SI)","2-Bag","0.00","50.00","Auto Parts ","Owner","NA","Admin","1","0.00","0.00","0.00","0.00","0.00","0.00"
"204120","2026-02-09","Train","DALI SAMIR ENGG.PVT LTD-PUNE","PUNE","PANTNAGAR","SANSA AUTO ENGINEERING COMPANY - PUNE","DALI SAMIR ENGG PVT LTD- PTN","4-Box","0.00","100.00","Auto Parts ","Owner","NA","Admin","1","0.00","0.00","0.00","0.00","0.00","0.00"
"204121","2026-02-09","Train","BELRISE INDUSTRIES LTD UNIT -IX","PUNE","PANTNAGAR","BADVE AUTOCOMPS PVT LTD-II","BELRISE INDUSTRIES LTD UNIT -IX","20-Bag","0.00","280.00","Auto Parts ","Owner","NA","Admin","1","0.00","0.00","0.00","0.00","0.00","0.00"
"204122","2026-02-10","Road","SHREYA INDUSTRIES - PNQ","PUNE","PANTNAGAR","SHREYA INDUSTRIES - PNQ","SHREYA INDUSTRIES- PNT","36-Box","0.00","36.00","Auto Parts ","Owner","NA","Admin","1","0.00","0.00","0.00","0.00","0.00","0.00"
"204123","2026-02-10","Air","STARWAYS INDUSTRIES- CHAKAN","PUNE","SITARGANJ","STARWAYS INDUSTRIES- CHAKAN","STARWAYS INDUSTRIES (SI)","1-Bag","0.00","50.00","Auto Parts ","Owner","NA","Admin","1","0.00","0.00","0.00","0.00","0.00","0.00"
"204124","2026-02-10","Air","STARWAYS PRECISIONS PVT. LTD. ","PUNE","SITARGANJ","STARWAYS PRECISIONS PVT. LTD. ","STARWAYS INDUSTRIES (SI)","1-Bag","0.00","50.00","Auto Parts ","Owner","NA","Admin","1","0.00","0.00","0.00","0.00","0.00","0.00"
"204125","2026-02-10","Air","STARWAYS PRECISIONS PVT. LTD. ","PUNE","SITARGANJ","STARWAYS PRECISIONS PVT. LTD. ","ADVIK HI-TECH PVT LTD","2-Bag","0.00","50.00","Auto Parts ","Owner","NA","Admin","1","0.00","0.00","0.00","0.00","0.00","0.00"
"204126","2026-02-10","Train","DALI SAMIR ENGG.PVT LTD-PUNE","PUNE","PANTNAGAR","SANSA AUTO ENGINEERING COMPANY - PUNE","DALI SAMIR ENGG PVT LTD- PTN","3-Box","0.00","100.00","Auto Parts ","Owner","NA","Admin","1","0.00","0.00","0.00","0.00","0.00","0.00"
"204127","2026-02-10","Air","U. S. AUTO CONTROLS PVT LTD ","PUNE","PANTNAGAR","U. S. AUTO CONTROLS PVT LTD ","HARIHARESHWAR AUOT TECH PRIVATE LIMITED","4-Bag","0.00","100.00","Auto Parts ","Owner","NA","Admin","1","0.00","0.00","0.00","0.00","0.00","0.00"
"204128","2026-02-11","Road","SHREYA INDUSTRIES - PNQ","PUNE","PANTNAGAR","SHREYA INDUSTRIES - PNQ","SHREYA INDUSTRIES- PNT","36-Box ","0.00","36.00","Auto Parts ","Owner","NA","Admin","1","0.00","0.00","0.00","0.00","0.00","0.00"
"204129","2026-02-10","Air","MINDA WESTPORT TECHNOLOGIES LTD","MANESAR","AHMEDABAD","MINDA WESTPORT TECHNOLOGIES LTD","TATA MOTORS LIMITED ","25","175.00","175.00","AUTOPARTS ","Owner",,"Admin","0","0.00","0.00","0.00","0.00","0.00","0.00"
"204130","2026-02-11","Train","DALI SAMIR ENGG.PVT LTD-PUNE","PUNE","PANTNAGAR","SANSA AUTO ENGINEERING COMPANY - PUNE","DALI SAMIR ENGG PVT LTD- PTN","6-Box ","0.00","150.00","Auto Parts ","Owner","NA","Admin","1","0.00","0.00","0.00","0.00","0.00","0.00"
"204131","2026-02-11","Air","U. S. AUTO CONTROLS PVT LTD ","PUNE","HOSUR","U. S. AUTO CONTROLS PVT LTD ","SM EXHAUST TECHNOLOGY PRIVATE LIMITED.","1-Bag","0.00","50.00","Auto Parts ","Owner","NA ","Admin","1","0.00","0.00","0.00","0.00","0.00","0.00"
"204132","2026-02-11","Train","STARWAYS PRECISIONS PVT. LTD. ","PUNE","SITARGANJ","STARWAYS PRECISIONS PVT. LTD. ","STARWAYS INDUSTRIES (SI)","2-Bag","0.00","130.00","Auto Parts ","Owner","NA","Admin","1","0.00","0.00","0.00","0.00","0.00","0.00"
"204133","2026-02-12","Road","SHREYA INDUSTRIES - PNQ","PUNE","PANTNAGAR","SHREYA INDUSTRIES - PNQ","SHREYA INDUSTRIES- PNT","36-Box ","0.00","36.00","Auto Parts ","Owner","NA","Admin","1","0.00","0.00","0.00","0.00","0.00","0.00"
"204134","2026-02-12","Air","STARWAYS PRECISIONS PVT. LTD. ","PUNE","SITARGANJ","STARWAYS PRECISIONS PVT. LTD. ","STARWAYS INDUSTRIES (SI)","2-Bag","0.00","50.00","Auto Parts ","Owner","NA","Admin","1","0.00","0.00","0.00","0.00","0.00","0.00"
"204135","2026-02-13","Road","SHREYA INDUSTRIES - PNQ","PUNE","PANTNAGAR","SHREYA INDUSTRIES - PNQ","SHREYA INDUSTRIES- PNT","36-Box","0.00","36.00","Auto Parts ","Owner","NA","Admin","1","0.00","0.00","0.00","0.00","0.00","0.00"
"204136","2026-02-13","Train","PANORAMA AUTOMOTIVE IND. PVT. LTD.","PUNE","PANTNAGAR","POLE STAR AUTO","PANORAMA AUTOMOTIVE IND. PVT. LTD.","3-Bag","0.00","85.00","Auto Parts ","Owner","NA","Admin","1","0.00","0.00","0.00","0.00","0.00","0.00"
"204137","2026-02-13","Train","BELRISE INDUSTRIES LTD,UNIT-7E","PUNE","PANTNAGAR","PLANETTO TOOLTECH PVT LTD","BELRISE INDUSTRIES LTD,UNIT-7E","40-Bag","0.00","1000.00","Auto Parts ","Owner","NA","Admin","1","0.00","0.00","0.00","0.00","0.00","0.00"
"204138","2026-02-13","Air","STARWAYS INDUSTRIES- CHAKAN","PUNE","SITARGANJ","STARWAYS INDUSTRIES- CHAKAN","STARWAYS INDUSTRIES (SI)","1-Bag ","0.00","50.00","Auto Parts ","Owner","NA","Admin","1","0.00","0.00","0.00","0.00","0.00","0.00"
"204139","2026-02-13","Air","STARWAYS PRECISIONS PVT. LTD. ","PUNE","SITARGANJ","STARWAYS PRECISIONS PVT. LTD. ","STARWAYS INDUSTRIES (SI)","2-Bag","0.00","50.00","Auto Parts ","Owner","NA","Admin","1","0.00","0.00","0.00","0.00","0.00","0.00"
"204140","2026-02-13","Train","DALI SAMIR ENGG.PVT LTD-PUNE","PUNE","PANTNAGAR","SANSA AUTO ENGINEERING COMPANY - PUNE","DALI SAMIR ENGG PVT LTD- PTN","6-BOX ","0.00","150.00","Auto Parts ","Owner","NA","Admin","1","0.00","0.00","0.00","0.00","0.00","0.00"
"204141","2026-02-13","Air","MINDA WESTPORT TECHNOLOGIES LTD","MANESAR","PUNE","MINDA WESTPORT TECHNOLOGIES LTD","TATA MOTORS LIMITED ","91","493.00","493.00","AUTO PARTS ","Owner",,"Admin","0","0.00","0.00","0.00","0.00","0.00","0.00"
"204142","2026-02-14","Air","STARWAYS PRECISIONS PVT. LTD. ","PUNE","SITARGANJ","STARWAYS PRECISIONS PVT. LTD. ","STARWAYS INDUSTRIES (SI)","3-Bag","0.00","70.00","Auto Parts ","Owner","NA","Admin","1","0.00","0.00","0.00","0.00","0.00","0.00"
"204143","2026-02-14","Air","MINDA WESTPORT TECHNOLOGIES LTD","MANESAR","PUNE","MINDA WESTPORT TECHNOLOGIES LTD","TATA MOTORS LIMITED ","132","0.00","0.00","AUTO PARTS ","Owner",,"Admin","0","0.00","0.00","0.00","0.00","0.00","0.00"
"204144","2026-02-15","Road","SHREYA INDUSTRIES - PNQ","PUNE","PANTNAGAR","SHREYA INDUSTRIES - PNQ","SHREYA INDUSTRIES- PNT","20-Box","0.00","20.00","Auto Parts ","Owner","NA","Admin","1","0.00","0.00","0.00","0.00","0.00","0.00"
"204145","2026-02-15","Road","SHREYA INDUSTRIES - PNQ","PUNE","PANTNAGAR","SHREYA INDUSTRIES - PNQ","SHREYA INDUSTRIES- PNT","16-Box","0.00","16.00","Auto Parts ","Owner","NA","Admin","1","0.00","0.00","0.00","0.00","0.00","0.00"
"204146","2026-02-15","Air","STARWAYS PRECISIONS PVT. LTD. ","PUNE","SITARGANJ","STARWAYS PRECISIONS PVT. LTD. ","STARWAYS INDUSTRIES (SI)","3-Bag","0.00","70.00","Auto Parts ","Owner","NA","Admin","1","0.00","0.00","0.00","0.00","0.00","0.00"
"204147","2026-02-15","Air","U. S. AUTO CONTROLS PVT LTD ","PUNE","PANTNAGAR","U. S. AUTO CONTROLS PVT LTD ","HARIHARESHWAR AUOT TECH PRIVATE LIMITED","3-Bag","0.00","75.00","Auto Parts ","Owner","NA","Admin","1","0.00","0.00","0.00","0.00","0.00","0.00"
"204148","2026-02-06","Road","CJ DARCL LOGISTICS LIMITED","DELHI","PANTNAGAR","CJ DARCL LOGISTICS LIMITED","CJ DARCL LOGISTICS LIMITED","2","0.00","0.00","AUTO PART","Owner",,"Admin","1","0.00","0.00","0.00","0.00","0.00","0.00"
"204149","2026-02-13","Road","DALI SAMIR ENGG.PVT LTD-PUNE","FARIDABAD","PANTNAGAR","SHREE SAI AUTO COMPONENTS","DALI SAMIR ENGG PVT LTD- PTN","8","0.00","0.00","AUTO PART","Owner",,"Admin","1","0.00","0.00","0.00","0.00","0.00","0.00"
"204150","2026-02-16","Air","STARWAYS PRECISIONS PVT. LTD. ","PUNE","SITARGANJ","STARWAYS PRECISIONS PVT. LTD. ","STARWAYS INDUSTRIES (SI)","1-Bag","0.00","50.00","Auto Parts ","Owner","NA","Admin","1","0.00","0.00","0.00","0.00","0.00","0.00"
"204151","2026-02-16","Train","STARWAYS PRECISIONS PVT. LTD. ","PUNE","SITARGANJ","STARWAYS PRECISIONS PVT. LTD. ","STARWAYS INDUSTRIES (SI)","5-Bag","0.00","365.00","Auto Parts ","Owner","NA","Admin","1","0.00","0.00","0.00","0.00","0.00","0.00"
"204152","2026-02-16","Train","DALI SAMIR ENGG.PVT LTD-PUNE","PUNE","PANTNAGAR","SANSA AUTO ENGINEERING COMPANY - PUNE","DALI SAMIR ENGG PVT LTD- PTN","6-Box","0.00","150.00","Auto Parts ","Owner","NA","Admin","1","0.00","0.00","0.00","0.00","0.00","0.00"
"204153","2026-02-17","Road","SHREYA INDUSTRIES - PNQ","PUNE","PANTNAGAR","SHREYA INDUSTRIES - PNQ","SHREYA INDUSTRIES- PNT","20-Box","0.00","20.00","Auto Parts ","Owner","NA","Admin","1","0.00","0.00","0.00","0.00","0.00","0.00"
"204154","2026-02-17","Road","SHREYA INDUSTRIES - PNQ","PUNE","PANTNAGAR","SHREYA INDUSTRIES - PNQ","SHREYA INDUSTRIES- PNT","16-Box","0.00","16.00","Auto Parts ","Owner","NA","Admin","1","0.00","0.00","0.00","0.00","0.00","0.00"
"204155","2026-02-17","Road","HIMALAYAN AUTO ERA PVT LTD","PUNE","PANTNAGAR","SHREE ENGINEERING WORKS ","HIMALAYAN AUTO ERA PVT LTD","1-W/Box","0.00","550.00","Auto Parts ","Owner","ROAD-EXPRESS ","Admin","1","0.00","0.00","0.00","0.00","0.00","0.00"
"204156","2026-02-17","Air","STARWAYS INDUSTRIES- CHAKAN","PUNE","SITARGANJ","STARWAYS INDUSTRIES- CHAKAN","STARWAYS INDUSTRIES (SI)","5-Bag","0.00","75.00","Auto Parts ","Owner","NA","Admin","1","0.00","0.00","0.00","0.00","0.00","0.00"
"204157","2026-02-17","Air","STARWAYS PRECISIONS PVT. LTD. ","PUNE","SITARGANJ","STARWAYS PRECISIONS PVT. LTD. ","STARWAYS INDUSTRIES (SI)","2-Bag","0.00","50.00","Auto Parts ","Owner","NA","Admin","1","0.00","0.00","0.00","0.00","0.00","0.00"
"204158","2026-02-18","Road","SHREYA INDUSTRIES - PNQ","PUNE","PANTNAGAR","SHREYA INDUSTRIES - PNQ","SHREYA INDUSTRIES- PNT","27-Box ","0.00","27.00","Auto Parts ","Owner","NA","Admin","1","0.00","0.00","0.00","0.00","0.00","0.00"
"204159","2026-02-18","Road","MANTRI METALLICS PVT LTD- PTN","PUNE","PANTNAGAR","MAKANEY METALS","MANTRI METALLICS PVT LTD- PTN","24-Bag","0.00","840.00","Auto Parts ","Owner","NA","Admin","1","0.00","0.00","0.00","0.00","0.00","0.00"
"204160","2026-02-18","Train","BELRISE INDUSTRIES LTD UNIT -IX","PUNE","PANTNAGAR","BADVE AUTOCOMPS PVT LTD-II","BELRISE INDUSTRIES LTD UNIT -IX","20-Bag","0.00","280.00","Auto Parts ","Owner","NA","Admin","1","0.00","0.00","0.00","0.00","0.00","0.00"
"204161","2026-02-18","Air","STARWAYS PRECISIONS PVT. LTD. ","PUNE","SITARGANJ","STARWAYS PRECISIONS PVT. LTD. ","STARWAYS INDUSTRIES (SI)","2-Bag","0.00","50.00","Auto Parts ","Owner","NA","Admin","1","0.00","0.00","0.00","0.00","0.00","0.00"
"204162","2026-02-18","Train","STARWAYS PRECISIONS PVT. LTD. ","PUNE","SITARGANJ","STARWAYS PRECISIONS PVT. LTD. ","STARWAYS INDUSTRIES (SI)","6-Bag","0.00","140.00","Auto Parts ","Owner","NA","Admin","1","0.00","0.00","0.00","0.00","0.00","0.00"
"204163","2026-02-16","Train","DALI SAMIR ENGG.PVT LTD-PUNE","PUNE","PANTNAGAR","DALI SAMIR ENGG.PVT LTD-PUNE","DALI SAMIR ENGG PVT LTD- PTN","08","0.00","200.00","AUTO PART","Owner","SINGH ROADLINE","Admin","1","0.00","0.00","0.00","0.00","0.00","0.00"
"204164","2026-02-17","Road","CJ DARCL LOGISTICS LIMITED","PANTNAGAR","DELHI","CJ DARCL LOGISTICS LIMITED","CJ DARCL LOGISTICS LIMITED","57","0.00","0.00","AUTO PART","Owner","9000","SUNIL","1","0.00","0.00","0.00","0.00","0.00","0.00"
"204165","2026-02-19","Train","UNITED BIOCEUTICALS PVT LTD","INDORE","HARIDWAR","PANCHSTEEL ORGANICS LIMITED","UNITED BIOCEUTICALS PVT LTD","4","0.00","100.00","AUTO PARTS","Owner","TO PAY CONSIGNMENT","Admin","0","2200.00","100.00","1000.00","1500.00","0.00","0.00"
"204166","2026-02-19","Road","SHREYA INDUSTRIES - PNQ","PUNE","PANTNAGAR","SHREYA INDUSTRIES - PNQ","SHREYA INDUSTRIES- PNT","16-Box","0.00","16.00","Auto Parts ","Owner","NA","Admin","1","0.00","0.00","0.00","0.00","0.00","0.00"
"204167","2026-02-19","Road","SHREYA INDUSTRIES - PNQ","PUNE","PANTNAGAR","SHREYA INDUSTRIES - PNQ","SHREYA INDUSTRIES- PNT","20-Box","0.00","20.00","Auto Parts ","Owner","NA","Admin","1","0.00","0.00","0.00","0.00","0.00","0.00"
"204168","2026-02-19","Air","STARWAYS PRECISIONS PVT. LTD. ","PUNE","SITARGANJ","STARWAYS PRECISIONS PVT. LTD. ","STARWAYS INDUSTRIES (SI)","3-Bag","0.00","50.00","Auto Parts ","Owner","NA","Admin","1","0.00","0.00","0.00","0.00","0.00","0.00"
"204169","2026-02-20","Air","STARWAYS INDUSTRIES- CHAKAN","PUNE","SITARGANJ","STARWAYS INDUSTRIES- CHAKAN","STARWAYS INDUSTRIES (SI)","1-Bag","0.00","50.00","Auto Parts ","Owner","NA","Admin","1","0.00","0.00","0.00","0.00","0.00","0.00"
"204170","2026-02-20","Train","STARWAYS INDUSTRIES- CHAKAN","PUNE","SITARGANJ","STARWAYS INDUSTRIES- CHAKAN","STARWAYS INDUSTRIES (SI)","11-Bag","0.00","132.00","Auto Parts ","Owner","NA","Admin","1","0.00","0.00","0.00","0.00","0.00","0.00"
"204171","2026-02-20","Air","STARWAYS PRECISIONS PVT. LTD. ","PUNE","SITARGANJ","STARWAYS PRECISIONS PVT. LTD. ","STARWAYS INDUSTRIES (SI)","2-Bag","0.00","50.00","Auto Parts ","Owner","NA","Admin","1","0.00","0.00","0.00","0.00","0.00","0.00"
"204172","2026-02-21","Road","SHREYA INDUSTRIES - PNQ","PUNE","PANTNAGAR","SHREYA INDUSTRIES - PNQ","SHREYA INDUSTRIES- PNT","20-Box ","0.00","20.00","Auto Parts ","Owner","NA","Admin","1","0.00","0.00","0.00","0.00","0.00","0.00"
"204173","2026-02-21","Road","SHREYA INDUSTRIES - PNQ","PUNE","PANTNAGAR","SHREYA INDUSTRIES - PNQ","SHREYA INDUSTRIES- PNT","16-Box ","0.00","16.00","Auto Parts ","Owner","NA","Admin","1","0.00","0.00","0.00","0.00","0.00","0.00"
"204174","2026-02-21","Train","BELRISE INDUSTRIES LTD UNIT -IX","PUNE","PANTNAGAR","BADVE AUTOCOMPS PVT LTD-II","BELRISE INDUSTRIES LTD UNIT -IX","20-Bag","0.00","280.00","Auto Parts ","Owner","NA","Admin","1","0.00","0.00","0.00","0.00","0.00","0.00"
"204175","2026-02-21","Train","BELRISE INDUSTRIES LTD UNIT -IX","PANTNAGAR","PUNE","BELRISE INDUSTRIES LTD UNIT -IX","BADVE AUTOCOMPS PVT LTD-II","2","0.00","100.00","AUTO PART","Owner",,"Operation","1","0.00","0.00","0.00","0.00","0.00","0.00"
"204176","2026-02-21","Air","STARWAYS PRECISIONS PVT. LTD. ","PUNE","SITARGANJ","STARWAYS PRECISIONS PVT. LTD. ","STARWAYS INDUSTRIES (SI)","1-Bag","0.00","50.00","Auto Parts ","Owner","NA","Admin","1","0.00","0.00","0.00","0.00","0.00","0.00"
"204177","2026-02-22","Train","STARWAYS INDUSTRIES- CHAKAN","PUNE","SITARGANJ","STARWAYS INDUSTRIES- CHAKAN","STARWAYS INDUSTRIES (SI)","18-Bag","0.00","491.00","Auto Parts ","Owner","NA","Admin","1","0.00","0.00","0.00","0.00","0.00","0.00"
"204178","2026-02-22","Air","STARWAYS INDUSTRIES- CHAKAN","PUNE","SITARGANJ","STARWAYS INDUSTRIES- CHAKAN","STARWAYS INDUSTRIES (SI)","11-Bag","0.00","165.00","Auto Parts ","Owner","NA","Admin","1","0.00","0.00","0.00","0.00","0.00","0.00"
"204179","2026-02-22","Air","STARWAYS PRECISIONS PVT. LTD. ","PUNE","SITARGANJ","STARWAYS PRECISIONS PVT. LTD. ","STARWAYS INDUSTRIES (SI)","2-Bag","0.00","50.00","Auto Parts ","Owner","NA","Admin","1","0.00","0.00","0.00","0.00","0.00","0.00"
"204180","2026-02-23","Road","SHREYA INDUSTRIES - PNQ","PUNE","PANTNAGAR","SHREYA INDUSTRIES - PNQ","SHREYA INDUSTRIES- PNT","20-Box","0.00","20.00","Auto Parts ","Owner","NA","Admin","1","0.00","0.00","0.00","0.00","0.00","0.00"
"204181","2026-02-23","Road","SHREYA INDUSTRIES - PNQ","PUNE","PANTNAGAR","SHREYA INDUSTRIES - PNQ","SHREYA INDUSTRIES- PNT","16-Box","0.00","16.00","Auto Parts ","Owner","NA","Admin","1","0.00","0.00","0.00","0.00","0.00","0.00"
"204182","2026-02-23","Road","HIMALAYAN AUTO ERA PVT LTD","PUNE","PANTNAGAR","ATHARVA FOUNDRIES PVT. LTD.","HIMALAYAN AUTO ERA PVT LTD","92-Box","0.00","2070.00","Auto Parts ","Owner","ROAD-EXPRESS ","Admin","1","0.00","0.00","0.00","0.00","0.00","0.00"
"204183","2026-02-23","Air","HIMALAYAN AUTO ERA PVT LTD","PUNE","PANTNAGAR","ATHARVA FOUNDRIES PVT. LTD.","HIMALAYAN AUTO ERA PVT LTD","2-Box ","0.00","50.00","Auto Parts ","Owner","NA","Admin","1","0.00","0.00","0.00","0.00","0.00","0.00"
"204184","2026-02-23","Air","STARWAYS PRECISIONS PVT. LTD. ","PUNE","SITARGANJ","STARWAYS PRECISIONS PVT. LTD. ","STARWAYS INDUSTRIES (SI)","1-Bag","0.00","50.00","Auto Parts ","Owner","NA","Admin","1","0.00","0.00","0.00","0.00","0.00","0.00"
"204185","2026-02-23","Air","U. S. AUTO CONTROLS PVT LTD ","PUNE","PANTNAGAR","U. S. AUTO CONTROLS PVT LTD ","HARIHARESHWAR AUOT TECH PRIVATE LIMITED","2-Bag","0.00","50.00","Auto Parts ","Owner","NA","Admin","1","0.00","0.00","0.00","0.00","0.00","0.00"
"204186","2026-02-23","Air","U. S. AUTO CONTROLS PVT LTD ","PUNE","BANGALORE","U. S. AUTO CONTROLS PVT LTD ","NAHARS ENGINEERING INDIA PVT LTD ","6-Bag","0.00","150.00","Auto Parts ","Owner","NA","Admin","1","0.00","0.00","0.00","0.00","0.00","0.00"
"204187","2026-02-23","Train","BELRISE INDUSTRIES LTD UNIT -IX","PUNE","PANTNAGAR","BADVE AUTOCOMPS PVT LTD-II","BELRISE INDUSTRIES LTD UNIT -IX","20-Bag","0.00","280.00","Auto Parts ","Owner","NA","Admin","1","0.00","0.00","0.00","0.00","0.00","0.00"
"204188","2026-02-21","Road","CJ DARCL LOGISTICS LIMITED","DELHI","PANTNAGAR","CJ DARCL LOGISTICS LIMITED","CJ DARCL LOGISTICS LIMITED","4","0.00","0.00","AUTO PART","Client",,"SUNIL","1","0.00","0.00","0.00","0.00","0.00","0.00"
"204189","2026-02-21","Road","CJ DARCL LOGISTICS LIMITED","PANTNAGAR","DELHI","CJ DARCL LOGISTICS LIMITED","CJ DARCL LOGISTICS LIMITED","75","0.00","0.00","AUTO PART","Client","9000","SUNIL","1","0.00","0.00","0.00","0.00","0.00","0.00"
"204190","2026-02-24","Train","BELRISE INDUSTRIES LTD UNIT -IX","PUNE","PANTNAGAR","BADVE AUTOCOMPS PVT LTD-II","BELRISE INDUSTRIES LTD UNIT -IX","20-Bag","0.00","280.00","Auto Parts ","Owner","NA","Admin","1","0.00","0.00","0.00","0.00","0.00","0.00"
"204191","2026-02-24","Air","STARWAYS INDUSTRIES- CHAKAN","PUNE","SITARGANJ","STARWAYS INDUSTRIES- CHAKAN","STARWAYS INDUSTRIES (SI)","9-Bag","0.00","135.00","Auto Parts ","Owner","NA","Admin","1","0.00","0.00","0.00","0.00","0.00","0.00"
"204192","2026-02-24","Air","STARWAYS PRECISIONS PVT. LTD. ","PUNE","SITARGANJ","STARWAYS PRECISIONS PVT. LTD. ","STARWAYS INDUSTRIES (SI)","2-Bag","0.00","50.00","Auto Parts ","Owner","NA","Admin","1","0.00","0.00","0.00","0.00","0.00","0.00"
"204193","2026-02-24","Air","U. S. AUTO CONTROLS PVT LTD ","PUNE","PANTNAGAR","U. S. AUTO CONTROLS PVT LTD ","BELRISE INDUSTRIES LTD UNIT -IX","4-Bag","0.00","100.00","Auto Parts ","Owner","NA","Admin","1","0.00","0.00","0.00","0.00","0.00","0.00"
"204194","2026-02-25","Air","STARWAYS INDUSTRIES- CHAKAN","PUNE","SITARGANJ","STARWAYS INDUSTRIES- CHAKAN","STARWAYS INDUSTRIES (SI)","8-Bag","0.00","80.00","Auto Parts ","Owner","NA","Admin","1","0.00","0.00","0.00","0.00","0.00","0.00"
"204195","2026-02-25","Train","STARWAYS INDUSTRIES- CHAKAN","PUNE","SITARGANJ","STARWAYS INDUSTRIES- CHAKAN","STARWAYS INDUSTRIES (SI)","8-Bag","0.00","150.00","Auto Parts ","Owner","NA","Admin","1","0.00","0.00","0.00","0.00","0.00","0.00"
"204196","2026-02-25","Air","STARWAYS PRECISIONS PVT. LTD. ","PUNE","SITARGANJ","STARWAYS PRECISIONS PVT. LTD. ","STARWAYS INDUSTRIES (SI)","1-Bag","0.00","50.00","Auto Parts ","Owner","NA","Admin","1","0.00","0.00","0.00","0.00","0.00","0.00"
"204197","2026-02-25","Air","U. S. AUTO CONTROLS PVT LTD ","PUNE","PANTNAGAR","U. S. AUTO CONTROLS PVT LTD ","BELRISE INDUSTRIES LTD UNIT -IX","2-Bag","0.00","50.00","Auto Parts ","Owner","NA","Admin","1","0.00","0.00","0.00","0.00","0.00","0.00"
"204198","2026-02-26","Road","SHREYA INDUSTRIES - PNQ","PUNE","PANTNAGAR","SHREYA INDUSTRIES - PNQ","SHREYA INDUSTRIES- PNT","30-Box","0.00","30.00","Auto Parts ","Owner","NA","Admin","1","0.00","0.00","0.00","0.00","0.00","0.00"
"204199","2026-02-26","Road","SHREYA INDUSTRIES - PNQ","PUNE","PANTNAGAR","SHREYA INDUSTRIES - PNQ","SHREYA INDUSTRIES- PNT","36-Box ","0.00","36.00","Auto Parts ","Owner","NA","Admin","1","0.00","0.00","0.00","0.00","0.00","0.00"
"204200","2026-02-19","Road","SKY 4 PUNE","DELHI-AIRPORT","PANTNAGAR","SKY 4 PUNE","SKY 4 PANTNAGAR","7","0.00","0.00","AUTO PART","Owner","ASHOK LEYLAND DELIVERY (1500) + (2000) DEL TO RDP","Admin","1","0.00","0.00","0.00","0.00","0.00","0.00"
"204201","2026-02-19","Road","SKY 4 PUNE","DELHI-AIRPORT","PANTNAGAR","SKY 4 PUNE","SKY 4 PANTNAGAR","1","0.00","0.00","AUTO PART","Owner","TML DELIVEREY (SPL TEXI)","Admin","1","0.00","0.00","0.00","0.00","0.00","0.00"
"204202","2026-02-23","Road","SKY 4 PUNE","DELHI-AIRPORT","PANTNAGAR","SKY 4 PUNE","SKY 4 PANTNAGAR","1","0.00","0.00","AUTO PART","Owner","TML DELIVEREY 3000 + DEL TO PNT 1500 TOTAL 4500","Admin","1","0.00","0.00","0.00","0.00","0.00","0.00"
"204203","2026-02-26","Train","STARWAYS INDUSTRIES- CHAKAN","PUNE","SITARGANJ","STARWAYS INDUSTRIES- CHAKAN","STARWAYS INDUSTRIES (SI)","6-Bag","0.00","94.00","Auto Parts ","Owner","NA","Admin","1","0.00","0.00","0.00","0.00","0.00","0.00"
"204204","2026-02-26","Air","STARWAYS PRECISIONS PVT. LTD. ","PUNE","SITARGANJ","STARWAYS PRECISIONS PVT. LTD. ","STARWAYS INDUSTRIES (SI)","3-Bag","0.00","60.00","Auto Parts ","Owner","NA","Admin","1","0.00","0.00","0.00","0.00","0.00","0.00"
"204205","2026-02-26","Air","U. S. AUTO CONTROLS PVT LTD ","PUNE","PANTNAGAR","U. S. AUTO CONTROLS PVT LTD ","BELRISE INDUSTRIES LTD UNIT -IX","2-Bag","0.00","50.00","Auto Parts ","Owner","NA","Admin","1","0.00","0.00","0.00","0.00","0.00","0.00"
"204206","2026-02-26","Air","REUTTER INNOVATIVE CLOSURE TECHNOLOGIES (P) LTD","CHENNAI","PUNE","REUTTER INNOVATIVE CLOSURE TECHNOLOGIES (P) LTD","DALI SAMIR ENGG.PVT LTD-PUNE","5","0.00","130.00","AUTO PARTS ","Owner",,"Admin","1","0.00","0.00","0.00","0.00","0.00","0.00"
"204207","2026-02-26","Road","SKY 4 PUNE","DELHI-AIRPORT","PANTNAGAR","SKY 4 PUNE","SKY 4 PANTNAGAR","03","0.00","0.00","AUTO PART","Owner","ASHOK LEYLAND DELIVERY","Admin","1","0.00","0.00","0.00","0.00","0.00","0.00"
"204208","2026-02-27","Road","CJ DARCL LOGISTICS LIMITED","DELHI","PANTNAGAR","CJ DARCL LOGISTICS LIMITED","CJ DARCL LOGISTICS LIMITED","6","0.00","0.00","AUTO PART","Owner",,"SUNIL","1","0.00","0.00","0.00","0.00","0.00","0.00"
"204209","2026-02-27","Road","CJ DARCL LOGISTICS LIMITED","PANTNAGAR","DELHI","CJ DARCL LOGISTICS LIMITED","CJ DARCL LOGISTICS LIMITED","40","0.00","0.00","AUTO PART","Owner",,"SUNIL","1","0.00","0.00","0.00","0.00","0.00","0.00"
"204210","2026-02-27","Train","STARWAYS INDUSTRIES- CHAKAN","PUNE","SITARGANJ","STARWAYS INDUSTRIES- CHAKAN","STARWAYS INDUSTRIES (SI)","14-Bag","0.00","365.00","Auto Parts ","Owner","NA","Admin","1","0.00","0.00","0.00","0.00","0.00","0.00"
"204211","2026-02-27","Air","STARWAYS PRECISIONS PVT. LTD. ","PUNE","SITARGANJ","STARWAYS PRECISIONS PVT. LTD. ","STARWAYS INDUSTRIES (SI)","3-Bag","0.00","75.00","Auto Parts ","Owner","NA","Admin","1","0.00","0.00","0.00","0.00","0.00","0.00"
"204212","2026-02-28","Road","HIMALAYAN AUTO ERA PVT LTD","GURUGRAM","PANTNAGAR","KONARAK SALES CORPORATION","KONARAK SALES CORPORATION RUDRAPUR","LOOSE","0.00","0.00","AUTO PART","Owner",,"Admin","1","0.00","0.00","0.00","0.00","0.00","0.00"
"204213","2026-02-28","Air","HIMALAYAN AUTO ERA PVT LTD","PUNE","PANTNAGAR","VENKATESH AUTOMOBILE PVT LTD","HIMALAYAN AUTO ERA PVT LTD","30","0.00","255.00","Auto Parts ","Owner","NA","Admin","1","0.00","0.00","0.00","0.00","0.00","0.00"
"204214","2026-02-28","Road","HIMALAYAN AUTO ERA PVT LTD","PUNE","PANTNAGAR","VENKATESH AUTOMOBILE PVT LTD","HIMALAYAN AUTO ERA PVT LTD","34","0.00","285.00","Auto Parts ","Owner","ROAD-EXPRESS ","Admin","1","0.00","0.00","0.00","0.00","0.00","0.00"
"204215","2026-02-28","Train","STARWAYS INDUSTRIES- CHAKAN","PUNE","SITARGANJ","STARWAYS INDUSTRIES- CHAKAN","STARWAYS INDUSTRIES (SI)","15-Bag","0.00","223.00","Auto Parts ","Owner","NA","Admin","1","0.00","0.00","0.00","0.00","0.00","0.00"
"204216","2026-02-28","Air","REUTTER INNOVATIVE CLOSURE TECHNOLOGIES (P) LTD","CHENNAI","PUNE","REUTTER INNOVATIVE CLOSURE TECHNOLOGIES (P) LTD","DALI SAMIR ENGG.PVT LTD-PUNE","6","0.00","156.00","AUTO PARTS","Owner",,"Admin","1","0.00","0.00","0.00","0.00","0.00","0.00"
"204217","2026-02-28","Train","PRECIFAST PRIVATE LIMITED","PUNE","PANTNAGAR","PRECIFAST PRIVATE LIMITED","BAJAJ AUTO LTD","15-Box","0.00","180.00","Auto Parts ","Owner","NA","Admin","1","0.00","0.00","0.00","0.00","0.00","0.00"
"204218","2026-02-28","Air","STARWAYS PRECISIONS PVT. LTD. ","PUNE","SITARGANJ","STARWAYS PRECISIONS PVT. LTD. ","STARWAYS INDUSTRIES (SI)","2-Bag","0.00","50.00","Auto Parts ","Owner","NA","Admin","1","0.00","0.00","0.00","0.00","0.00","0.00"
"204219","2026-02-28","Train","STARWAYS PRECISIONS PVT. LTD. ","PUNE","SITARGANJ","STARWAYS PRECISIONS PVT. LTD. ","STARWAYS INDUSTRIES (SI)","2-Bag","0.00","100.00","Auto Parts ","Owner","NA","Admin","1","0.00","0.00","0.00","0.00","0.00","0.00"
"204220","2026-03-01","Road","SHREYA INDUSTRIES - PNQ","PUNE","PANTNAGAR","SHREYA INDUSTRIES - PNQ","SHREYA INDUSTRIES- PNT","20-Box","0.00","20.00","Auto Parts ","Owner","NA","Admin","1","0.00","0.00","0.00","0.00","0.00","0.00"
"204221","2026-03-01","Road","SHREYA INDUSTRIES - PNQ","PUNE","PANTNAGAR","SHREYA INDUSTRIES - PNQ","SHREYA INDUSTRIES- PNT","16-Box ","0.00","16.00","Auto Parts ","Owner","NA","Admin","1","0.00","0.00","0.00","0.00","0.00","0.00"
"204222","2026-03-01","Train","PANORAMA AUTOMOTIVE IND. PVT. LTD.","PUNE","PANTNAGAR","POLE STAR AUTO","PANORAMA AUTOMOTIVE IND. PVT. LTD.","4-Bag","0.00","120.00","Auto Parts ","Owner","NA","Admin","1","0.00","0.00","0.00","0.00","0.00","0.00"
"204223","2026-03-01","Air","U. S. AUTO CONTROLS PVT LTD ","PUNE","PANTNAGAR","U. S. AUTO CONTROLS PVT LTD ","BELRISE INDUSTRIES LTD UNIT -IX","5-Bag","0.00","115.00","Auto Parts ","Owner","NA","Admin","1","0.00","0.00","0.00","0.00","0.00","0.00"
"204224","2026-03-02","Train","DALI SAMIR ENGG.PVT LTD-PUNE","PUNE","PANTNAGAR","SANSA AUTO ENGINEERING COMPANY - PUNE","DALI SAMIR ENGG PVT LTD- PTN","4-Box ","0.00","100.00","Auto Parts ","Owner","NA","Admin","1","0.00","0.00","0.00","0.00","0.00","0.00"
"204225","2026-03-02","Train","STARWAYS PRECISIONS PVT. LTD. ","PUNE","SITARGANJ","STARWAYS PRECISIONS PVT. LTD. ","STARWAYS INDUSTRIES (SI)","6-Bag","0.00","110.00","Auto Parts ","Owner","NA","Admin","1","0.00","0.00","0.00","0.00","0.00","0.00"
"204226","2026-03-03","Road","SHREYA INDUSTRIES - PNQ","PUNE","PANTNAGAR","SHREYA INDUSTRIES - PNQ","SHREYA INDUSTRIES- PNT","16-Box","0.00","16.00","Auto Parts ","Owner","NA","Admin","1","0.00","0.00","0.00","0.00","0.00","0.00"
"204227","2026-03-03","Road","SHREYA INDUSTRIES - PNQ","PUNE","PANTNAGAR","SHREYA INDUSTRIES - PNQ","SHREYA INDUSTRIES- PNT","20-Box","0.00","20.00","Auto Parts ","Owner","NA","Admin","1","0.00","0.00","0.00","0.00","0.00","0.00"
"204228","2026-03-02","Air","DALI SAMIR ENGG.PVT LTD-PUNE","PUNE","PANTNAGAR","SANSA AUTO ENGINEERING COMPANY - PUNE","DALI SAMIR ENGG PVT LTD- PTN","2","0.00","50.00","AUTO PARTS","Owner",,"Admin","1","0.00","0.00","0.00","0.00","0.00","0.00"
"204229","2026-03-03","Train","PANORAMA AUTOMOTIVE IND. PVT. LTD.","PUNE","PANTNAGAR","RK INDUSTRIES ","PANORAMA AUTOMOTIVE IND. PVT. LTD.","3-Bag","0.00","105.00","Auto Parts ","Owner","NA","Admin","1","0.00","0.00","0.00","0.00","0.00","0.00"
"204230","2026-03-03","Train","STARWAYS PRECISIONS PVT. LTD. ","PUNE","SITARGANJ","STARWAYS PRECISIONS PVT. LTD. ","STARWAYS INDUSTRIES (SI)","8-Bag","0.00","150.00","Auto Parts ","Owner","NA","Admin","1","0.00","0.00","0.00","0.00","0.00","0.00"
"204231","2026-03-03","Air","REUTTER INNOVATIVE CLOSURE TECHNOLOGIES (P) LTD","CHENNAI","PUNE","REUTTER INNOVATIVE CLOSURE TECHNOLOGIES (P) LTD","DALI SAMIR ENGG.PVT LTD-PUNE","4-Box ","0.00","115.00","AUTO PARTS","Owner",,"Admin","1","0.00","0.00","0.00","0.00","0.00","0.00"
"204233","2026-03-05","Road","SHREYA INDUSTRIES - PNQ","PUNE","PANTNAGAR","SHREYA INDUSTRIES - PNQ","SHREYA INDUSTRIES- PNT","16-Box ","0.00","16.00","Auto Parts ","Owner","NA","Admin","1","0.00","0.00","0.00","0.00","0.00","0.00"
"204234","2026-03-05","Train","BELRISE INDUSTRIES LTD,UNIT-7E","PUNE","PANTNAGAR","RICHCAM AUTO ENGINEERING(I) PVT LTD","BELRISE INDUSTRIES LTD,UNIT-7E","50-Bag","0.00","1250.00","Auto Parts ","Owner","NA","Admin","1","0.00","0.00","0.00","0.00","0.00","0.00"
"204235","2026-03-05","Train","STARWAYS PRECISIONS PVT. LTD. ","PUNE","SITARGANJ","STARWAYS PRECISIONS PVT. LTD. ","STARWAYS INDUSTRIES (SI)","2-Bag","0.00","100.00","Auto Parts ","Owner","NA","Admin","1","0.00","0.00","0.00","0.00","0.00","0.00"
"204236","2026-03-06","Road","SKY 4 PUNE","DELHI-AIRPORT","PANTNAGAR","SKY 4 PUNE","SKY 4 PANTNAGAR","15","0.00","0.00","AUTO PART","Owner","TML DELIVEREY","Admin","1","0.00","0.00","0.00","0.00","0.00","0.00"
"204237","2026-03-06","Train","PANORAMA AUTOMOTIVE IND. PVT. LTD.","PANTNAGAR","PUNE","PANORAMA AUTOMOTIVE IND. PVT. LTD.","PANORAMA AUTOMOTIVE IND. PVT. LTD.","1 BAG","0.00","80.00","AUTO PART","Owner",,"Admin","1","0.00","0.00","0.00","0.00","0.00","0.00"
"204238","2026-03-07","Train","STARWAYS PRECISIONS PVT. LTD. ","PUNE","SITARGANJ","STARWAYS PRECISIONS PVT. LTD. ","STARWAYS INDUSTRIES (SI)","25-Bag","0.00","440.00","Auto Parts ","Owner","NA","Admin","1","0.00","0.00","0.00","0.00","0.00","0.00"
"204239","2026-03-08","Road","SHREYA INDUSTRIES - PNQ","PUNE","PANTNAGAR","SHREYA INDUSTRIES - PNQ","SHREYA INDUSTRIES- PNT","26-Box","0.00","26.00","Auto Parts ","Owner","NA","Admin","1","0.00","0.00","0.00","0.00","0.00","0.00"
"203909","2025-12-01","Train","BELRISE INDUSTRIES LTD,UNIT-12","PUNE","PANTNAGAR","V K TOOLS","BELRISE INDUSTRIES LTD,UNIT-12","1","0.00","100.00",,,,"Admin","1","0.00","0.00","0.00","0.00","0.00","0.00"
"203940","2025-12-10","Air","BELRISE INDUSTRIES LTD,UNIT-12","PUNE","PANTNAGAR","V K TOOLS","BELRISE INDUSTRIES LTD,UNIT-12","1","0.00","50.00",,,,"Admin","1","0.00","0.00","0.00","0.00","0.00","0.00"
"203915","2025-12-02","Air","BELRISE INDUSTRIES LTD UNIT -IX","AURANGABAD","PANTNAGAR","DHANANJAY AUTO CRAFT PVT.LTD - I","BELRISE INDUSTRIES LTD UNIT -IX","22","0.00","550.00",,,,"Admin","1","0.00","0.00","0.00","0.00","0.00","0.00"
"204240","2026-03-08","Air","U. S. AUTO CONTROLS PVT LTD ","PUNE","PANTNAGAR","U. S. AUTO CONTROLS PVT LTD ","HARIHARESHWAR AUOT TECH PRIVATE LIMITED","5-Bag","0.00","100.00","Auto Parts ","Owner","NA","Admin","1","0.00","0.00","0.00","0.00","0.00","0.00"
"204241","2026-03-09","Road","SHREYA INDUSTRIES - PNQ","PUNE","PANTNAGAR","SHREYA INDUSTRIES - PNQ","SHREYA INDUSTRIES- PNT","16-Box ","0.00","16.00","Auto Parts ","Owner","NA","Admin","1","0.00","0.00","0.00","0.00","0.00","0.00"
"204242","2026-03-09","Road","SHREYA INDUSTRIES - PNQ","PUNE","PANTNAGAR","SHREYA INDUSTRIES - PNQ","SHREYA INDUSTRIES- PNT","20-Box","0.00","20.00","Auto Parts ","Owner","NA","Admin","1","0.00","0.00","0.00","0.00","0.00","0.00"
"204243","2026-03-09","Air","STARWAYS INDUSTRIES- CHAKAN","PUNE","SITARGANJ","STARWAYS INDUSTRIES- CHAKAN","STARWAYS INDUSTRIES (SI)","5-Bag","0.00","180.00","Auto Parts ","Owner","NA","Admin","1","0.00","0.00","0.00","0.00","0.00","0.00"
"204244","2026-03-09","Train","STARWAYS INDUSTRIES- CHAKAN","PUNE","SITARGANJ","STARWAYS INDUSTRIES- CHAKAN","STARWAYS INDUSTRIES (SI)","13-Bag","0.00","410.00","Auto Parts ","Owner","NA ","Admin","1","0.00","0.00","0.00","0.00","0.00","0.00"
"204245","2026-03-10","Train","STARWAYS INDUSTRIES- CHAKAN","PUNE","SITARGANJ","STARWAYS INDUSTRIES- CHAKAN","STARWAYS INDUSTRIES (SI)","22-Bag","0.00","620.00","Auto Parts ","Owner","NA","Admin","1","0.00","0.00","0.00","0.00","0.00","0.00"
"204246","2026-03-10","Train","STARWAYS PRECISIONS PVT. LTD. ","PUNE","SITARGANJ","STARWAYS PRECISIONS PVT. LTD. ","STARWAYS INDUSTRIES (SI)","4-Bag","0.00","100.00","Auto Parts ","Owner","NA","Admin","1","0.00","0.00","0.00","0.00","0.00","0.00"
"204247","2026-03-10","Air","REUTTER INNOVATIVE CLOSURE TECHNOLOGIES (P) LTD","CHENNAI","PUNE","REUTTER INNOVATIVE CLOSURE TECHNOLOGIES (P) LTD","PREMOLC INDUSTRIES LLP","2","0.00","50.00","AUTO PARTS ","Owner",,"Admin","1","0.00","0.00","0.00","0.00","0.00","0.00"
"204248","2026-03-10","Air","U. S. AUTO CONTROLS PVT LTD ","PUNE","PANTNAGAR","U. S. AUTO CONTROLS PVT LTD ","HARIHARESHWAR AUOT TECH PRIVATE LIMITED","5-Bag","0.00","110.00","Auto Parts ","Owner","NA","Admin","1","0.00","0.00","0.00","0.00","0.00","0.00"
"204249","2026-03-11","Road","SHREYA INDUSTRIES - PNQ","PUNE","PANTNAGAR","SHREYA INDUSTRIES - PNQ","SHREYA INDUSTRIES- PNT","16-Box ","0.00","16.00","Auto Parts ","Owner","NA","Admin","1","0.00","0.00","0.00","0.00","0.00","0.00"
"204250","2026-03-11","Road","SHREYA INDUSTRIES - PNQ","PUNE","PANTNAGAR","SHREYA INDUSTRIES - PNQ","SHREYA INDUSTRIES- PNT","20-Box ","0.00","20.00","Auto Parts ","Owner","NA","Admin","1","0.00","0.00","0.00","0.00","0.00","0.00"
"204251","2026-03-11","Road Express","HIMALAYAN AUTO ERA PVT LTD","PUNE","PANTNAGAR","FRACTMET ENGINEERING LLP","HIMALAYAN AUTO ERA PVT LTD","12-Bag","0.00","320.00","Auto Parts ","Owner","NA","Admin","1","0.00","0.00","0.00","0.00","0.00","0.00"
"204252","2026-03-11","Train","BELRISE INDUSTRIES LTD UNIT -IX","PUNE","PANTNAGAR","BADVE AUTOCOMPS PVT LTD-II","BELRISE INDUSTRIES LTD UNIT -IX","20-Bag","0.00","280.00","Auto Parts ","Owner","NA","Admin","1","0.00","0.00","0.00","0.00","0.00","0.00"
"204253","2026-03-11","Train","STARWAYS INDUSTRIES- CHAKAN","PUNE","SITARGANJ","STARWAYS INDUSTRIES- CHAKAN","STARWAYS INDUSTRIES (SI)","11-Bag ","0.00","180.00","Auto Parts ","Owner","NA","Admin","1","0.00","0.00","0.00","0.00","0.00","0.00"
"204254","2026-03-11","Air","STARWAYS PRECISIONS PVT. LTD. ","PUNE","SITARGANJ","STARWAYS PRECISIONS PVT. LTD. ","STARWAYS INDUSTRIES (SI)","1-Bag","0.00","50.00","Auto Parts ","Owner","NA","Admin","1","0.00","0.00","0.00","0.00","0.00","0.00"
"204255","2026-03-11","Air","STARWAYS PRECISIONS PVT. LTD. ","PUNE","SITARGANJ","STARWAYS PRECISIONS PVT. LTD. ","ADVIK HI-TECH PVT LTD","1-Bag","0.00","50.00","Auto Parts ","Owner","NA","Admin","1","0.00","0.00","0.00","0.00","0.00","0.00"
"204256","2026-03-12","Road","SHREYA INDUSTRIES - PNQ","PUNE","PANTNAGAR","SHREYA INDUSTRIES - PNQ","SHREYA INDUSTRIES- PNT","20-Box ","0.00","20.00","Auto Parts ","Owner","NA","Admin","1","0.00","0.00","0.00","0.00","0.00","0.00"
"204257","2026-03-12","Road","SHREYA INDUSTRIES - PNQ","PUNE","PANTNAGAR","SHREYA INDUSTRIES - PNQ","SHREYA INDUSTRIES- PNT","16-Box ","0.00","16.00","Auto Parts ","Owner","NA","Admin","1","0.00","0.00","0.00","0.00","0.00","0.00"
"204258","2026-03-12","Road","SKY 4 PUNE","DELHI-AIRPORT","PANTNAGAR","SKY 4 PUNE","SKY 4 PANTNAGAR","7","0.00","0.00","AUTO PART","Owner","DELTO PNT. (SPL)ASHOK LEYLAND DELIVERY","Admin","1","0.00","0.00","0.00","0.00","0.00","0.00"
"204259","2026-03-12","Air","U. S. AUTO CONTROLS PVT LTD ","PUNE","PANTNAGAR","U. S. AUTO CONTROLS PVT LTD ","HARIHARESHWAR AUOT TECH PRIVATE LIMITED","7-Bag","0.00","130.00","0","Owner","NA","Admin","1","0.00","0.00","0.00","0.00","0.00","0.00"
"204260","2026-03-12","Train","STARWAYS PRECISIONS PVT. LTD. ","PUNE","SITARGANJ","STARWAYS PRECISIONS PVT. LTD. ","STARWAYS INDUSTRIES (SI)","4-Bag","0.00","100.00","Auto Parts ","Owner","NA","Admin","1","0.00","0.00","0.00","0.00","0.00","0.00"
"204263","2026-03-13","Air","U. S. AUTO CONTROLS PVT LTD ","PUNE","BANGALORE","U. S. AUTO CONTROLS PVT LTD ","NEW SWAN ENTERPRISES -KOLAR","6-Bag ","0.00","150.00","Auto Parts ","Owner","NA","Admin","1","0.00","0.00","0.00","0.00","0.00","0.00"
"204262","2026-03-12","Air","REUTTER INNOVATIVE CLOSURE TECHNOLOGIES (P) LTD","CHENNAI","PUNE","REUTTER INNOVATIVE CLOSURE TECHNOLOGIES (P) LTD","DALI SAMIR ENGG.PVT LTD-PUNE","4","0.00","110.00","AUTOPARTS ","Owner",,"Admin","1","0.00","0.00","0.00","0.00","0.00","0.00"
"204264","2026-03-13","Train","DALI SAMIR ENGG.PVT LTD-PUNE","PUNE","PANTNAGAR","SANSA AUTO ENGINEERING COMPANY - PUNE","DALI SAMIR ENGG PVT LTD- PTN","4-Box ","0.00","100.00","Auto Parts ","Owner","NA","Admin","1","0.00","0.00","0.00","0.00","0.00","0.00"
"204265","2026-03-13","Air","REUTTER INNOVATIVE CLOSURE TECHNOLOGIES (P) LTD","CHENNAI","PUNE","REUTTER INNOVATIVE CLOSURE TECHNOLOGIES (P) LTD","DALI SAMIR ENGG.PVT LTD-PUNE","6","0.00","160.00","Auto Parts ","Owner","NA","Admin","1","0.00","0.00","0.00","0.00","0.00","0.00"
"203842","2025-11-16","Air","SINGLA FORGING PVT LTD- RTQ","PANTNAGAR","HOSUR","SINGLA FORGING PVT LTD- RTQ","GABRIEL INDIA LIMITED","200","0.00","1410.00",,,,"Admin","1","0.00","0.00","0.00","0.00","0.00","0.00"
"203942","2025-12-11","Air","SINGLA FORGING PVT LTD- RTQ","PANTNAGAR","PUNE","SINGLA FORGING PVT LTD- RTQ","DANA ANAND INDIA PVT LTD","4","0.00","50.00",,,,"Admin","1","0.00","0.00","0.00","0.00","0.00","0.00"
"204266","2026-03-14","Train","BELRISE INDUSTRIES LTD UNIT -IX","PUNE","PANTNAGAR","BADVE AUTOCOMPS PVT LTD-II","BELRISE INDUSTRIES LTD UNIT -IX","30-Bag","0.00","420.00","Auto Parts ","Owner","NA","Admin","1","0.00","0.00","0.00","0.00","0.00","0.00"
"204267","2026-03-14","Air","REUTTER INNOVATIVE CLOSURE TECHNOLOGIES (P) LTD","CHENNAI","PUNE","REUTTER INNOVATIVE CLOSURE TECHNOLOGIES (P) LTD","DALI SAMIR ENGG.PVT LTD-PUNE","4","0.00","110.00","AUTO PARTS","Owner",,"Admin","1","0.00","0.00","0.00","0.00","0.00","0.00"
"204268","2026-03-14","Train","STARWAYS PRECISIONS PVT. LTD. ","PUNE","SITARGANJ","STARWAYS PRECISIONS PVT. LTD. ","STARWAYS INDUSTRIES (SI)","2-Bag","0.00","100.00","Auto Parts ","Owner","NA","Admin","1","0.00","0.00","0.00","0.00","0.00","0.00"
"204269","2026-03-15","Air","U. S. AUTO CONTROLS PVT LTD ","PUNE","PANTNAGAR","U. S. AUTO CONTROLS PVT LTD ","HARIHARESHWAR AUOT TECH PRIVATE LIMITED","10-Bag","0.00","190.00","Auto Parts ","Owner","NA","Admin","1","0.00","0.00","0.00","0.00","0.00","0.00"
"204270","2026-03-16","Road","SHREYA INDUSTRIES - PNQ","PUNE","PANTNAGAR","SHREYA INDUSTRIES - PNQ","SHREYA INDUSTRIES- PNT","20-Box ","0.00","20.00","Auto Parts ","Owner","NA","Admin","1","0.00","0.00","0.00","0.00","0.00","0.00"
"204271","2026-03-16","Road","SHREYA INDUSTRIES - PNQ","PUNE","PANTNAGAR","SHREYA INDUSTRIES - PNQ","SHREYA INDUSTRIES- PNT","16-Box","0.00","16.00","Auto Parts ","Owner","NA","Admin","1","0.00","0.00","0.00","0.00","0.00","0.00"
"204272","2026-03-16","Train","BELRISE INDUSTRIES LTD UNIT -IX","PUNE","PANTNAGAR","BADVE AUTOCOMPS PVT LTD-II","BELRISE INDUSTRIES LTD UNIT -IX","30-Bag","0.00","420.00","Auto Parts ","Owner","NA","Admin","1","0.00","0.00","0.00","0.00","0.00","0.00"
"204273","2026-03-16","Train","HIMALAYAN AUTO ERA PVT LTD","PUNE","PANTNAGAR","VENKATESH AUTOMOBILE PVT LTD","HIMALAYAN AUTO ERA PVT LTD","20-Bag ","0.00","480.00","Auto Parts ","Owner","NA","Admin","1","0.00","0.00","0.00","0.00","0.00","0.00"
"204274","2026-03-16","Road Express","HIMALAYAN AUTO ERA PVT LTD","PUNE","PANTNAGAR","VENKATESH AUTOMOBILE PVT LTD","HIMALAYAN AUTO ERA PVT LTD","62-Nos","0.00","496.00","Auto Parts ","Owner","NA","Admin","1","0.00","0.00","0.00","0.00","0.00","0.00"
"204275","2026-03-16","Train","DALI SAMIR ENGG.PVT LTD-PUNE","PUNE","PANTNAGAR","SANSA AUTO ENGINEERING COMPANY - PUNE","DALI SAMIR ENGG PVT LTD- PTN","4-Box ","0.00","100.00","Auto Parts ","Owner","NA","Admin","1","0.00","0.00","0.00","0.00","0.00","0.00"
"204276","2026-03-16","Train","STARWAYS PRECISIONS PVT. LTD. ","PUNE","SITARGANJ","STARWAYS PRECISIONS PVT. LTD. ","STARWAYS INDUSTRIES (SI)","5Box + 6Bag","0.00","180.00","Auto Parts ","Owner","NA","Admin","1","0.00","0.00","0.00","0.00","0.00","0.00"
"204277","2026-03-17","Road","SHREYA INDUSTRIES - PNQ","PUNE","PANTNAGAR","SHREYA INDUSTRIES - PNQ","SHREYA INDUSTRIES- PNT","20-Box","0.00","20.00","Auto Parts ","Owner","NA","Admin","1","0.00","0.00","0.00","0.00","0.00","0.00"
"204278","2026-03-17","Road","SHREYA INDUSTRIES - PNQ","PUNE","PANTNAGAR","SHREYA INDUSTRIES - PNQ","SHREYA INDUSTRIES- PNT","16-Box ","0.00","16.00","Auto Parts ","Owner","NA","Admin","1","0.00","0.00","0.00","0.00","0.00","0.00"
"204279","2026-03-17","Train","PRECIFAST PRIVATE LIMITED","PUNE","PANTNAGAR","PRECIFAST PRIVATE LIMITED","BAJAJ AUTO LTD","10-Box","0.00","120.00","Auto Parts ","Owner","NA","Admin","1","0.00","0.00","0.00","0.00","0.00","0.00"
"204280","2026-03-17","Train","PANORAMA AUTOMOTIVE IND. PVT. LTD.","PUNE","PANTNAGAR","GURUKRUP INDUSTRIES/FERRONITE METAL TREATMENT INDIA PVT. LTD.","PANORAMA AUTOMOTIVE IND. PVT. LTD.","3-Bag","0.00","80.00","Auto Parts ","Owner","NA","Admin","1","0.00","0.00","0.00","0.00","0.00","0.00"
"204281","2026-03-17","Train","BELRISE INDUSTRIES LTD UNIT -IX","PUNE","PANTNAGAR","BADVE AUTOCOMPS PVT LTD-II","BELRISE INDUSTRIES LTD UNIT -IX","30-Bag","0.00","420.00","Auto Parts ","Owner","NA","Admin","1","0.00","0.00","0.00","0.00","0.00","0.00"
"204282","2026-03-17","Air","U. S. AUTO CONTROLS PVT LTD ","PUNE","PANTNAGAR","U. S. AUTO CONTROLS PVT LTD ","HARIHARESHWAR AUOT TECH PRIVATE LIMITED","8-Bag","0.00","165.00","Auto Parts ","Owner","NA","Admin","1","0.00","0.00","0.00","0.00","0.00","0.00"
"204283","2026-03-17","Train","STARWAYS INDUSTRIES- CHAKAN","PUNE","SITARGANJ","STARWAYS INDUSTRIES- CHAKAN","STARWAYS INDUSTRIES (SI)","22-Bag","0.00","385.00","Auto Parts ","Owner","NA","Admin","1","0.00","0.00","0.00","0.00","0.00","0.00"
"204284","2026-03-17","Train","STARWAYS PRECISIONS PVT. LTD. ","PUNE","SITARGANJ","STARWAYS PRECISIONS PVT. LTD. ","STARWAYS INDUSTRIES (SI)","3-Bag","0.00","100.00","Auto Parts ","Owner","NA","Admin","1","0.00","0.00","0.00","0.00","0.00","0.00"
"204285","2026-03-18","Train","HIMALAYAN AUTO ERA PVT LTD","PUNE","PANTNAGAR","VENKATESH AUTOMOBILE PVT LTD","HIMALAYAN AUTO ERA PVT LTD","20-Bag ","0.00","480.00","Auto Parts ","Owner","NA","Admin","1","0.00","0.00","0.00","0.00","0.00","0.00"
"204286","2026-03-18","Train","STARWAYS PRECISIONS PVT. LTD. ","PUNE","SITARGANJ","STARWAYS PRECISIONS PVT. LTD. ","STARWAYS INDUSTRIES (SI)","10-Bag","0.00","208.00","Auto Parts ","Owner","NA","Admin","1","0.00","0.00","0.00","0.00","0.00","0.00"
"204287","2026-03-18","Road","SHREYA INDUSTRIES - PNQ","PUNE","PANTNAGAR","SHREYA INDUSTRIES - PNQ","SHREYA INDUSTRIES- PNT","20-Box","0.00","20.00","Auto Parts ","Owner","NA","Admin","1","0.00","0.00","0.00","0.00","0.00","0.00"
"204288","2026-03-18","Road","SHREYA INDUSTRIES - PNQ","PUNE","PANTNAGAR","SHREYA INDUSTRIES - PNQ","SHREYA INDUSTRIES- PNT","16-Box ","0.00","16.00","Auto Parts ","Owner","NA","Admin","1","0.00","0.00","0.00","0.00","0.00","0.00"
"204289","2026-03-18","Air","HIMALAYAN AUTO ERA PVT LTD","PANTNAGAR","BANGALORE","HIMALAYAN AUTO ERA PVT LTD","ARVIND MOTORS PVT LTD","1","0.00","50.00","AUTO PARTS","Owner",,"Admin","1","0.00","0.00","0.00","0.00","0.00","0.00"
"204290","2026-03-19","Air","MANTRI METALLICS PVT LTD- PTN","PUNE","PANTNAGAR","SUJAN CONTITECH AVS PVT LTD","MANTRI METALLICS PVT LTD- PTN","1-Box","0.00","0.00","Auto Parts ","Owner","NA","SANJIT","0","0.00","0.00","0.00","0.00","0.00","0.00"
"204291","2026-03-19","Air","STARWAYS PRECISIONS PVT. LTD. ","PUNE","SITARGANJ","STARWAYS PRECISIONS PVT. LTD. ","STARWAYS INDUSTRIES (SI)","1-Bag","0.00","50.00","Auto Parts ","Owner","NA","Admin","1","0.00","0.00","0.00","0.00","0.00","0.00"
"204292","2026-03-19","Train","STARWAYS PRECISIONS PVT. LTD. ","PUNE","SITARGANJ","STARWAYS PRECISIONS PVT. LTD. ","STARWAYS INDUSTRIES (SI)","2-Bag","0.00","100.00","Auto Parts ","Owner","NA","Admin","1","0.00","0.00","0.00","0.00","0.00","0.00"
"204293","2026-03-19","Air","STARWAYS INDUSTRIES- CHAKAN","PUNE","SITARGANJ","STARWAYS INDUSTRIES- CHAKAN","STARWAYS INDUSTRIES (SI)","1-Bag","0.00","50.00","Auto Parts ","Owner","NA","Admin","1","0.00","0.00","0.00","0.00","0.00","0.00"
"204294","2026-03-19","Air","STARWAYS PRECISIONS PVT. LTD. ","PUNE","SITARGANJ","STARWAYS PRECISIONS PVT. LTD. ","STARWAYS INDUSTRIES (SI)","1-Bag","0.00","50.00","Auto Parts ","Owner","NA","Admin","1","0.00","0.00","0.00","0.00","0.00","0.00"
"204295","2026-03-19","Air","BADVE AUTOCOMPS PVT LTD-II","PANTNAGAR","PUNE","BELRISE INDUSTRIES LTD UNIT -IX","BADVE AUTOCOMPS PVT LTD-II","2","0.00","50.00","AUTO PARTS","Owner",,"Admin","0","0.00","0.00","0.00","0.00","0.00","0.00"
"204296","2026-03-19","Train","STARWAYS INDUSTRIES- CHAKAN","PUNE","SITARGANJ","STARWAYS INDUSTRIES- CHAKAN","STARWAYS INDUSTRIES (SI)","20-Bag","0.00","370.00","Auto Parts ","Owner","NA ","Admin","1","0.00","0.00","0.00","0.00","0.00","0.00"
"204297","2026-03-19","Air","U. S. AUTO CONTROLS PVT LTD ","PUNE","PANTNAGAR","U. S. AUTO CONTROLS PVT LTD ","HARIHARESHWAR AUOT TECH PRIVATE LIMITED","6-Bag","0.00","130.00","Auto Parts ","Owner","NA","Admin","1","0.00","0.00","0.00","0.00","0.00","0.00"
"204298","2026-03-19","Road","CJ DARCL LOGISTICS LIMITED","PANTNAGAR","DELHI","CJ DARCL LOGISTICS LIMITED","CJ DARCL LOGISTICS LIMITED","3 PALET","0.00","0.00","AUTO PART","Owner","SPL","SUNIL","1","0.00","0.00","0.00","0.00","0.00","0.00"
"204299","2026-03-20","Train","PANORAMA AUTOMOTIVE IND. PVT. LTD.","PUNE","PANTNAGAR","FERRONITE METAL TREATMENT INDIA PVT LTD ","PANORAMA AUTOMOTIVE IND. PVT. LTD.","2-Bag","0.00","80.00","Auto Parts ","Owner","NA","Admin","1","0.00","0.00","0.00","0.00","0.00","0.00"
"204300","2026-03-20","Road","SHREYA INDUSTRIES - PNQ","PUNE","PANTNAGAR","SHREYA INDUSTRIES - PNQ","SHREYA INDUSTRIES- PNT","20-Box ","0.00","20.00","Auto Parts ","Owner","NA","Admin","1","0.00","0.00","0.00","0.00","0.00","0.00"
"204301","2026-03-20","Road","SHREYA INDUSTRIES - PNQ","PUNE","PANTNAGAR","SHREYA INDUSTRIES - PNQ","SHREYA INDUSTRIES- PNT","16-Box ","0.00","16.00","Auto Parts ","Owner","NA","Admin","1","0.00","0.00","0.00","0.00","0.00","0.00"
"204302","2026-03-20","Train","STARWAYS INDUSTRIES- CHAKAN","PUNE","SITARGANJ","STARWAYS INDUSTRIES- CHAKAN","STARWAYS INDUSTRIES (SI)","20-Bag","0.00","370.00","Auto Parts ","Owner","NA","Admin","1","0.00","0.00","0.00","0.00","0.00","0.00"
"204303","2026-03-21","Air","REUTTER INNOVATIVE CLOSURE TECHNOLOGIES (P) LTD","CHENNAI","PITHAMPUR","REUTTER INNOVATIVE CLOSURE TECHNOLOGIES (P) LTD","BAPL ROTOTECH PVT. LTD.","06","0.00","150.00","AUTO PART","Owner",,"Admin","1","0.00","0.00","0.00","0.00","0.00","0.00"
"204304","2026-03-21","Air","STARWAYS PRECISIONS PVT. LTD. ","PUNE","SITARGANJ","STARWAYS PRECISIONS PVT. LTD. ","STARWAYS INDUSTRIES (SI)","1-Bag","0.00","50.00","Auto Parts ","Owner","NA","Admin","1","0.00","0.00","0.00","0.00","0.00","0.00"
"204305","2026-03-21","Train","STARWAYS PRECISIONS PVT. LTD. ","PUNE","SITARGANJ","STARWAYS PRECISIONS PVT. LTD. ","STARWAYS INDUSTRIES (SI)","14","0.00","330.00","Auto Parts ","Owner","NA","Admin","1","0.00","0.00","0.00","0.00","0.00","0.00"
"204306","2026-03-21","Train","STARWAYS INDUSTRIES- CHAKAN","PUNE","SITARGANJ","STARWAYS INDUSTRIES- CHAKAN","STARWAYS INDUSTRIES (SI)","20-Bag","0.00","370.00","Auto Parts ","Owner","NA","Admin","1","0.00","0.00","0.00","0.00","0.00","0.00"
"204307","2026-03-21","Train","STARWAYS INDUSTRIES- CHAKAN","SITARGANJ","AURANGABAD","STARWAYS INDUSTRIES (SI)","STARWAYS ENGINEERS PVT. LTD.","06  BAG","0.00","150.00","AUTO PART","Owner",,"Admin","1","0.00","0.00","0.00","0.00","0.00","0.00"
"204308","2026-03-22","Train","STARWAYS INDUSTRIES- CHAKAN","PUNE","SITARGANJ","STARWAYS INDUSTRIES- CHAKAN","STARWAYS INDUSTRIES (SI)","22-Bag","0.00","385.00","Auto Parts ","Owner","NA","Admin","1","0.00","0.00","0.00","0.00","0.00","0.00"
"204309","2026-03-23","Air","SHREYA INDUSTRIES - PNQ","PUNE","PANTNAGAR","SHREYA INDUSTRIES - PNQ","SHREYA INDUSTRIES- PNT","20-Box","0.00","800.00","Auto Parts ","Owner","NA","Admin","1","0.00","0.00","0.00","0.00","0.00","0.00"
"204310","2026-03-23","Air","SHREYA INDUSTRIES - PNQ","PUNE","PANTNAGAR","SHREYA INDUSTRIES - PNQ","SHREYA INDUSTRIES- PNT","16-Box ","0.00","640.00","Auto Parts ","Owner","NA","Admin","1","0.00","0.00","0.00","0.00","0.00","0.00"
"204311","2026-03-23","Air","STARWAYS PRECISIONS PVT. LTD. ","PUNE","SITARGANJ","STARWAYS PRECISIONS PVT. LTD. ","STARWAYS INDUSTRIES (SI)","1-Bag","0.00","50.00","Auto Parts ","Owner","NA","Admin","1","0.00","0.00","0.00","0.00","0.00","0.00"
"204312","2026-03-23","Air","U. S. AUTO CONTROLS PVT LTD ","PUNE","PANTNAGAR","U. S. AUTO CONTROLS PVT LTD ","HARIHARESHWAR AUOT TECH PRIVATE LIMITED","11-Bag","0.00","205.00","Auto Parts ","Owner","NA","Admin","1","0.00","0.00","0.00","0.00","0.00","0.00"
"204313","2026-03-23","Train","STARWAYS INDUSTRIES- CHAKAN","PUNE","SITARGANJ","STARWAYS INDUSTRIES- CHAKAN","STARWAYS INDUSTRIES (SI)","22-Bag","0.00","385.00","Auto Parts ","Owner","NA","Admin","1","0.00","0.00","0.00","0.00","0.00","0.00"
"204314","2026-03-24","Air","STARWAYS INDUSTRIES- CHAKAN","PUNE","SITARGANJ","STARWAYS INDUSTRIES- CHAKAN","STARWAYS INDUSTRIES (SI)","1-Bag","0.00","50.00","Auto Parts ","Owner","NA","Admin","1","0.00","0.00","0.00","0.00","0.00","0.00"
"204315","2026-03-24","Train","STARWAYS INDUSTRIES- CHAKAN","PUNE","SITARGANJ","STARWAYS INDUSTRIES- CHAKAN","STARWAYS INDUSTRIES (SI)","15-Bag","0.00","230.00","Auto Parts ","Owner","NA","Admin","1","0.00","0.00","0.00","0.00","0.00","0.00"
"204316","2026-03-24","Train","STARWAYS PRECISIONS PVT. LTD. ","PUNE","SITARGANJ","STARWAYS PRECISIONS PVT. LTD. ","STARWAYS INDUSTRIES (SI)","18","0.00","360.00","Auto Parts ","Owner","NA","Admin","1","0.00","0.00","0.00","0.00","0.00","0.00"
"204317","2026-03-24","Train","STARWAYS INDUSTRIES- CHAKAN","PUNE","SITARGANJ","STARWAYS INDUSTRIES- CHAKAN","STARWAYS INDUSTRIES (SI)","22-Bag","0.00","385.00","Auto Parts ","Owner","NA","Admin","1","0.00","0.00","0.00","0.00","0.00","0.00"
"204318","2026-03-24","Air","REUTTER INNOVATIVE CLOSURE TECHNOLOGIES (P) LTD","CHENNAI","PUNE","REUTTER INNOVATIVE CLOSURE TECHNOLOGIES (P) LTD","DALI SAMIR ENGG.PVT LTD-PUNE","7-Box ","0.00","190.00","Auto Parts ","Owner","NA","Admin","1","0.00","0.00","0.00","0.00","0.00","0.00"
"204319","2026-03-25","Air","SHREYA INDUSTRIES - PNQ","PUNE","PANTNAGAR","SHREYA INDUSTRIES - PNQ","SHREYA INDUSTRIES- PNT","20-Box ","0.00","800.00","Auto Parts ","Owner","NA","SUNIL","1","0.00","0.00","0.00","0.00","0.00","0.00"
"204320","2026-03-25","Air","SHREYA INDUSTRIES - PNQ","PUNE","PANTNAGAR","SHREYA INDUSTRIES - PNQ","SHREYA INDUSTRIES- PNT","16-Box","0.00","640.00","Auto Parts ","Owner","NA","SUNIL","1","0.00","0.00","0.00","0.00","0.00","0.00"
"204321","2026-03-25","Train","STARWAYS PRECISIONS PVT. LTD. ","PUNE","SITARGANJ","STARWAYS PRECISIONS PVT. LTD. ","STARWAYS INDUSTRIES (SI)","3-Bag","0.00","100.00","Auto Parts ","Owner","NA","Admin","1","0.00","0.00","0.00","0.00","0.00","0.00"
"204322","2026-03-25","Train","STARWAYS INDUSTRIES- CHAKAN","PUNE","SITARGANJ","STARWAYS INDUSTRIES- CHAKAN","STARWAYS INDUSTRIES (SI)","22-Bag ","0.00","385.00","Auto Parts ","Owner","NA","Admin","1","0.00","0.00","0.00","0.00","0.00","0.00"
"204323","2026-03-25","Air","U. S. AUTO CONTROLS PVT LTD ","PUNE","PANTNAGAR","U. S. AUTO CONTROLS PVT LTD ","HARIHARESHWAR AUOT TECH PRIVATE LIMITED","7-Bag","0.00","145.00","Auto Parts ","Owner","NA","Admin","1","0.00","0.00","0.00","0.00","0.00","0.00"
"204324","2026-03-25","Air","STARWAYS PRECISIONS PVT. LTD. ","AURANGABAD","SITARGANJ","STARWAYS PRECISIONS PVT. LTD. ","STARWAYS INDUSTRIES (SI)","1-Bag","0.00","50.00","Auto Parts ","Owner","NA","Admin","1","0.00","0.00","0.00","0.00","0.00","0.00"
"204325","2026-03-25","Air","REUTTER INNOVATIVE CLOSURE TECHNOLOGIES (P) LTD","CHENNAI","PUNE","REUTTER INNOVATIVE CLOSURE TECHNOLOGIES (P) LTD","DALI SAMIR ENGG.PVT LTD-PUNE","6-Box ","0.00","160.00","Auto Parts ","Owner","NA","Admin","1","0.00","0.00","0.00","0.00","0.00","0.00"
"204326","2026-03-26","Air","STARWAYS INDUSTRIES- CHAKAN","PUNE","SITARGANJ","STARWAYS INDUSTRIES- CHAKAN","STARWAYS INDUSTRIES (SI)","1-Bag","0.00","50.00","Auto Parts ","Owner","NA","Admin","1","0.00","0.00","0.00","0.00","0.00","0.00"
"204327","2026-03-26","Train","STARWAYS INDUSTRIES- CHAKAN","PUNE","SITARGANJ","STARWAYS INDUSTRIES- CHAKAN","STARWAYS INDUSTRIES (SI)","25-Bag","0.00","440.00","Auto Parts ","Owner","NA","Admin","1","0.00","0.00","0.00","0.00","0.00","0.00"
"204328","2026-03-26","Air","STARWAYS PRECISIONS PVT. LTD. ","PUNE","SITARGANJ","STARWAYS PRECISIONS PVT. LTD. ","STARWAYS INDUSTRIES (SI)","1-Bag","0.00","50.00","Auto Parts ","Owner","NA","Admin","1","0.00","0.00","0.00","0.00","0.00","0.00"
"204329","2026-03-26","Air","U. S. AUTO CONTROLS PVT LTD ","PUNE","PANTNAGAR","U. S. AUTO CONTROLS PVT LTD ","HARIHARESHWAR AUOT TECH PRIVATE LIMITED","4-Bag","0.00","50.00","Auto Parts ","Owner","NA","Admin","1","0.00","0.00","0.00","0.00","0.00","0.00"
"204409","2026-03-26","Air","REUTTER INNOVATIVE CLOSURE TECHNOLOGIES (P) LTD","CHENNAI","NOIDA","REUTTER INNOVATIVE CLOSURE TECHNOLOGIES (P) LTD","SIMPLAST INDIA PRIVATE LIMITED","1","0.00","50.00","AUTO PARTS","Client",,"Admin","1","0.00","0.00","0.00","0.00","0.00","0.00"
"204330","2026-03-27","Road","SHREYA INDUSTRIES - PNQ","PUNE","PANTNAGAR","SHREYA INDUSTRIES - PNQ","SHREYA INDUSTRIES- PNT","30-Box ","0.00","30.00","Auto Parts ","Owner","NA","Admin","1","0.00","0.00","0.00","0.00","0.00","0.00"
"204331","2026-03-27","Air","SHREYA INDUSTRIES - PNQ","PUNE","PANTNAGAR","SHREYA INDUSTRIES - PNQ","SHREYA INDUSTRIES- PNT","23-Box","0.00","920.00","Auto Parts ","Owner","NA","SUNIL","1","0.00","0.00","0.00","0.00","0.00","0.00"
"204332","2026-03-27","Road Express","HIMALAYAN AUTO ERA PVT LTD","PUNE","PANTNAGAR","FRACTMET ENGINEERING LLP","HIMALAYAN AUTO ERA PVT LTD","12-Bag","0.00","320.00","Auto Parts ","Owner","NA","Admin","1","0.00","0.00","0.00","0.00","0.00","0.00"
"204333","2026-03-27","Road","CJ DARCL LOGISTICS LIMITED","DELHI","PANTNAGAR","CJ DARCL LOGISTICS LIMITED","CJ DARCL LOGISTICS LIMITED","03","0.00","0.00","AUTO PART","Owner","5000","SUNIL","1","0.00","0.00","0.00","0.00","0.00","0.00"
"204334","2026-03-27","Air","BADVE AUTOCOMPS PVT LTD-II","PANTNAGAR","PUNE","BELRISE INDUSTRIES LTD UNIT -IX","BADVE AUTOCOMPS PVT LTD-II","4 BOX","0.00","0.00","AUTO PARTS","Owner","123*41*26 CMS","Admin","0","0.00","0.00","0.00","0.00","0.00","0.00"
"204335","2026-03-27","Air","U. S. AUTO CONTROLS PVT LTD ","PUNE","PANTNAGAR","U. S. AUTO CONTROLS PVT LTD ","HARIHARESHWAR AUOT TECH PRIVATE LIMITED","3-Bag","0.00","50.00","Auto Parts ","Client","NA","Admin","1","0.00","0.00","0.00","0.00","0.00","0.00"
"204336","2026-03-27","Train","STARWAYS INDUSTRIES- CHAKAN","PUNE","SITARGANJ","STARWAYS INDUSTRIES- CHAKAN","STARWAYS INDUSTRIES (SI)","22-Bag","0.00","385.00","Auto Parts ","Client","NA","Admin","1","0.00","0.00","0.00","0.00","0.00","0.00"
"204337","2026-03-28","Air","STARWAYS PRECISIONS PVT. LTD. ","PUNE","SITARGANJ","STARWAYS PRECISIONS PVT. LTD. ","STARWAYS INDUSTRIES (SI)","2-Bag","0.00","50.00","Auto Parts ","Client","NA","Admin","1","0.00","0.00","0.00","0.00","0.00","0.00"
"204338","2026-03-28","Train","STARWAYS PRECISIONS PVT. LTD. ","PUNE","SITARGANJ","STARWAYS PRECISIONS PVT. LTD. ","STARWAYS INDUSTRIES (SI)","16-Bag","0.00","260.00","Auto Parts ","Client","NA","Admin","1","0.00","0.00","0.00","0.00","0.00","0.00"
"204339","2026-03-28","Air","U. S. AUTO CONTROLS PVT LTD ","PUNE","PANTNAGAR","U. S. AUTO CONTROLS PVT LTD ","HARIHARESHWAR AUOT TECH PRIVATE LIMITED","3-Bag","0.00","75.00","Auto Parts ","Client","NA","Admin","1","0.00","0.00","0.00","0.00","0.00","0.00"
"204340","2026-03-29","Road","SHREYA INDUSTRIES - PNQ","PUNE","PANTNAGAR","SHREYA INDUSTRIES - PNQ","SHREYA INDUSTRIES- PNT","20-Box ","0.00","20.00","Auto Parts ","Client","NA","Admin","1","0.00","0.00","0.00","0.00","0.00","0.00"
"204341","2026-03-29","Road","SHREYA INDUSTRIES - PNQ","PUNE","PANTNAGAR","SHREYA INDUSTRIES - PNQ","SHREYA INDUSTRIES- PNT","16-Box ","0.00","16.00","Auto Parts ","Client","NA","Admin","1","0.00","0.00","0.00","0.00","0.00","0.00"
"204342","2026-03-29","Train","STARWAYS INDUSTRIES- CHAKAN","PUNE","SITARGANJ","STARWAYS INDUSTRIES- CHAKAN","STARWAYS INDUSTRIES (SI)","22-Bag","0.00","385.00","Auto Parts ","Client","NA","Admin","1","0.00","0.00","0.00","0.00","0.00","0.00"
"204343","2026-03-28","Train","ASHA INDUSTRIES","AURANGABAD","PANTNAGAR","ASHA INDUSTRIES","BELRISE INDUSTRIES LTD UNIT -IX","2-Bag","0.00","100.00","Auto Parts ","Client","NA","Admin","1","0.00","0.00","0.00","0.00","0.00","0.00"
"204344","2026-03-29","Air","REUTTER INNOVATIVE CLOSURE TECHNOLOGIES (P) LTD","CHENNAI","PUNE","REUTTER INNOVATIVE CLOSURE TECHNOLOGIES (P) LTD","DALI SAMIR ENGG.PVT LTD-PUNE","12","0.00","320.00","AUTO PARTS","Client",,"Admin","1","0.00","0.00","0.00","0.00","0.00","0.00"
"204345","2026-03-29","Air","U. S. AUTO CONTROLS PVT LTD ","PUNE","PANTNAGAR","U. S. AUTO CONTROLS PVT LTD ","HARIHARESHWAR AUOT TECH PRIVATE LIMITED","3-Bag","0.00","60.00","Auto Parts ","Client","NA","Admin","1","0.00","0.00","0.00","0.00","0.00","0.00"
"204346","2026-03-30","Road","SHREYA INDUSTRIES - PNQ","PUNE","PANTNAGAR","SHREYA INDUSTRIES - PNQ","SHREYA INDUSTRIES- PNT","20-Box ","0.00","20.00","Auto Parts ","Client","NA","Admin","1","0.00","0.00","0.00","0.00","0.00","0.00"
"204347","2026-03-30","Road","SHREYA INDUSTRIES - PNQ","PUNE","PANTNAGAR","SHREYA INDUSTRIES - PNQ","SHREYA INDUSTRIES- PNT","16-Box ","0.00","16.00","Auto Parts ","Client","NA","Admin","1","0.00","0.00","0.00","0.00","0.00","0.00"
"204348","2026-03-29","Train","STARWAYS INDUSTRIES- CHAKAN","PUNE","SITARGANJ","STARWAYS INDUSTRIES- CHAKAN","STARWAYS INDUSTRIES (SI)","20-Bag","0.00","370.00","Auto Parts ","Client","NA","Admin","1","0.00","0.00","0.00","0.00","0.00","0.00"
"204349","2026-03-30","Air","REUTTER INNOVATIVE CLOSURE TECHNOLOGIES (P) LTD","CHENNAI","PUNE","REUTTER INNOVATIVE CLOSURE TECHNOLOGIES (P) LTD","DALI SAMIR ENGG.PVT LTD-PUNE","10","0.00","250.00","AUTO PARTS","Client",,"Admin","1","0.00","0.00","0.00","0.00","0.00","0.00"
"204350","2026-03-30","Air","STARWAYS INDUSTRIES- CHAKAN","PUNE","SITARGANJ","STARWAYS INDUSTRIES- CHAKAN","STARWAYS INDUSTRIES (SI)","5-Bag ","0.00","85.00","Auto Parts ","Client","NA","Admin","1","0.00","0.00","0.00","0.00","0.00","0.00"
"204351","2026-03-30","Air","STARWAYS PRECISIONS PVT. LTD. ","PUNE","SITARGANJ","STARWAYS PRECISIONS PVT. LTD. ","STARWAYS INDUSTRIES (SI)","1-Bag","0.00","50.00","Auto Parts ","Client","NA","Admin","1","0.00","0.00","0.00","0.00","0.00","0.00"
"204352","2026-03-30","Air","U. S. AUTO CONTROLS PVT LTD ","PUNE","PANTNAGAR","U. S. AUTO CONTROLS PVT LTD ","HARIHARESHWAR AUOT TECH PRIVATE LIMITED","3-Bag ","0.00","65.00","Auto Parts ","Client","NA","Admin","1","0.00","0.00","0.00","0.00","0.00","0.00"
"204353","2026-03-30","Train","STARWAYS PRECISIONS PVT. LTD. ","PUNE","SITARGANJ","STARWAYS PRECISIONS PVT. LTD. ","STARWAYS INDUSTRIES (SI)","8-Bag","0.00","230.00","Auto Parts ","Client","NA","Admin","1","0.00","0.00","0.00","0.00","0.00","0.00"
"204354","2026-03-30","Train","STARWAYS INDUSTRIES- CHAKAN","PUNE","SITARGANJ","STARWAYS INDUSTRIES- CHAKAN","STARWAYS INDUSTRIES (SI)","20-Bag","0.00","370.00","Auto Parts ","Client","NA","Admin","1","0.00","0.00","0.00","0.00","0.00","0.00"
"204355","2026-03-30","Air","REUTTER INNOVATIVE CLOSURE TECHNOLOGIES (P) LTD","CHENNAI","PUNE","REUTTER INNOVATIVE CLOSURE TECHNOLOGIES (P) LTD","DALI SAMIR ENGG.PVT LTD-PUNE","9-Box","0.00","240.00","Auto Parts ","Client","NA","Admin","1","0.00","0.00","0.00","0.00","0.00","0.00"
"204356","2026-03-31","Road","CJ DARCL LOGISTICS LIMITED","DELHI","PANTNAGAR","CJ DARCL LOGISTICS LIMITED","CJ DARCL LOGISTICS LIMITED","04","0.00","0.00","AUTO PART","Client",,"SUNIL","1","0.00","0.00","0.00","0.00","0.00","0.00"
"204357","2026-03-25","Road","CJ DARCL LOGISTICS LIMITED","PANTNAGAR","DELHI","CJ DARCL LOGISTICS LIMITED","CJ DARCL LOGISTICS LIMITED","30","0.00","0.00","AUTO PART","Client","SPL","SUNIL","1","0.00","0.00","0.00","0.00","0.00","0.00"
"204358","2026-03-31","Train","BELRISE INDUSTRIES LTD UNIT -IX","PUNE","PANTNAGAR","BADVE AUTOCOMPS PVT LTD-II","BELRISE INDUSTRIES LTD UNIT -IX","143-Bag","0.00","1645.00","Auto Parts ","Client","NA","Admin","1","0.00","0.00","0.00","0.00","0.00","0.00"
"204359","2026-03-31","Air","STARWAYS INDUSTRIES- CHAKAN","PUNE","SITARGANJ","STARWAYS INDUSTRIES- CHAKAN","STARWAYS INDUSTRIES (SI)","1-Bag","0.00","50.00","Auto ","Client","NA","Admin","1","0.00","0.00","0.00","0.00","0.00","0.00"
"204360","2026-03-31","Air","STARWAYS PRECISIONS PVT. LTD. ","PUNE","SITARGANJ","STARWAYS PRECISIONS PVT. LTD. ","STARWAYS INDUSTRIES (SI)","1-Bag","0.00","50.00","Auto Parts ","Client","NA","Admin","1","0.00","0.00","0.00","0.00","0.00","0.00"
"204361","2026-03-31","Train","PANORAMA AUTOMOTIVE IND. PVT. LTD.","PUNE","PANTNAGAR","SHREE KAPUR INDUSTRIES ","PANORAMA AUTOMOTIVE IND. PVT. LTD.","4-Bag ","0.00","80.00","Auto Parts ","Client","NA","Admin","1","0.00","0.00","0.00","0.00","0.00","0.00"
"204362","2026-03-31","Train","PRECIFAST PRIVATE LIMITED","PUNE","PANTNAGAR","PRECIFAST PRIVATE LIMITED","UNO MINDA LIMITED","30-Box","0.00","360.00","Auto Parts ","Client","NA","SUNIL","1","0.00","0.00","0.00","0.00","0.00","0.00"
"204363","2026-03-31","Train","STARWAYS INDUSTRIES- CHAKAN","PUNE","SITARGANJ","STARWAYS INDUSTRIES- CHAKAN","STARWAYS INDUSTRIES (SI)","15-Bag","0.00","270.00","Auto Parts ","Client","NA","Admin","1","0.00","0.00","0.00","0.00","0.00","0.00"
"204364","2026-04-01","Road","SHREYA INDUSTRIES - PNQ","PUNE","PANTNAGAR","SHREYA INDUSTRIES - PNQ","SHREYA INDUSTRIES- PNT","20-Box","0.00","20.00","Auto Parts ","Client","NA","SANJIT","1","0.00","0.00","0.00","0.00","0.00","0.00"
"204365","2026-04-01","Road","SHREYA INDUSTRIES - PNQ","PUNE","PANTNAGAR","SHREYA INDUSTRIES - PNQ","SHREYA INDUSTRIES- PNT","16-Box ","0.00","16.00","Auto Parts ","Client","NA","SANJIT","1","0.00","0.00","0.00","0.00","0.00","0.00"
"204366","2026-04-01","Air","HIMALAYAN AUTO ERA PVT LTD","PUNE","PANTNAGAR","VENKATESH AUTOMOBILE PVT LTD","HIMALAYAN AUTO ERA PVT LTD","12","0.00","290.00","Auto Parts ","Client","NA","Admin","1","0.00","0.00","0.00","0.00","0.00","0.00"
"204367","2026-04-01","Road","SMART CARGO TRADERS","DELHI-AIRPORT","RUDRAPUR","SMART CARGO TRADERS","SMART CARGO TRADERS","6","92.00","100.00","AUTO PARTS","Client",,"Admin","0","0.00","0.00","0.00","0.00","0.00","0.00"
"204368","2026-04-01","Road","SMART CARGO TRADERS","DELHI-STATION","RUDRAPUR","XPERT LOGISTICS","XPERT LOGISTICS","14","216.00","220.00","AUTO PARTS","Client",,"Admin","0","0.00","0.00","0.00","0.00","0.00","0.00"
"204369","2026-04-01","Road","SKY 4 PUNE","DELHI-STATION","PANTNAGAR","SKY 4 PUNE","SKY 4 PANTNAGAR","1","24.00","200.00","AUTO PARTS","Client",,"Admin","1","2500.00","0.00","0.00","0.00","0.00","0.00"
"204370","2026-04-01","Air","U. S. AUTO CONTROLS PVT LTD ","PUNE","PANTNAGAR","U. S. AUTO CONTROLS PVT LTD ","HARIHARESHWAR AUOT TECH PRIVATE LIMITED","7-Bag ","0.00","140.00","Auto Parts ","Client","NA","Admin","1","0.00","0.00","0.00","0.00","0.00","0.00"
"204371","2026-04-02","Air","STARWAYS PRECISIONS PVT. LTD. ","PUNE","SITARGANJ","STARWAYS PRECISIONS PVT. LTD. ","STARWAYS INDUSTRIES (SI)","2-Bag","0.00","50.00","Auto Parts ","Client","NA","SANJIT","1","0.00","0.00","0.00","0.00","0.00","0.00"
"204372","2026-04-02","Train","HIMALAYAN AUTO ERA PVT LTD","PUNE","PANTNAGAR","VENKATESH AUTOMOBILE PVT LTD","HIMALAYAN AUTO ERA PVT LTD","16","0.00","385.00","Auto Parts ","Client","NA","Admin","1","0.00","0.00","0.00","0.00","0.00","0.00"
"204373","2026-04-02","Road","SHREYA INDUSTRIES - PNQ","PUNE","PANTNAGAR","SHREYA INDUSTRIES - PNQ","SHREYA INDUSTRIES- PNT","20-Box ","0.00","20.00","Auto Parts ","Client","NA","SANJIT","1","0.00","0.00","0.00","0.00","0.00","0.00"
"204374","2026-04-02","Road","SHREYA INDUSTRIES - PNQ","PUNE","PANTNAGAR","SHREYA INDUSTRIES - PNQ","SHREYA INDUSTRIES- PNT","16-Box ","0.00","16.00","Auto Parts ","Client","NA","SANJIT","1","0.00","0.00","0.00","0.00","0.00","0.00"
"204375","2026-04-02","Train","STARWAYS PRECISIONS PVT. LTD. ","PUNE","SITARGANJ","STARWAYS PRECISIONS PVT. LTD. ","STARWAYS INDUSTRIES (SI)","4-Bag","0.00","100.00","Auto Parts ","Client","NA","SANJIT","1","0.00","0.00","0.00","0.00","0.00","0.00"
"202780","2025-04-16","Road","SKY 4 PUNE","DELHI-AIRPORT","PANTNAGAR","SKY 4 PUNE","SKY 4 PANTNAGAR","3","0.00","0.00","Auto Parts ","Client","NA","SANJIT","1","0.00","0.00","0.00","0.00","0.00","0.00"
"202911","2025-04-20","Road","SKY 4 PUNE","DELHI-AIRPORT","PANTNAGAR","SKY 4 PUNE","SKY 4 PANTNAGAR","4","0.00","0.00","Auto Parts ","Client","NA","SANJIT","1","0.00","0.00","0.00","0.00","0.00","0.00"
"202917","2025-04-24","Road","SKY 4 PUNE","DELHI-AIRPORT","PANTNAGAR","SKY 4 PUNE","SKY 4 PANTNAGAR","5","0.00","0.00","Auto Parts ","Client","NA","SANJIT","1","0.00","0.00","0.00","0.00","0.00","0.00"
"202912","2025-05-07","Road","SKY 4 PUNE","DELHI-AIRPORT","PANTNAGAR","SKY 4 PUNE","SKY 4 PANTNAGAR","7","0.00","0.00","Auto Parts ","Client","NA","SANJIT","1","0.00","0.00","0.00","0.00","0.00","0.00"
"202913","2025-05-09","Road","SKY 4 PUNE","DELHI-AIRPORT","PANTNAGAR","SKY 4 PUNE","SKY 4 PANTNAGAR","5","0.00","0.00","Auto Parts ","Client","NA","SANJIT","1","0.00","0.00","0.00","0.00","0.00","0.00"
"202915","2025-05-12","Road","SKY 4 PUNE","DELHI-STATION","PANTNAGAR","SKY 4 PUNE","SKY 4 PANTNAGAR","5","0.00","0.00","Auto Parts ","Client","NA","SANJIT","1","0.00","0.00","0.00","0.00","0.00","0.00"
"202914","2025-05-12","Road","SKY 4 PUNE","DELHI-STATION","PANTNAGAR","SKY 4 PUNE","SKY 4 PANTNAGAR","4","0.00","0.00","Auto Parts ","Client","NA","SANJIT","1","0.00","0.00","0.00","0.00","0.00","0.00"
"202916","2025-05-13","Road","SKY 4 PUNE","DELHI-AIRPORT","PANTNAGAR","SKY 4 PUNE","SKY 4 PANTNAGAR","1","0.00","0.00","Auto Parts ","Client","NA","SANJIT","1","0.00","0.00","0.00","0.00","0.00","0.00"
"202919","2025-05-16","Road","SKY 4 PUNE","DELHI-AIRPORT","PANTNAGAR","SKY 4 PUNE","SKY 4 PANTNAGAR","5","0.00","0.00","Auto Parts ","Client","NA","SANJIT","1","0.00","0.00","0.00","0.00","0.00","0.00"
"202933","2025-05-18","Road","SKY 4 PUNE","DELHI-AIRPORT","PANTNAGAR","SKY 4 PUNE","SKY 4 PANTNAGAR","7","0.00","0.00","Auto Parts ","Client","NA","SANJIT","1","0.00","0.00","0.00","0.00","0.00","0.00"
"202962","2025-05-22","Road","SKY 4 PUNE","DELHI-AIRPORT","PANTNAGAR","SKY 4 PUNE","SKY 4 PANTNAGAR","4","0.00","0.00","Auto Parts ","Client","NA","SANJIT","1","0.00","0.00","0.00","0.00","0.00","0.00"
"202963","2025-05-23","Road","SKY 4 PUNE","DELHI-AIRPORT","PANTNAGAR","SKY 4 PUNE","SKY 4 PANTNAGAR","3","0.00","0.00","Auto Parts ","Client","NA","SANJIT","1","0.00","0.00","0.00","0.00","0.00","0.00"
"202977","2025-05-26","Road","SKY 4 PUNE","DELHI-AIRPORT","PANTNAGAR","SKY 4 PUNE","SKY 4 PANTNAGAR","6","0.00","0.00","Auto Parts ","Client","NA","SANJIT","1","0.00","0.00","0.00","0.00","0.00","0.00"
"203000","2025-05-31","Road","SKY 4 PUNE","DELHI-AIRPORT","PANTNAGAR","SKY 4 PUNE","SKY 4 PANTNAGAR","1","0.00","0.00","Auto Parts ","Client","NA","SANJIT","1","0.00","0.00","0.00","0.00","0.00","0.00"
"203016","2025-06-05","Road","SKY 4 PUNE","DELHI-AIRPORT","PANTNAGAR","SKY 4 PUNE","SKY 4 PANTNAGAR","1","0.00","0.00","Auto Parts ","Client","NA","SANJIT","1","0.00","0.00","0.00","0.00","0.00","0.00"
"203052","2025-06-07","Road","SKY 4 PUNE","DELHI-AIRPORT","PANTNAGAR","SKY 4 PUNE","SKY 4 PANTNAGAR","1","0.00","0.00","Auto Parts ","Client","NA","SANJIT","1","0.00","0.00","0.00","0.00","0.00","0.00"
"203056","2025-06-14","Road","SKY 4 PUNE","DELHI-STATION","PANTNAGAR","SKY 4 PUNE","SKY 4 PANTNAGAR","3","0.00","0.00","Auto Parts ","Client","NA","SANJIT","1","0.00","0.00","0.00","0.00","0.00","0.00"
"203168","2025-07-09","Road","SKY 4 PUNE","DELHI-AIRPORT","PANTNAGAR","SKY 4 PUNE","SKY 4 PANTNAGAR","1","0.00","0.00","Auto Parts ","Client","NA","SANJIT","1","0.00","0.00","0.00","0.00","0.00","0.00"
"203199","2025-07-14","Road","SKY 4 PUNE","DELHI-AIRPORT","PANTNAGAR","SKY 4 PUNE","SKY 4 PANTNAGAR","1","0.00","0.00","Auto Parts ","Client","NA","SANJIT","1","0.00","0.00","0.00","0.00","0.00","0.00"
"203344","2025-08-06","Road","SKY 4 PUNE","DELHI-AIRPORT","PANTNAGAR","SKY 4 PUNE","SKY 4 PANTNAGAR","2","0.00","0.00","Auto Parts ","Client","NA","SANJIT","1","0.00","0.00","0.00","0.00","0.00","0.00"
"203489","2025-09-01","Road","SKY 4 PUNE","DELHI-STATION","PANTNAGAR","SKY 4 PUNE","SKY 4 PANTNAGAR","1","0.00","0.00","Auto Parts ","Client","NA","SANJIT","1","0.00","0.00","0.00","0.00","0.00","0.00"
"203497","2025-09-02","Road","SKY 4 PUNE","DELHI-STATION","PANTNAGAR","SKY 4 PUNE","SKY 4 PANTNAGAR","2","0.00","0.00","Auto Parts ","Client","NA","SANJIT","1","0.00","0.00","0.00","0.00","0.00","0.00"
"203512","2025-09-04","Road","SKY 4 PUNE","DELHI-STATION","PANTNAGAR","SKY 4 PUNE","SKY 4 PANTNAGAR","2","0.00","0.00","Auto Parts ","Client","NA","SANJIT","1","0.00","0.00","0.00","0.00","0.00","0.00"
"203513","2025-09-04","Road","SKY 4 PUNE","DELHI-STATION","PANTNAGAR","SKY 4 PUNE","SKY 4 PANTNAGAR","2","0.00","0.00","Auto Parts ","Client","NA","SANJIT","1","0.00","0.00","0.00","0.00","0.00","0.00"
"203525","2025-09-07","Road","SKY 4 PUNE","DELHI-AIRPORT","PANTNAGAR","SKY 4 PUNE","SKY 4 PANTNAGAR","2","0.00","0.00","Auto Parts ","Client","NA","SANJIT","1","0.00","0.00","0.00","0.00","0.00","0.00"
"203524","2025-09-08","Road","SKY 4 PUNE","DELHI-STATION","PANTNAGAR","SKY 4 PUNE","SKY 4 PANTNAGAR","2","0.00","0.00","Auto Parts ","Client","NA","SANJIT","1","0.00","0.00","0.00","0.00","0.00","0.00"
"203523","2025-09-08","Road","SKY 4 PUNE","DELHI-STATION","PANTNAGAR","SKY 4 PUNE","SKY 4 PANTNAGAR","1","0.00","0.00","Auto Parts ","Client","NA","SANJIT","1","0.00","0.00","0.00","0.00","0.00","0.00"
"203859","2025-09-09","Road","SKY 4 PUNE","PANTNAGAR","DELHI-AIRPORT","SKY 4 PANTNAGAR","SKY 4 PUNE","1","0.00","0.00","Auto Parts ","Client","NA","Admin","1","0.00","0.00","0.00","0.00","0.00","0.00"
"203636","2025-09-26","Road","SKY 4 PUNE","DELHI-AIRPORT","PANTNAGAR","SKY 4 PUNE","SKY 4 PANTNAGAR","3","0.00","0.00","Auto Parts ","Client","NA","SANJIT","1","0.00","0.00","0.00","0.00","0.00","0.00"
"203635","2025-09-26","Road","SKY 4 PUNE","DELHI-AIRPORT","PANTNAGAR","SKY 4 PUNE","SKY 4 PANTNAGAR","2","0.00","0.00","Auto Parts ","Client","NA","SANJIT","1","0.00","0.00","0.00","0.00","0.00","0.00"
"203705","2025-10-11","Road","SKY 4 PUNE","DELHI-STATION","PANTNAGAR","SKY 4 PUNE","SKY 4 PANTNAGAR","3","0.00","0.00","Auto Parts ","Client","NA","SANJIT","1","0.00","0.00","0.00","0.00","0.00","0.00"
"203711","2025-10-13","Road","SKY 4 PUNE","DELHI-STATION","PANTNAGAR","SKY 4 PUNE","SKY 4 PANTNAGAR","5","0.00","0.00","Auto Parts ","Client","NA","SANJIT","1","0.00","0.00","0.00","0.00","0.00","0.00"
"203721","2025-10-13","Road","SKY 4 PUNE","DELHI-STATION","PANTNAGAR","SKY 4 PUNE","SKY 4 PANTNAGAR","2","0.00","0.00","Auto Parts ","Client","NA","SANJIT","1","0.00","0.00","0.00","0.00","0.00","0.00"
"203731","2025-10-16","Road","SKY 4 PUNE","DELHI-AIRPORT","PANTNAGAR","SKY 4 PUNE","SKY 4 PANTNAGAR","10","0.00","0.00","Auto Parts ","Client","NA","SANJIT","1","0.00","0.00","0.00","0.00","0.00","0.00"
"203756","2025-10-27","Road","SKY 4 PUNE","DELHI-AIRPORT","PANTNAGAR","SKY 4 PUNE","SKY 4 PANTNAGAR","3","0.00","0.00","Auto Parts ","Client","NA","SANJIT","1","0.00","0.00","0.00","0.00","0.00","0.00"
"203755","2025-10-27","Road","SKY 4 PUNE","DELHI-AIRPORT","PANTNAGAR","SKY 4 PUNE","SKY 4 PANTNAGAR","2","0.00","0.00","Auto Parts ","Client","NA","SANJIT","1","0.00","0.00","0.00","0.00","0.00","0.00"
"203763","2025-10-29","Road","SKY 4 PUNE","DELHI-STATION","PANTNAGAR","SKY 4 PUNE","SKY 4 PANTNAGAR","8","0.00","0.00","Auto Parts ","Client","NA","SANJIT","1","0.00","0.00","0.00","0.00","0.00","0.00"
"203862","2025-11-20","Road","SKY 4 PUNE","DELHI-AIRPORT","PANTNAGAR","SKY 4 PUNE","SKY 4 PANTNAGAR","10","0.00","0.00","Auto Parts ","Client","NA","SANJIT","1","0.00","0.00","0.00","0.00","0.00","0.00"
"203913","2025-11-22","Road","SKY 4 PUNE","DELHI-AIRPORT","PANTNAGAR","SKY 4 PUNE","SKY 4 PANTNAGAR","4 C/B","0.00","0.00","Auto Parts ","Client","NA","SANJIT","1","0.00","0.00","0.00","0.00","0.00","0.00"
"203914","2025-11-22","Road","SKY 4 PUNE","DELHI-AIRPORT","PANTNAGAR","SKY 4 PUNE","SKY 4 PANTNAGAR","7 C/B","0.00","0.00","Auto Parts ","Client","NA","SANJIT","1","0.00","0.00","0.00","0.00","0.00","0.00"
"203389","2025-08-13","Road","SKY 4 PUNE","PANTNAGAR","PANTNAGAR","SKY 4 PUNE","SKY 4 PANTNAGAR","4","0.00","0.00","Auto Parts ","Client","NA","SANJIT","1","0.00","0.00","0.00","0.00","0.00","0.00"
"203390","2025-08-13","Road","SKY 4 PUNE","PANTNAGAR","PANTNAGAR","SKY 4 PUNE","SKY 4 PANTNAGAR","1","0.00","0.00","Auto Parts ","Client","NA","SANJIT","1","0.00","0.00","0.00","0.00","0.00","0.00"
"203561","2025-09-12","Road","SKY 4 PUNE","PANTNAGAR","PANTNAGAR","SKY 4 PUNE","SKY 4 PANTNAGAR","1","0.00","0.00","Auto Parts ","Client","NA","SANJIT","1","0.00","0.00","0.00","0.00","0.00","0.00"
"203560","2025-09-12","Road","SKY 4 PUNE","PANTNAGAR","PANTNAGAR","SKY 4 PUNE","SKY 4 PANTNAGAR","3","0.00","0.00","Auto Parts ","Client","NA","SANJIT","1","0.00","0.00","0.00","0.00","0.00","0.00"
"203569","2025-09-13","Road","SKY 4 PUNE","PANTNAGAR","PANTNAGAR","SKY 4 PUNE","SKY 4 PANTNAGAR","4","0.00","0.00","Auto Parts ","Client","NA","SANJIT","1","0.00","0.00","0.00","0.00","0.00","0.00"
"203634","2025-09-26","Road","SKY 4 PUNE","PANTNAGAR","PANTNAGAR","SKY 4 PUNE","SKY 4 PANTNAGAR","2","0.00","0.00","Auto Parts ","Client","NA","SANJIT","1","0.00","0.00","0.00","0.00","0.00","0.00"
"203633","2025-09-26","Road","SKY 4 PUNE","PANTNAGAR","PANTNAGAR","SKY 4 PUNE","SKY 4 PANTNAGAR","4","0.00","0.00","Auto Parts ","Client","NA","SANJIT","1","0.00","0.00","0.00","0.00","0.00","0.00"
"203659","2025-10-01","Road","SKY 4 PUNE","PANTNAGAR","PANTNAGAR","SKY 4 PUNE","SKY 4 PANTNAGAR","7","0.00","0.00","Auto Parts ","Client","NA","SANJIT","1","0.00","0.00","0.00","0.00","0.00","0.00"
"203679","2025-10-06","Road","SKY 4 PUNE","PANTNAGAR","PANTNAGAR","SKY 4 PUNE","SKY 4 PANTNAGAR","1","0.00","0.00","Auto Parts ","Client","NA","SANJIT","1","0.00","0.00","0.00","0.00","0.00","0.00"
"203678","2025-10-06","Road","SKY 4 PUNE","PANTNAGAR","PANTNAGAR","SKY 4 PUNE","SKY 4 PANTNAGAR","1","0.00","0.00","Auto Parts ","Client","NA","SANJIT","1","0.00","0.00","0.00","0.00","0.00","0.00"
"203677","2025-10-06","Road","SKY 4 PUNE","PANTNAGAR","PANTNAGAR","SKY 4 PUNE","SKY 4 PANTNAGAR","1","0.00","0.00","Auto Parts ","Client","NA","SANJIT","1","0.00","0.00","0.00","0.00","0.00","0.00"
"203676","2025-10-06","Road","SKY 4 PUNE","PANTNAGAR","PANTNAGAR","SKY 4 PUNE","SKY 4 PANTNAGAR","5","0.00","0.00","Auto Parts ","Client","NA","SANJIT","1","0.00","0.00","0.00","0.00","0.00","0.00"
"203703","2025-10-10","Road","SKY 4 PUNE","PANTNAGAR","PANTNAGAR","SKY 4 PUNE","SKY 4 PANTNAGAR","3","0.00","0.00","Auto Parts ","Client","NA","SANJIT","1","0.00","0.00","0.00","0.00","0.00","0.00"
"203747","2025-10-25","Road","SKY 4 PUNE","PANTNAGAR","PANTNAGAR","SKY 4 PUNE","SKY 4 PANTNAGAR","3","0.00","0.00","Auto Parts ","Client","NA","SANJIT","1","0.00","0.00","0.00","0.00","0.00","0.00"
"203746","2025-10-25","Road","SKY 4 PUNE","PANTNAGAR","PANTNAGAR","SKY 4 PUNE","SKY 4 PANTNAGAR","3","0.00","0.00","Auto Parts ","Client","NA","SANJIT","1","0.00","0.00","0.00","0.00","0.00","0.00"
"203785","2025-11-03","Road","SKY 4 PUNE","PANTNAGAR","PANTNAGAR","SKY 4 PUNE","SKY 4 PANTNAGAR","1","0.00","0.00","Auto Parts ","Client","NA","SANJIT","1","0.00","0.00","0.00","0.00","0.00","0.00"
"203879","2025-11-24","Road","SKY 4 PUNE","PANTNAGAR","PANTNAGAR","SKY 4 PUNE","SKY 4 PANTNAGAR","2","0.00","0.00","Auto Parts ","Client","NA","SANJIT","1","0.00","0.00","0.00","0.00","0.00","0.00"
"203880","2025-11-24","Road","SKY 4 PUNE","PANTNAGAR","PANTNAGAR","SKY 4 PUNE","SKY 4 PANTNAGAR","4","0.00","0.00","Auto Parts ","Client","NA","SANJIT","1","0.00","0.00","0.00","0.00","0.00","0.00"
"203881","2025-11-24","Road","SKY 4 PUNE","PANTNAGAR","PANTNAGAR","SKY 4 PUNE","SKY 4 PANTNAGAR","8","0.00","0.00","Auto Parts ","Client","NA","SANJIT","1","0.00","0.00","0.00","0.00","0.00","0.00"
"203882","2025-11-24","Road","SKY 4 PUNE","PANTNAGAR","PANTNAGAR","SKY 4 PUNE","SKY 4 PANTNAGAR","2","0.00","0.00","Auto Parts ","Client","NA","SANJIT","1","0.00","0.00","0.00","0.00","0.00","0.00"
"203883","2025-11-24","Road","SKY 4 PUNE","PANTNAGAR","PANTNAGAR","SKY 4 PUNE","SKY 4 PANTNAGAR","3","0.00","0.00","Auto Parts ","Client","NA","SANJIT","1","0.00","0.00","0.00","0.00","0.00","0.00"
"203888","2025-11-21","Road","SKY 4 PUNE","PANTNAGAR","PANTNAGAR","SKY 4 PUNE","SKY 4 PANTNAGAR","5","0.00","0.00","Auto Parts ","Client","NA","SANJIT","1","0.00","0.00","0.00","0.00","0.00","0.00"
"203904","2025-11-29","Road","SKY 4 PUNE","PANTNAGAR","PANTNAGAR","SKY 4 PUNE","SKY 4 PANTNAGAR","7","0.00","0.00","Auto Parts ","Client","NA","SANJIT","1","0.00","0.00","0.00","0.00","0.00","0.00"
"203917","2025-12-02","Road","SKY 4 PUNE","PANTNAGAR","PANTNAGAR","SKY 4 PUNE","SKY 4 PANTNAGAR","4","0.00","0.00","Auto Parts ","Client","NA","SANJIT","1","0.00","0.00","0.00","0.00","0.00","0.00"
"203918","2025-12-02","Road","SKY 4 PUNE","PANTNAGAR","PANTNAGAR","SKY 4 PUNE","SKY 4 PANTNAGAR","4","0.00","0.00","Auto Parts ","Client","NA","SANJIT","1","0.00","0.00","0.00","0.00","0.00","0.00"
"203919","2025-12-02","Road","SKY 4 PUNE","PANTNAGAR","PANTNAGAR","SKY 4 PUNE","SKY 4 PANTNAGAR","1","0.00","0.00","Auto Parts ","Client","NA","SANJIT","1","0.00","0.00","0.00","0.00","0.00","0.00"
"203925","2025-12-05","Road","SKY 4 PUNE","PANTNAGAR","PANTNAGAR","SKY 4 PUNE","SKY 4 PANTNAGAR","3","0.00","0.00","Auto Parts ","Client","NA","SANJIT","1","0.00","0.00","0.00","0.00","0.00","0.00"
"203931","2025-12-06","Road","SKY 4 PUNE","PANTNAGAR","PANTNAGAR","SKY 4 PUNE","SKY 4 PANTNAGAR","1","0.00","0.00","Auto Parts ","Client","NA","SANJIT","1","0.00","0.00","0.00","0.00","0.00","0.00"
"203932","2025-12-06","Road","SKY 4 PUNE","PANTNAGAR","PANTNAGAR","SKY 4 PUNE","SKY 4 PANTNAGAR","1","0.00","0.00","Auto Parts ","Client","NA","SANJIT","1","0.00","0.00","0.00","0.00","0.00","0.00"
"203933","2025-12-06","Road","SKY 4 PUNE","PANTNAGAR","PANTNAGAR","SKY 4 PUNE","SKY 4 PANTNAGAR","2","0.00","0.00","Auto Parts ","Client","NA","SANJIT","1","0.00","0.00","0.00","0.00","0.00","0.00"
"203934","2025-12-06","Road","SKY 4 PUNE","PANTNAGAR","PANTNAGAR","SKY 4 PUNE","SKY 4 PANTNAGAR","1","0.00","0.00","Auto Parts ","Client","NA","SANJIT","1","0.00","0.00","0.00","0.00","0.00","0.00"
"203947","2025-12-13","Road","SKY 4 PUNE","PANTNAGAR","PANTNAGAR","SKY 4 PUNE","SKY 4 PANTNAGAR","12","0.00","0.00","Auto Parts ","Client","NA","SANJIT","1","0.00","0.00","0.00","0.00","0.00","0.00"
"204376","2026-04-03","Road","SHREYA INDUSTRIES - PNQ","PUNE","PANTNAGAR","SHREYA INDUSTRIES - PNQ","SHREYA INDUSTRIES- PNT","20-Box","0.00","20.00","Auto Parts ","Client","NA","SANJIT","1","0.00","0.00","0.00","0.00","0.00","0.00"
"204377","2026-04-03","Road","SHREYA INDUSTRIES - PNQ","PUNE","PANTNAGAR","SHREYA INDUSTRIES - PNQ","SHREYA INDUSTRIES- PNT","16-Box ","0.00","16.00","Auto Parts ","Client","NA","SANJIT","1","0.00","0.00","0.00","0.00","0.00","0.00"
"204378","2026-04-03","Road","CJ DARCL LOGISTICS LIMITED","DELHI","PANTNAGAR","CJ DARCL LOGISTICS LIMITED","CJ DARCL LOGISTICS LIMITED","03","0.00","0.00","AUTO PART","Client",,"SUNIL","1","0.00","0.00","0.00","0.00","0.00","0.00"
"204379","2026-04-03","Air","STARWAYS INDUSTRIES- CHAKAN","PUNE","SITARGANJ","STARWAYS INDUSTRIES- CHAKAN","STARWAYS INDUSTRIES (SI)","20-Bag ","0.00","385.00","Auto Parts ","Client","NA","Admin","1","0.00","0.00","0.00","0.00","0.00","0.00"
"204380","2026-04-03","Air","STARWAYS INDUSTRIES- CHAKAN","PUNE","SITARGANJ","STARWAYS PRECISIONS PVT. LTD. ","STARWAYS INDUSTRIES (SI)","1-Bag","0.00","50.00","Auto Parts ","Client","NA","Admin","1","0.00","0.00","0.00","0.00","0.00","0.00"
"204381","2026-04-03","Train","STARWAYS PRECISIONS PVT. LTD. ","PUNE","SITARGANJ","STARWAYS PRECISIONS PVT. LTD. ","STARWAYS INDUSTRIES (SI)","2-Bag","0.00","100.00","Auto Parts ","Client","NA","SANJIT","1","0.00","0.00","0.00","0.00","0.00","0.00"
"204382","2026-04-03","Air","U. S. AUTO CONTROLS PVT LTD ","PUNE","PANTNAGAR","U. S. AUTO CONTROLS PVT LTD ","HARIHARESHWAR AUOT TECH PRIVATE LIMITED","5-Bag ","0.00","100.00","Auto Parts ","Client","NA","Admin","1","0.00","0.00","0.00","0.00","0.00","0.00"
"204383","2026-03-31","Train","PRECIFAST PRIVATE LIMITED","PUNE","PANTNAGAR","PRECIFAST PRIVATE LIMITED","BAJAJ AUTO LTD","10","0.00","120.00","AUTO PART","Client",,"SUNIL","1","0.00","0.00","0.00","0.00","0.00","0.00"
"204384","2026-04-04","Train","STARWAYS INDUSTRIES- CHAKAN","PUNE","SITARGANJ","STARWAYS INDUSTRIES- CHAKAN","STARWAYS INDUSTRIES (SI)","20-Bag","0.00","385.00","Auto Parts ","Client","NA","Admin","1","0.00","0.00","0.00","0.00","0.00","0.00"
"204385","2026-04-04","Road","SKY 4 PUNE","DELHI-STATION","PANTNAGAR","SKY 4 PUNE","SKY 4 PANTNAGAR","02","0.00","0.00","AUTO PART","Client",,"Admin","1","0.00","0.00","0.00","0.00","0.00","0.00"
"204386","2026-04-04","Train","STARWAYS INDUSTRIES- CHAKAN","PUNE","SITARGANJ","STARWAYS INDUSTRIES- CHAKAN","STARWAYS INDUSTRIES (SI)","20-Bag","0.00","385.00","Auto Parts ","Client","NA","Admin","1","0.00","0.00","0.00","0.00","0.00","0.00"
"204387","2026-04-04","Road","SHREYA INDUSTRIES - PNQ","PUNE","PANTNAGAR","SHREYA INDUSTRIES - PNQ","SHREYA INDUSTRIES- PNT","20-Box ","0.00","20.00","Auto Parts ","Client","NA","SANJIT","1","0.00","0.00","0.00","0.00","0.00","0.00"
"204388","2026-04-04","Road","SHREYA INDUSTRIES - PNQ","PUNE","PANTNAGAR","SHREYA INDUSTRIES - PNQ","SHREYA INDUSTRIES- PNT","16-Box","0.00","16.00","Auto Parts ","Client","NA","SANJIT","1","0.00","0.00","0.00","0.00","0.00","0.00"
"204389","2026-04-04","Air","STARWAYS PRECISIONS PVT. LTD. ","PUNE","SITARGANJ","STARWAYS PRECISIONS PVT. LTD. ","STARWAYS INDUSTRIES (SI)","1-Bag","0.00","50.00","Auto Parts ","Client","NA","SANJIT","1","0.00","0.00","0.00","0.00","0.00","0.00"
"204390","2026-04-05","Air","STARWAYS PRECISIONS PVT. LTD. ","PUNE","SITARGANJ","STARWAYS PRECISIONS PVT. LTD. ","STARWAYS INDUSTRIES (SI)","1-Bag","0.00","50.00","Auto Parts ","Client","NA","SANJIT","1","0.00","0.00","0.00","0.00","0.00","0.00"
"204391","2026-04-05","Train","STARWAYS PRECISIONS PVT. LTD. ","PUNE","SITARGANJ","STARWAYS PRECISIONS PVT. LTD. ","STARWAYS INDUSTRIES (SI)","14-Bag","0.00","250.00","Auto Parts ","Client","NA","SANJIT","1","0.00","0.00","0.00","0.00","0.00","0.00"
"204392","2026-04-05","Air","U. S. AUTO CONTROLS PVT LTD ","PUNE","PANTNAGAR","U. S. AUTO CONTROLS PVT LTD ","HARIHARESHWAR AUOT TECH PRIVATE LIMITED","13-Bag ","0.00","240.00","Auto Parts ","Client","NA","Admin","1","0.00","0.00","0.00","0.00","0.00","0.00"
"204393","2026-04-06","Road","SKY 4 PUNE","DELHI-STATION","PANTNAGAR","SKY 4 PUNE","SKY 4 PANTNAGAR","02","0.00","0.00","AUTO PART","Client",,"Admin","1","0.00","0.00","0.00","0.00","0.00","0.00"
"204394","2026-04-05","Road","CJ DARCL LOGISTICS LIMITED","DELHI","PANTNAGAR","CJ DARCL LOGISTICS LIMITED","CJ DARCL LOGISTICS LIMITED","05","0.00","0.00","AUTO PART","Client",,"SUNIL","1","0.00","0.00","0.00","0.00","0.00","0.00"
"204395","2026-04-06","Road","CJ DARCL LOGISTICS LIMITED","DELHI","PANTNAGAR","CJ DARCL LOGISTICS LIMITED","CJ DARCL LOGISTICS LIMITED","04","0.00","0.00","AUTO PART","Client",,"SUNIL","1","0.00","0.00","0.00","0.00","0.00","0.00"
"204396","2026-04-06","Air","STARWAYS INDUSTRIES- CHAKAN","PUNE","SITARGANJ","STARWAYS INDUSTRIES- CHAKAN","STARWAYS INDUSTRIES (SI)","4","0.00","60.00","Auto Parts ","Client","NA","Admin","1","0.00","0.00","0.00","0.00","0.00","0.00"
"204397","2026-04-06","Train","DALI SAMIR ENGG.PVT LTD-PUNE","PUNE","PANTNAGAR","SANSA AUTO ENGINEERING COMPANY - PUNE","DALI SAMIR ENGG PVT LTD- PTN","6-Box ","0.00","150.00","Auto Parts ","Client","NA","Admin","1","0.00","0.00","0.00","0.00","0.00","0.00"
"204398","2026-04-06","Road","SHREYA INDUSTRIES - PNQ","PUNE","PANTNAGAR","SHREYA INDUSTRIES - PNQ","SHREYA INDUSTRIES- PNT","30-Box ","0.00","30.00","Auto Parts ","Client","NA","SANJIT","1","0.00","0.00","0.00","0.00","0.00","0.00"
"204399","2026-04-06","Air","STARWAYS INDUSTRIES- CHAKAN","PUNE","SITARGANJ","STARWAYS INDUSTRIES- CHAKAN","STARWAYS INDUSTRIES (SI)","20-Bag","0.00","365.00","Auto Parts ","Client","NA","Admin","1","0.00","0.00","0.00","0.00","0.00","0.00"
"204400","2026-04-06","Train","STARWAYS INDUSTRIES- CHAKAN","PUNE","SITARGANJ","STARWAYS INDUSTRIES- CHAKAN","STARWAYS INDUSTRIES (SI)","25-Bag","0.00","440.00","Auto Parts ","Client","NA","Admin","1","0.00","0.00","0.00","0.00","0.00","0.00"
"204401","2026-04-07","Air","STARWAYS PRECISIONS PVT. LTD. ","AURANGABAD","SITARGANJ","STARWAYS PRECISIONS PVT. LTD. ","STARWAYS INDUSTRIES (SI)","1-Bag ","0.00","50.00","Auto Parts ","Client","NA","SANJIT","1","0.00","0.00","0.00","0.00","0.00","0.00"
"204402","2026-04-07","Air","STARWAYS INDUSTRIES- CHAKAN","PUNE","SITARGANJ","STARWAYS INDUSTRIES- CHAKAN","STARWAYS INDUSTRIES (SI)","4-Bag","0.00","65.00","Auto Parts ","Client","NA","Admin","1","0.00","0.00","0.00","0.00","0.00","0.00"
"204403","2026-04-07","Road","SHREYA INDUSTRIES - PNQ","PUNE","PANTNAGAR","SHREYA INDUSTRIES - PNQ","SHREYA INDUSTRIES- PNT","30-Box ","0.00","30.00","Auto Parts ","Client","NA","SANJIT","1","0.00","0.00","0.00","0.00","0.00","0.00"
"204404","2026-04-07","Train","STARWAYS PRECISIONS PVT. LTD. ","PUNE","SITARGANJ","STARWAYS PRECISIONS PVT. LTD. ","STARWAYS INDUSTRIES (SI)","3-Bag","0.00","100.00","Auto Parts ","Client","NA","SANJIT","1","0.00","0.00","0.00","0.00","0.00","0.00"
"204405","2026-04-07","Air","U. S. AUTO CONTROLS PVT LTD ","PUNE","PANTNAGAR","U. S. AUTO CONTROLS PVT LTD ","HARIHARESHWAR AUOT TECH PRIVATE LIMITED","13-Bag","0.00","240.00","Auto Parts ","Client","NA","Admin","1","0.00","0.00","0.00","0.00","0.00","0.00"
"204406","2026-04-07","Train","STARWAYS INDUSTRIES- CHAKAN","PUNE","SITARGANJ","STARWAYS INDUSTRIES- CHAKAN","STARWAYS INDUSTRIES (SI)","22-Bag ","0.00","385.00","Auto Parts ","Client","NA","Admin","1","0.00","0.00","0.00","0.00","0.00","0.00"
"204407","2026-04-08","Train","PRECIFAST PRIVATE LIMITED","PUNE","PANTNAGAR","PRECIFAST PRIVATE LIMITED","UNO MINDA LIMITED","10-Box","0.00","120.00","Auto Parts ","Client","NA","Admin","1","0.00","0.00","0.00","0.00","0.00","0.00"
"204408","2026-04-07","Road","CJ DARCL LOGISTICS LIMITED","PANTNAGAR","DELHI","CJ DARCL LOGISTICS LIMITED","CJ DARCL LOGISTICS LIMITED","02","0.00","0.00","AUTO PART","Client","SPL","SUNIL","1","0.00","0.00","0.00","0.00","0.00","0.00"
"204410","2026-04-08","Train","STARWAYS INDUSTRIES- CHAKAN","PUNE","SITARGANJ","STARWAYS INDUSTRIES- CHAKAN","STARWAYS INDUSTRIES (SI)","8-Bag","0.00","125.00","Auto Parts ","Client","NA","Admin","1","0.00","0.00","0.00","0.00","0.00","0.00"
"204411","2026-04-08","Road","SHREYA INDUSTRIES - PNQ","PUNE","PANTNAGAR","SHREYA INDUSTRIES - PNQ","SHREYA INDUSTRIES- PNT","30-Box","0.00","30.00","Auto Parts ","Client","NA","SANJIT","1","0.00","0.00","0.00","0.00","0.00","0.00"
"204412","2026-04-08","Air","STARWAYS PRECISIONS PVT. LTD. ","PUNE","SITARGANJ","STARWAYS PRECISIONS PVT. LTD. ","STARWAYS INDUSTRIES (SI)","3-Bag","0.00","80.00","Auto Parts ","Client","NA","SANJIT","1","0.00","0.00","0.00","0.00","0.00","0.00"
"204413","2026-04-08","Train","STARWAYS PRECISIONS PVT. LTD. ","PUNE","SITARGANJ","STARWAYS PRECISIONS PVT. LTD. ","STARWAYS INDUSTRIES (SI)","4-Bag","0.00","135.00","Auto Parts ","Client","NA","SANJIT","1","0.00","0.00","0.00","0.00","0.00","0.00"
"204414","2025-10-30","Road","SKY 4 PUNE","PANTNAGAR","PUNE","SKY 4 PANTNAGAR","SKY 4 PUNE","2","0.00","0.00","AUTO PARTS",,,"Admin","0","0.00","0.00","0.00","0.00","0.00","0.00"
"204415","2026-04-08","Train","STARWAYS INDUSTRIES- CHAKAN","PUNE","SITARGANJ","STARWAYS INDUSTRIES- CHAKAN","STARWAYS INDUSTRIES (SI)","22-Bag","0.00","385.00","Auto Parts ","Client","NA","Admin","1","0.00","0.00","0.00","0.00","0.00","0.00"
"204416","2026-04-08","Road","CJ DARCL LOGISTICS LIMITED","DELHI","PANTNAGAR","LUMAX CORNAGLIA AUTO TECHNOLO - PNQ","LUMAX CORNAGLIA AUTO TECH- PTN","05","0.00","0.00","AUTO PART","Client",,"SUNIL","1","0.00","0.00","0.00","0.00","0.00","0.00"
"204417","2026-04-09","Train","BELRISE INDUSTRIES LTD UNIT -IX","PUNE","PANTNAGAR","BADVE AUTOCOMPS PVT LTD-II","BELRISE INDUSTRIES LTD UNIT -IX","58-Bag","0.00","715.00","Auto Parts ","Client","NA","Admin","1","0.00","0.00","0.00","0.00","0.00","0.00"
"204418","2026-04-08","Air","REUTTER INNOVATIVE CLOSURE TECHNOLOGIES (P) LTD","CHENNAI","PITHAMPUR","REUTTER INNOVATIVE CLOSURE TECHNOLOGIES (P) LTD","BAPL ROTOTECH PVT. LTD.","4","0.00","85.00","AUTOPARTS ","Client",,"Admin","1","0.00","0.00","0.00","0.00","0.00","0.00"
"204419","2026-04-08","Train","ASHA INDUSTRIES","AURANGABAD","PANTNAGAR","ASHA INDUSTRIES","BELRISE INDUSTRIES LTD UNIT -IX","2-Bag","0.00","100.00","Auto Parts ","Client","NA","Admin","1","0.00","0.00","0.00","0.00","0.00","0.00"
"204420","2026-04-09","Air","U. S. AUTO CONTROLS PVT LTD ","PUNE","PANTNAGAR","U. S. AUTO CONTROLS PVT LTD ","HARIHARESHWAR AUOT TECH PRIVATE LIMITED","9-Bag","0.00","180.00","Auto Parts ","Client","NA","Admin","1","0.00","0.00","0.00","0.00","0.00","0.00"
"204421","2026-04-09","Train","SHREYA INDUSTRIES - PNQ","RUDRAPUR","PUNE","STANDARD RUBBER PRODUCTS","SHREYA INDUSTRIES - PNQ","12","0.00","216.00","AUTO PART","Client",,"SUNIL","1","0.00","0.00","0.00","0.00","0.00","0.00"
"204422","2026-04-09","Air","STARWAYS INDUSTRIES- CHAKAN","PUNE","SITARGANJ","STARWAYS INDUSTRIES- CHAKAN","STARWAYS INDUSTRIES (SI)","8-Bag","0.00","195.00","Auto Parts ","Client","NA","Admin","1","0.00","0.00","0.00","0.00","0.00","0.00"
"204423","2026-04-09","Train","STARWAYS INDUSTRIES- CHAKAN","PUNE","SITARGANJ","STARWAYS INDUSTRIES- CHAKAN","STARWAYS INDUSTRIES (SI)","10-Bag","0.00","290.00","Auto Parts ","Client","NA","Admin","1","0.00","0.00","0.00","0.00","0.00","0.00"
"204424","2026-04-09","Air","STARWAYS PRECISIONS PVT. LTD. ","AURANGABAD","SITARGANJ","STARWAYS PRECISIONS PVT. LTD. ","STARWAYS INDUSTRIES (SI)","2-Bag","0.00","80.00","Auto Parts ","Client","NA","SANJIT","1","0.00","0.00","0.00","0.00","0.00","0.00"
"204425","2026-04-09","Air","REUTTER INNOVATIVE CLOSURE TECHNOLOGIES (P) LTD","CHENNAI","NOIDA","REUTTER INNOVATIVE CLOSURE TECHNOLOGIES (P) LTD","SIMPLAST INDIA PRIVATE LIMITED","04","0.00","100.00","AUTO PART","Client",,"Admin","1","0.00","0.00","0.00","0.00","0.00","0.00"
"204426","2026-04-10","Road","SHREYA INDUSTRIES - PNQ","PUNE","PANTNAGAR","SHREYA INDUSTRIES - PNQ","SHREYA INDUSTRIES- PNT","30-Box ","0.00","30.00","Auto Parts ","Client","NA","SANJIT","1","0.00","0.00","0.00","0.00","0.00","0.00"
"204427","2026-04-10","Road","CJ DARCL LOGISTICS LIMITED","DELHI","PANTNAGAR","LUMAX CORNAGLIA AUTO TECHNOLO - PNQ","LUMAX CORNAGLIA AUTO TECH- PTN","05","0.00","0.00","AUTO PART","Client",,"SUNIL","1","0.00","0.00","0.00","0.00","0.00","0.00"
"204517","2026-04-23","Train","STARWAYS PRECISIONS PVT. LTD. ","PUNE","SITARGANJ","STARWAYS PRECISIONS PVT. LTD. ","STARWAYS INDUSTRIES (SI)","14-Bag","0.00","400.00","Auto Parts ","Client","NA","SANJIT","1","0.00","0.00","0.00","0.00","0.00","0.00"
"204429","2026-04-10","Train","DALI SAMIR ENGG.PVT LTD-PUNE","PUNE","PANTNAGAR","SANSA AUTO ENGINEERING COMPANY - PUNE","DALI SAMIR ENGG PVT LTD- PTN","3-Box ","0.00","100.00","Auto Parts ","Client","NA","Admin","1","0.00","0.00","0.00","0.00","0.00","0.00"
"204430","2026-04-10","Air","STARWAYS PRECISIONS PVT. LTD. ","PUNE","SITARGANJ","STARWAYS PRECISIONS PVT. LTD. ","STARWAYS INDUSTRIES (SI)","3-Bag ","0.00","80.00","Auto Parts ","Client","NA ","SANJIT","1","0.00","0.00","0.00","0.00","0.00","0.00"
"204431","2026-04-10","Train","STARWAYS PRECISIONS PVT. LTD. ","PUNE","SITARGANJ","STARWAYS PRECISIONS PVT. LTD. ","STARWAYS INDUSTRIES (SI)","8","0.00","185.00","Auto Parts ","Client","NA","SANJIT","1","0.00","0.00","0.00","0.00","0.00","0.00"
"204432","2026-04-10","Train","STARWAYS INDUSTRIES- CHAKAN","PUNE","SITARGANJ","STARWAYS INDUSTRIES- CHAKAN","STARWAYS INDUSTRIES (SI)","22-Bag ","0.00","385.00","Auto Parts ","Client","NA","Admin","1","0.00","0.00","0.00","0.00","0.00","0.00"
"204433","2026-04-11","Road","SHREYA INDUSTRIES - PNQ","PUNE","PANTNAGAR","SHREYA INDUSTRIES - PNQ","SHREYA INDUSTRIES- PNT","30-Box ","0.00","30.00","Auto Parts ","Client","NA","SANJIT","1","0.00","0.00","0.00","0.00","0.00","0.00"
"204434","2026-04-10","Air","STARWAYS PRECISIONS PVT. LTD. ","AURANGABAD","SITARGANJ","STARWAYS PRECISIONS PVT. LTD. ","STARWAYS INDUSTRIES (SI)","1-Bag ","0.00","50.00","Auto Parts ","Client","NA","Admin","1","0.00","0.00","0.00","0.00","0.00","0.00"
"204435","2026-04-11","Train","STARWAYS INDUSTRIES- CHAKAN","PUNE","SITARGANJ","STARWAYS INDUSTRIES- CHAKAN","STARWAYS INDUSTRIES (SI)","39","0.00","1080.00","Auto Parts ","Client","NA","Admin","1","0.00","0.00","0.00","0.00","0.00","0.00"
"204436","2026-04-11","Road","U. S. AUTO CONTROLS PVT LTD ","PUNE","PANTNAGAR","U. S. AUTO CONTROLS PVT LTD ","HARIHARESHWAR AUOT TECH PRIVATE LIMITED","10-Bag","0.00","255.00","Auto Parts ","Client","NA","Admin","1","0.00","0.00","0.00","0.00","0.00","0.00"
"204437","2026-04-11","Air","STARWAYS INDUSTRIES- CHAKAN","PUNE","SITARGANJ","STARWAYS INDUSTRIES- CHAKAN","STARWAYS INDUSTRIES (SI)","1-Bag ","0.00","50.00","Auto Parts ","Client","NA ","Admin","1","0.00","0.00","0.00","0.00","0.00","0.00"
"204438","2026-04-11","Train","SHREYA INDUSTRIES - PNQ","RUDRAPUR","PUNE","STANDARD RUBBER PRODUCTS","SHREYA INDUSTRIES - PNQ","12","0.00","216.00","AUTO PART","Client",,"SUNIL","1","0.00","0.00","0.00","0.00","0.00","0.00"
"204439","2026-04-11","Air","U. S. AUTO CONTROLS PVT LTD ","PUNE","PANTNAGAR","U. S. AUTO CONTROLS PVT LTD ","HARIHARESHWAR AUOT TECH PRIVATE LIMITED","11-Bag ","0.00","190.00","Auto Parts ","Client","NA","Admin","1","0.00","0.00","0.00","0.00","0.00","0.00"
"204440","2026-04-11","Train","STARWAYS INDUSTRIES- CHAKAN","PUNE","SITARGANJ","STARWAYS INDUSTRIES- CHAKAN","STARWAYS INDUSTRIES (SI)","22-Bag ","0.00","385.00","Auto Parts ","Client","NA","Admin","1","0.00","0.00","0.00","0.00","0.00","0.00"
"204441","2026-04-12","Train","DALI SAMIR ENGG.PVT LTD-PUNE","PUNE","PANTNAGAR","SANSA AUTO ENGINEERING COMPANY - PUNE","DALI SAMIR ENGG PVT LTD- PTN","5-Box","0.00","125.00","Auto Parts ","Client","NA","Admin","1","0.00","0.00","0.00","0.00","0.00","0.00"
"204442","2026-04-12","Train","STARWAYS INDUSTRIES- CHAKAN","PUNE","SITARGANJ","STARWAYS INDUSTRIES- CHAKAN","STARWAYS INDUSTRIES (SI)","22-Bag","0.00","385.00","Auto Parts ","Client","NA","Admin","1","0.00","0.00","0.00","0.00","0.00","0.00"
"204443","2026-04-12","Air","HIMALAYAN AUTO ERA PVT LTD","PUNE","PANTNAGAR","VENKATESH AUTOMOBILE PVT LTD","HIMALAYAN AUTO ERA PVT LTD","10","0.00","360.00","Auto Parts ","Client","NA","Admin","1","0.00","0.00","0.00","0.00","0.00","0.00"
"204444","2026-04-13","Road","U. S. AUTO CONTROLS PVT LTD ","PUNE","PANTNAGAR","U. S. AUTO CONTROLS PVT LTD ","HARIHARESHWAR AUOT TECH PRIVATE LIMITED","11-Bag","0.00","300.00","Auto Parts ","Client","NA","Admin","1","0.00","0.00","0.00","0.00","0.00","0.00"
"204445","2026-04-13","Road","U. S. AUTO CONTROLS PVT LTD ","PUNE","PANTNAGAR","U. S. AUTO CONTROLS PVT LTD ","METALFABTECH LLP","4-Bag","0.00","70.00","Auto Parts ","Client","NA","Admin","1","0.00","0.00","0.00","0.00","0.00","0.00"
"204446","2026-04-13","Air","STARWAYS INDUSTRIES- CHAKAN","PUNE","SITARGANJ","STARWAYS INDUSTRIES- CHAKAN","STARWAYS INDUSTRIES (SI)","6-Bag","0.00","120.00","Auto Parts ","Client","NA","Admin","1","0.00","0.00","0.00","0.00","0.00","0.00"
"204447","2026-04-13","Road","SKY 4 PUNE","DELHI-STATION","PANTNAGAR","THAKUR PLASTICS -","ROOP POLYMERS LTD. - PNT","04","0.00","0.00","AUTO PART","Client",,"Admin","1","0.00","0.00","0.00","0.00","0.00","0.00"
"204448","2026-04-13","Road","CJ DARCL LOGISTICS LIMITED","DELHI","PANTNAGAR","LUMAX CORNAGLIA AUTO TECHNOLO - PNQ","LUMAX CORNAGLIA AUTO TECH- PTN","03","0.00","0.00","AUTO PART","Client",,"SUNIL","1","0.00","0.00","0.00","0.00","0.00","0.00"
"204449","2026-04-13","Train","HIMALAYAN AUTO ERA PVT LTD","PUNE","PANTNAGAR","VENKATESH AUTOMOBILE PVT LTD","HIMALAYAN AUTO ERA PVT LTD","12","0.00","435.00","Auto Parts ","Client","NA","Admin","1","0.00","0.00","0.00","0.00","0.00","0.00"
"204450","2026-04-13","Air","STARWAYS PRECISIONS PVT. LTD. ","PUNE","SITARGANJ","STARWAYS PRECISIONS PVT. LTD. ","STARWAYS INDUSTRIES (SI)","13","0.00","495.00","Auto Parts ","Client","NA","SANJIT","1","0.00","0.00","0.00","0.00","0.00","0.00"
"204451","2026-04-13","Train","STARWAYS PRECISIONS PVT. LTD. ","PUNE","SITARGANJ","STARWAYS PRECISIONS PVT. LTD. ","STARWAYS INDUSTRIES (SI)","15-Bag","0.00","390.00","Auto Parts ","Client","NA","SANJIT","1","0.00","0.00","0.00","0.00","0.00","0.00"
"204452","2026-04-13","Air","STARWAYS INDUSTRIES- CHAKAN","PUNE","SITARGANJ","STARWAYS INDUSTRIES- CHAKAN","STARWAYS INDUSTRIES (SI)","22-Bag","0.00","385.00","Auto Parts ","Client","NA","Admin","1","0.00","0.00","0.00","0.00","0.00","0.00"
"204453","2026-04-14","Road","SKY 4 PUNE","DELHI-STATION","PANTNAGAR","AVLOCK INTERNATIONAL INDIA PVT. LTD.","LUMAX AUTO TECHNOLOGIES LTD.","50","0.00","0.00","AUTO PART","Client",,"Admin","1","0.00","0.00","0.00","0.00","0.00","0.00"
"204454","2026-04-14","Road","U. S. AUTO CONTROLS PVT LTD ","PUNE","PANTNAGAR","U. S. AUTO CONTROLS PVT LTD ","HARIHARESHWAR AUOT TECH PRIVATE LIMITED","16-Bag","0.00","420.00","Auto Parts ","Client","NA","Admin","1","0.00","0.00","0.00","0.00","0.00","0.00"
"204455","2026-04-14","Road","SHREYA INDUSTRIES - PNQ","PUNE","PANTNAGAR","SHREYA INDUSTRIES - PNQ","SHREYA INDUSTRIES- PNT","20-Box ","0.00","20.00","Auto Parts ","Client","NA","SANJIT","1","0.00","0.00","0.00","0.00","0.00","0.00"
"204456","2026-04-14","Road","SHREYA INDUSTRIES - PNQ","PUNE","PANTNAGAR","SHREYA INDUSTRIES - PNQ","SHREYA INDUSTRIES- PNT","16-Box ","0.00","16.00","Auto Parts ","Client","NA","Admin","1","0.00","0.00","0.00","0.00","0.00","0.00"
"204457","2026-04-14","Air","STARWAYS INDUSTRIES- CHAKAN","PUNE","SITARGANJ","STARWAYS INDUSTRIES- CHAKAN","STARWAYS INDUSTRIES (SI)","1-Bag ","0.00","50.00","Auto Parts ","Client","NA","Admin","1","0.00","0.00","0.00","0.00","0.00","0.00"
"204458","2026-04-14","Air","U. S. AUTO CONTROLS PVT LTD ","PUNE","PANTNAGAR","U. S. AUTO CONTROLS PVT LTD ","HARIHARESHWAR AUOT TECH PRIVATE LIMITED","14-Bag","0.00","280.00","Auto Parts ","Client","NA","Admin","1","0.00","0.00","0.00","0.00","0.00","0.00"
"204459","2026-04-14","Air","STARWAYS INDUSTRIES- CHAKAN","PUNE","SITARGANJ","STARWAYS INDUSTRIES- CHAKAN","STARWAYS INDUSTRIES (SI)","15-Bag","0.00","250.00","Auto Parts ","Client","NA","Admin","1","0.00","0.00","0.00","0.00","0.00","0.00"
"204460","2026-04-15","Air","STARWAYS PRECISIONS PVT. LTD. ","PUNE","SITARGANJ","STARWAYS PRECISIONS PVT. LTD. ","STARWAYS INDUSTRIES (SI)","1-Bag","0.00","50.00","Auto Parts ","Client","NA","SANJIT","1","0.00","0.00","0.00","0.00","0.00","0.00"
"204461","2026-04-15","Train","STARWAYS PRECISIONS PVT. LTD. ","PUNE","SITARGANJ","STARWAYS PRECISIONS PVT. LTD. ","STARWAYS INDUSTRIES (SI)","18-Bag","0.00","670.00","Auto Parts ","Client","NA","SANJIT","1","0.00","0.00","0.00","0.00","0.00","0.00"
"204462","2026-04-11","Train","ASHA INDUSTRIES","AURANGABAD","PANTNAGAR","ASHA INDUSTRIES","BELRISE INDUSTRIES LTD UNIT -IX","4-Bag ","0.00","120.00","Auto Parts ","Client","NA","Admin","1","0.00","0.00","0.00","0.00","0.00","0.00"
"204463","2026-04-15","Air","STARWAYS INDUSTRIES- CHAKAN","PUNE","SITARGANJ","STARWAYS INDUSTRIES- CHAKAN","STARWAYS INDUSTRIES (SI)","12-Bag","0.00","180.00","Auto Parts ","Client","NA","Admin","1","0.00","0.00","0.00","0.00","0.00","0.00"
"204464","2026-04-15","Train","STARWAYS INDUSTRIES- CHAKAN","PUNE","SITARGANJ","STARWAYS INDUSTRIES- CHAKAN","STARWAYS INDUSTRIES (SI)","3-Bag","0.00","50.00","Auto Parts ","Client","NA","Admin","1","0.00","0.00","0.00","0.00","0.00","0.00"
"204465","2026-04-15","Air","STARWAYS PRECISIONS PVT. LTD. ","PUNE","SITARGANJ","STARWAYS PRECISIONS PVT. LTD. ","STARWAYS INDUSTRIES (SI)","1-Bag","0.00","50.00","Auto Parts ","Client","NA","SANJIT","1","0.00","0.00","0.00","0.00","0.00","0.00"
"204466","2026-04-15","Road","U. S. AUTO CONTROLS PVT LTD ","PUNE","PANTNAGAR","U. S. AUTO CONTROLS PVT LTD ","METALFABTECH LLP","4-Bag ","0.00","70.00","Auto Parts ","Client","NA","Admin","1","0.00","0.00","0.00","0.00","0.00","0.00"
"204467","2026-04-15","Road","U. S. AUTO CONTROLS PVT LTD ","PUNE","PANTNAGAR","U. S. AUTO CONTROLS PVT LTD ","HARIHARESHWAR AUOT TECH PRIVATE LIMITED","12-Bag ","0.00","305.00","Auto Parts ","Client","NA","Admin","1","0.00","0.00","0.00","0.00","0.00","0.00"
"204468","2026-04-15","Train","BELRISE INDUSTRIES LTD,UNIT-7E","PUNE","PANTNAGAR","KAPSE INDUSTRIES","BELRISE INDUSTRIES LTD,UNIT-7E","1","0.00","100.00","Auto Parts ","Client","NA","Admin","1","0.00","0.00","0.00","0.00","0.00","0.00"
"204469","2026-04-15","Air","REUTTER INNOVATIVE CLOSURE TECHNOLOGIES (P) LTD","CHENNAI","NOIDA","REUTTER INNOVATIVE CLOSURE TECHNOLOGIES (P) LTD","SHIBATA PNEUMATIC INDUSTRIES","6","0.00","120.00","AUTO PARTS ","Client",,"Admin","1","0.00","0.00","0.00","0.00","0.00","0.00"
"204470","2026-04-16","Train","DALI SAMIR ENGG.PVT LTD-PUNE","PUNE","PANTNAGAR","SANSA AUTO ENGINEERING COMPANY - PUNE","DALI SAMIR ENGG PVT LTD- PTN","3-Box ","0.00","100.00","Auto Parts ","Client","NA","Admin","1","0.00","0.00","0.00","0.00","0.00","0.00"
"204471","2026-04-16","Road","SKY 4 PUNE","DELHI-STATION","PANTNAGAR","THAKUR PLASTICS -","ROOP POLYMERS LIMITED","03","0.00","0.00","AUTO PART","Client",,"Admin","1","0.00","0.00","0.00","0.00","0.00","0.00"
"204472","2026-04-16","Air","U. S. AUTO CONTROLS PVT LTD ","PUNE","PANTNAGAR","U. S. AUTO CONTROLS PVT LTD ","HARIHARESHWAR AUOT TECH PRIVATE LIMITED","4-Bag","0.00","80.00","Auto Parts ","Client","NA","Admin","1","0.00","0.00","0.00","0.00","0.00","0.00"
"204473","2026-04-16","Road","U. S. AUTO CONTROLS PVT LTD ","PUNE","PANTNAGAR","U. S. AUTO CONTROLS PVT LTD ","HARIHARESHWAR AUOT TECH PRIVATE LIMITED","8-Bag","0.00","250.00","Auto Parts ","Client","NA","Admin","1","0.00","0.00","0.00","0.00","0.00","0.00"
"204474","2026-04-16","Air","STARWAYS INDUSTRIES- CHAKAN","PUNE","SITARGANJ","STARWAYS INDUSTRIES- CHAKAN","STARWAYS INDUSTRIES (SI)","5-Bag ","0.00","90.00","Auto Parts ","Client","NA","Admin","1","0.00","0.00","0.00","0.00","0.00","0.00"
"204475","2026-04-16","Train","STARWAYS INDUSTRIES- CHAKAN","PUNE","SITARGANJ","STARWAYS INDUSTRIES- CHAKAN","STARWAYS INDUSTRIES (SI)","10-Bag ","0.00","380.00","Auto Parts ","Client","NA","Admin","1","0.00","0.00","0.00","0.00","0.00","0.00"
"204476","2026-04-16","Air","STARWAYS PRECISIONS PVT. LTD. ","PUNE","SITARGANJ","STARWAYS PRECISIONS PVT. LTD. ","STARWAYS INDUSTRIES (SI)","1-Bag ","0.00","50.00","Auto Parts ","Client","NA","SANJIT","1","0.00","0.00","0.00","0.00","0.00","0.00"
"204477","2026-04-16","Train","STARWAYS PRECISIONS PVT. LTD. ","PUNE","SITARGANJ","STARWAYS PRECISIONS PVT. LTD. ","STARWAYS INDUSTRIES (SI)","11-Bag","0.00","380.00","Auto Parts ","Client","NA","SANJIT","1","0.00","0.00","0.00","0.00","0.00","0.00"
"204478","2026-04-17","Road","SHREYA INDUSTRIES - PNQ","PUNE","PANTNAGAR","SHREYA INDUSTRIES - PNQ","SHREYA INDUSTRIES- PNT","20-Box ","0.00","20.00","Auto Parts ","Client","NA","Admin","1","0.00","0.00","0.00","0.00","0.00","0.00"
"204479","2026-04-17","Road","SHREYA INDUSTRIES - PNQ","PUNE","PANTNAGAR","SHREYA INDUSTRIES - PNQ","SHREYA INDUSTRIES- PNT","16-Box ","0.00","16.00","Auto Parts ","Client","NA","Admin","1","0.00","0.00","0.00","0.00","0.00","0.00"
"204480","2026-04-18","Road","SHREYA INDUSTRIES - PNQ","PUNE","PANTNAGAR","SHREYA INDUSTRIES - PNQ","SHREYA INDUSTRIES- PNT","20-Box ","0.00","20.00","Auto Parts ","Client","NA","Admin","1","0.00","0.00","0.00","0.00","0.00","0.00"
"204481","2026-04-18","Road","SHREYA INDUSTRIES - PNQ","PUNE","PANTNAGAR","SHREYA INDUSTRIES - PNQ","SHREYA INDUSTRIES- PNT","16-Box ","0.00","16.00","Auto Parts ","Client","NA","Admin","1","0.00","0.00","0.00","0.00","0.00","0.00"
"204482","2026-04-18","Train","STARWAYS PRECISIONS PVT. LTD. ","PUNE","SITARGANJ","STARWAYS PRECISIONS PVT. LTD. ","STARWAYS INDUSTRIES (SI)","2","0.00","100.00","Auto Parts ","Client","NA","SANJIT","1","0.00","0.00","0.00","0.00","0.00","0.00"
"204483","2026-04-18","Air","U. S. AUTO CONTROLS PVT LTD ","PUNE","PANTNAGAR","U. S. AUTO CONTROLS PVT LTD ","HARIHARESHWAR AUOT TECH PRIVATE LIMITED","10-Bag","0.00","190.00","Auto Parts ","Client","NA","Admin","1","0.00","0.00","0.00","0.00","0.00","0.00"
"204484","2026-04-18","Road","U. S. AUTO CONTROLS PVT LTD ","PUNE","PANTNAGAR","U. S. AUTO CONTROLS PVT LTD ","HARIHARESHWAR AUOT TECH PRIVATE LIMITED","12-Bag","0.00","310.00","Auto Parts ",,"NA","Admin","1","0.00","0.00","0.00","0.00","0.00","0.00"
"204485","2026-04-19","Air","STARWAYS PRECISIONS PVT. LTD. ","PUNE","SITARGANJ","STARWAYS PRECISIONS PVT. LTD. ","STARWAYS INDUSTRIES (SI)","2-Bag ","0.00","60.00","Auto Parts ","Client","NA","SANJIT","1","0.00","0.00","0.00","0.00","0.00","0.00"
"204486","2026-04-19","Train","STARWAYS PRECISIONS PVT. LTD. ","PUNE","SITARGANJ","STARWAYS PRECISIONS PVT. LTD. ","STARWAYS INDUSTRIES (SI)","2-Bag ","0.00","165.00","Auto Parts ","Client","NA","SANJIT","1","0.00","0.00","0.00","0.00","0.00","0.00"
"204487","2026-04-20","Road","U. S. AUTO CONTROLS PVT LTD ","PUNE","PANTNAGAR","U. S. AUTO CONTROLS PVT LTD ","METALFABTECH LLP","4-Bag","0.00","70.00","Auto Parts ","Client","NA","Admin","1","0.00","0.00","0.00","0.00","0.00","0.00"
"204488","2026-04-20","Road","U. S. AUTO CONTROLS PVT LTD ","PUNE","PANTNAGAR","U. S. AUTO CONTROLS PVT LTD ","HARIHARESHWAR AUOT TECH PRIVATE LIMITED","13-Bag","0.00","355.00","Auto Parts ","Client","NA","Admin","1","0.00","0.00","0.00","0.00","0.00","0.00"
"204489","2026-04-20","Road","SKY 4 PUNE","DELHI-AIRPORT","PANTNAGAR","SKS FASTENERS LTD.","ASHOK LEYLAND LTD","12","0.00","0.00","AUTO PART","Client","ASHOK LEYLAND DELIVERY","Admin","1","0.00","0.00","0.00","0.00","0.00","0.00"
"204490","2026-04-20","Train","PRECIFAST PRIVATE LIMITED","PUNE","PANTNAGAR","PRECIFAST PRIVATE LIMITED","BAJAJ AUTO LTD","5-Box ","0.00","100.00","Auto Parts ","Client","NA","Admin","1","0.00","0.00","0.00","0.00","0.00","0.00"
"204491","2026-04-20","Air","U. S. AUTO CONTROLS PVT LTD ","PUNE","PANTNAGAR","U. S. AUTO CONTROLS PVT LTD ","HARIHARESHWAR AUOT TECH PRIVATE LIMITED","3-Bag","0.00","65.00","Auto Parts ","Client","NA","Admin","1","0.00","0.00","0.00","0.00","0.00","0.00"
"204492","2026-04-20","Air","HIMALAYAN AUTO ERA PVT LTD","PANTNAGAR","BANGALORE","HIMALAYAN AUTO ERA PVT LTD","FENWICK AND RAVI ","02","0.00","50.00","AUTO PART","Client",,"Admin","1","0.00","0.00","0.00","0.00","0.00","0.00"
"204493","2026-04-20","Road","SHREYA INDUSTRIES - PNQ","PUNE","PANTNAGAR","SHREYA INDUSTRIES - PNQ","SHREYA INDUSTRIES- PNT","20-Box ","0.00","20.00","Auto Parts ","Client","NA","Admin","1","0.00","0.00","0.00","0.00","0.00","0.00"
"204494","2026-04-20","Road","SHREYA INDUSTRIES - PNQ","PUNE","PANTNAGAR","SHREYA INDUSTRIES - PNQ","SHREYA INDUSTRIES- PNT","16-Box ","0.00","16.00","Auto Parts ","Client","NA","Admin","1","0.00","0.00","0.00","0.00","0.00","0.00"
"204495","2026-04-20","Air","STARWAYS PRECISIONS PVT. LTD. ","PUNE","SITARGANJ","STARWAYS PRECISIONS PVT. LTD. ","STARWAYS INDUSTRIES (SI)","1-Bag","0.00","50.00","Auto Parts ","Client","NA","SANJIT","1","0.00","0.00","0.00","0.00","0.00","0.00"
"204496","2026-04-21","Air","STARWAYS INDUSTRIES- CHAKAN","PUNE","SITARGANJ","STARWAYS INDUSTRIES- CHAKAN","STARWAYS INDUSTRIES (SI)","2-Box ","0.00","50.00","Auto Parts ","Client","NA","Admin","1","0.00","0.00","0.00","0.00","0.00","0.00"
"204497","2026-04-21","Train","STARWAYS INDUSTRIES- CHAKAN","PUNE","SITARGANJ","STARWAYS INDUSTRIES- CHAKAN","STARWAYS INDUSTRIES (SI)","9-Bag","0.00","265.00","Auto Parts ","Client","NA","Admin","1","0.00","0.00","0.00","0.00","0.00","0.00"
"204498","2026-04-21","Road","U. S. AUTO CONTROLS PVT LTD ","PUNE","PANTNAGAR","U. S. AUTO CONTROLS PVT LTD ","HARIHARESHWAR AUOT TECH PRIVATE LIMITED","9-Bag","0.00","275.00","Auto Parts ","Client","NA","Admin","1","0.00","0.00","0.00","0.00","0.00","0.00"
"204499","2026-04-21","Train","HIMALAYAN AUTO ERA PVT LTD","PUNE","PANTNAGAR","YASH INDUSTRIES ","HIMALAYAN AUTO ERA PVT LTD","6","0.00","100.00","0","Client","PICK-UP FROM VENKATESH AUTOMOBILES PVT.LTD.","Admin","1","0.00","0.00","0.00","0.00","0.00","0.00"
"204500","2026-04-21","Air","STARWAYS PRECISIONS PVT. LTD. ","PUNE","SITARGANJ","STARWAYS PRECISIONS PVT. LTD. ","STARWAYS INDUSTRIES (SI)","1-Bag","0.00","50.00","Auto Parts ","Client","NA","SANJIT","1","0.00","0.00","0.00","0.00","0.00","0.00"
"204501","2026-04-21","Train","STARWAYS PRECISIONS PVT. LTD. ","PUNE","SITARGANJ","STARWAYS PRECISIONS PVT. LTD. ","STARWAYS INDUSTRIES (SI)","1-Box","0.00","100.00","Auto Parts ","Client","NA","SANJIT","1","0.00","0.00","0.00","0.00","0.00","0.00"
"204502","2026-04-21","Train","PANORAMA AUTOMOTIVE IND. PVT. LTD.","PUNE","PANTNAGAR","FERRONITE METAL TREATMENT INDIA PVT LTD ","PANORAMA AUTOMOTIVE IND. PVT. LTD.","2-Bag","0.00","80.00","Auto Parts ","Client","NA","Admin","1","0.00","0.00","0.00","0.00","0.00","0.00"
"204503","2026-04-22","Road","U. S. AUTO CONTROLS PVT LTD ","PUNE","PANTNAGAR","U. S. AUTO CONTROLS PVT LTD ","HARIHARESHWAR AUOT TECH PRIVATE LIMITED","7-Bag","0.00","250.00","Auto Parts ","Client","NA","Admin","1","0.00","0.00","0.00","0.00","0.00","0.00"
"204504","2026-04-22","Road","CJ DARCL LOGISTICS LIMITED","DELHI","PANTNAGAR","LUMAX CORNAGLIA AUTO TECHNOLO - PNQ","LUMAX CORNAGLIA AUTO TECH- PTN","5","0.00","0.00","AUTO PART","Client",,"SUNIL","1","0.00","0.00","0.00","0.00","0.00","0.00"
"204505","2026-04-22","Train","STARWAYS PRECISIONS PVT. LTD. ","PUNE","SITARGANJ","STARWAYS PRECISIONS PVT. LTD. ","STARWAYS INDUSTRIES (SI)","52-Bag","0.00","1125.00","Auto Parts ","Client","NA","SANJIT","1","0.00","0.00","0.00","0.00","0.00","0.00"
"204506","2026-04-22","Air","STARWAYS PRECISIONS PVT. LTD. ","PUNE","SITARGANJ","STARWAYS PRECISIONS PVT. LTD. ","STARWAYS INDUSTRIES (SI)","2-Bag","0.00","50.00","Auto Parts ","Client","NA","SANJIT","1","0.00","0.00","0.00","0.00","0.00","0.00"
"204507","2026-04-22","Air","STARWAYS PRECISIONS PVT. LTD. ","PUNE","SITARGANJ","STARWAYS PRECISIONS PVT. LTD. ","ADVIK HI-TECH PVT LTD","1-Bag","0.00","50.00","Auto Parts ","Client","NA","SANJIT","1","0.00","0.00","0.00","0.00","0.00","0.00"
"204508","2026-04-22","Air","STARWAYS INDUSTRIES- CHAKAN","PUNE","SITARGANJ","STARWAYS INDUSTRIES- CHAKAN","STARWAYS INDUSTRIES (SI)","3-Bag","0.00","60.00","Auto Parts ","Client","NA","Admin","1","0.00","0.00","0.00","0.00","0.00","0.00"
"204509","2026-04-22","Train","STARWAYS INDUSTRIES- CHAKAN","PUNE","SITARGANJ","STARWAYS INDUSTRIES- CHAKAN","STARWAYS INDUSTRIES (SI)","8-Bag","0.00","185.00","Auto Parts ","Client","NA","Admin","1","0.00","0.00","0.00","0.00","0.00","0.00"
"204510","2026-04-22","Train","STARWAYS INDUSTRIES- CHAKAN","PUNE","SITARGANJ","STARWAYS INDUSTRIES- CHAKAN","STARWAYS INDUSTRIES (SI)","15-Bag","0.00","265.00","Auto Parts ","Client","NA","Admin","1","0.00","0.00","0.00","0.00","0.00","0.00"
"204511","2026-04-23","Road","SHREYA INDUSTRIES - PNQ","PUNE","PANTNAGAR","SHREYA INDUSTRIES - PNQ","SHREYA INDUSTRIES - PNQ","20","0.00","20.00","AUTO PART","Client",,"Admin","1","0.00","0.00","0.00","0.00","0.00","0.00"
"204512","2026-04-23","Road","SHREYA INDUSTRIES - PNQ","PUNE","PANTNAGAR","SHREYA INDUSTRIES - PNQ","SHREYA INDUSTRIES- PNT","16","0.00","16.00","AUTO PART","Client",,"Admin","1","0.00","0.00","0.00","0.00","0.00","0.00"
"204513","2026-04-23","Road","U. S. AUTO CONTROLS PVT LTD ","PUNE","PANTNAGAR","U. S. AUTO CONTROLS PVT LTD ","HARIHARESHWAR AUOT TECH PRIVATE LIMITED","19-Bag","0.00","475.00","Auto Parts ","Client","NA","Admin","1","0.00","0.00","0.00","0.00","0.00","0.00"
"204514","2026-04-23","Road","U. S. AUTO CONTROLS PVT LTD ","PUNE","PANTNAGAR","U. S. AUTO CONTROLS PVT LTD ","METALFABTECH LLP","4-Bag ","0.00","70.00","Auto Parts ","Client","NA","Admin","1","0.00","0.00","0.00","0.00","0.00","0.00"
"204515","2026-04-23","Air","STARWAYS INDUSTRIES- CHAKAN","PUNE","SITARGANJ","STARWAYS INDUSTRIES- CHAKAN","STARWAYS INDUSTRIES (SI)","13","0.00","245.00","Auto Parts ","Client","NA","Admin","1","0.00","0.00","0.00","0.00","0.00","0.00"
"204516","2026-04-23","Train","STARWAYS INDUSTRIES- CHAKAN","PUNE","SITARGANJ","STARWAYS INDUSTRIES- CHAKAN","STARWAYS INDUSTRIES (SI)","12-Bag","0.00","210.00","Auto Parts ","Client","NA","Admin","1","0.00","0.00","0.00","0.00","0.00","0.00"
"204518","2026-04-23","Train","PRECIFAST PRIVATE LIMITED","PUNE","PANTNAGAR","PRECIFAST PRIVATE LIMITED","BAJAJ AUTO LTD","5-Box ","0.00","100.00","Auto Parts ","Client","NA","Admin","1","0.00","0.00","0.00","0.00","0.00","0.00"
"204519","2026-04-23","Air","U. S. AUTO CONTROLS PVT LTD ","PUNE","PANTNAGAR","U. S. AUTO CONTROLS PVT LTD ","HARIHARESHWAR AUOT TECH PRIVATE LIMITED","6-Bag","0.00","110.00","Auto Parts ","Client","NA","Admin","1","0.00","0.00","0.00","0.00","0.00","0.00"
"204520","2026-04-24","Air","REUTTER INNOVATIVE CLOSURE TECHNOLOGIES (P) LTD","CHENNAI","PUNE","REUTTER INNOVATIVE CLOSURE TECHNOLOGIES (P) LTD","LUMAX AUTO TECHNOLOGIES LTD.","06","0.00","150.00","AUTO PART","Client",,"Admin","1","0.00","0.00","0.00","0.00","0.00","0.00"
"204521","2026-04-24","Air","STARWAYS PRECISIONS PVT. LTD. ","PUNE","SITARGANJ","STARWAYS PRECISIONS PVT. LTD. ","STARWAYS INDUSTRIES (SI)","1-Bag","0.00","50.00","Auto Parts ","Client","NA","SANJIT","1","0.00","0.00","0.00","0.00","0.00","0.00"
"204522","2026-04-24","Train","PRECIFAST PRIVATE LIMITED","PUNE","PANTNAGAR","PRECIFAST PRIVATE LIMITED","UNO MINDA LIMITED","10-Box ","0.00","120.00","Auto Parts ","Client","NA","Admin","1","0.00","0.00","0.00","0.00","0.00","0.00"
"204523","2026-04-24","Train","STARWAYS INDUSTRIES- CHAKAN","PUNE","SITARGANJ","STARWAYS INDUSTRIES- CHAKAN","STARWAYS INDUSTRIES (SI)","20-Bag","0.00","385.00","Auto Parts ","Client","NA","Admin","1","0.00","0.00","0.00","0.00","0.00","0.00"
"204524","2026-04-24","Road","CJ DARCL LOGISTICS LIMITED","DELHI","PANTNAGAR","LUMAX CORNAGLIA AUTO TECHNOLO - PNQ","LUMAX CORNAGLIA AUTO TECH- PTN","06","0.00","0.00","AUTO PART","Client",,"SUNIL","1","0.00","0.00","0.00","0.00","0.00","0.00"
"204525","2026-04-25","Air","STARWAYS INDUSTRIES- CHAKAN","PUNE","SITARGANJ","STARWAYS INDUSTRIES- CHAKAN","STARWAYS INDUSTRIES (SI)","1-Bag","0.00","50.00","Auto Parts ","Client","NA","Admin","1","0.00","0.00","0.00","0.00","0.00","0.00"
"204526","2026-04-25","Train","STARWAYS INDUSTRIES- CHAKAN","PUNE","SITARGANJ","STARWAYS INDUSTRIES- CHAKAN","STARWAYS INDUSTRIES (SI)","12-Bag","0.00","360.00","Auto Parts ","Client","NA","Admin","1","0.00","0.00","0.00","0.00","0.00","0.00"
"204527","2026-04-25","Train","STARWAYS PRECISIONS PVT. LTD. ","PUNE","SITARGANJ","STARWAYS PRECISIONS PVT. LTD. ","STARWAYS INDUSTRIES (SI)","94-Bag","0.00","1585.00","Auto Parts ","Client","NA","SANJIT","1","0.00","0.00","0.00","0.00","0.00","0.00"
"204528","2026-04-25","Road","U. S. AUTO CONTROLS PVT LTD ","PUNE","PANTNAGAR","U. S. AUTO CONTROLS PVT LTD ","HARIHARESHWAR AUOT TECH PRIVATE LIMITED","22-Bag","0.00","520.00","Auto Parts ","Client","NA","Admin","1","0.00","0.00","0.00","0.00","0.00","0.00"
"204529","2026-04-25","Train","STARWAYS PRECISIONS PVT. LTD. ","SITARGANJ","PUNE","STARWAYS INDUSTRIES (SI)","STARWAYS PRECISIONS PVT. LTD. ","03 BAG","0.00","100.00","AUTO PART","Client",,"Admin","1","0.00","0.00","0.00","0.00","0.00","0.00"
"204530","2026-04-25","Train","PANORAMA AUTOMOTIVE IND. PVT. LTD.","PUNE","PANTNAGAR","SHREE KAPUR INDUSTRIES ","PANORAMA AUTOMOTIVE IND. PVT. LTD.","3-Bag","0.00","95.00","Auto Parts ","Client","NA","Admin","1","0.00","0.00","0.00","0.00","0.00","0.00"
"204531","2026-04-25","Train","STARWAYS INDUSTRIES- CHAKAN","PUNE","SITARGANJ","STARWAYS INDUSTRIES- CHAKAN","STARWAYS INDUSTRIES (SI)","20-Bag","0.00","385.00","Auto Parts ","Client","NA","Admin","1","0.00","0.00","0.00","0.00","0.00","0.00"
"204532","2026-04-25","Air","U. S. AUTO CONTROLS PVT LTD ","PUNE","PANTNAGAR","U. S. AUTO CONTROLS PVT LTD ","HARIHARESHWAR AUOT TECH PRIVATE LIMITED","4-Bag","0.00","70.00","Auto Parts ","Client","NA","Admin","1","0.00","0.00","0.00","0.00","0.00","0.00"
"204533","2026-04-26","Train","STARWAYS PRECISIONS PVT. LTD. ","PUNE","SITARGANJ","STARWAYS PRECISIONS PVT. LTD. ","STARWAYS INDUSTRIES (SI)","8-Bag","0.00","260.00","Auto Parts ","Client","NA","SANJIT","1","0.00","0.00","0.00","0.00","0.00","0.00"
"204534","2026-04-26","Road","SHREYA INDUSTRIES - PNQ","PUNE","PANTNAGAR","SHREYA INDUSTRIES - PNQ","SHREYA INDUSTRIES- PNT","20-Box ","0.00","20.00","Auto Parts ","Client","NA","Admin","1","0.00","0.00","0.00","0.00","0.00","0.00"
"204535","2026-04-26","Road","SHREYA INDUSTRIES - PNQ","PUNE","PANTNAGAR","SHREYA INDUSTRIES - PNQ","SHREYA INDUSTRIES- PNT","16-Box ","0.00","16.00","Auto Parts ","Client","NA","Admin","1","0.00","0.00","0.00","0.00","0.00","0.00"
"204536","2026-04-26","Train","STARWAYS INDUSTRIES- CHAKAN","PUNE","SITARGANJ","STARWAYS INDUSTRIES- CHAKAN","STARWAYS INDUSTRIES (SI)","20-Bag","0.00","385.00","Auto Parts ","Client","NA","Admin","1","0.00","0.00","0.00","0.00","0.00","0.00"
"204537","2026-04-27","Road","SKY 4 PUNE","DELHI-STATION","PANTNAGAR","L & L PRODICTS INDIA PVT. LTD.","L & L PRODICTS INDIA PVT. LTD.","03","0.00","0.00","AUTO PART","Client",,"Admin","1","0.00","0.00","0.00","0.00","0.00","0.00"
"204538","2026-04-26","Road","CJ DARCL LOGISTICS LIMITED","PANTNAGAR","DELHI","LUMAX CORNAGLIA AUTO TECH- PTN","LUMAX CORNAGLIA AUTO TECHNOLO - PNQ","02","0.00","0.00","AUTO PART","Client","SPL","SUNIL","1","0.00","0.00","0.00","0.00","0.00","0.00"
"204539","2026-04-27","Train","STARWAYS INDUSTRIES- CHAKAN","PUNE","SITARGANJ","STARWAYS INDUSTRIES- CHAKAN","STARWAYS INDUSTRIES (SI)","5-Bag","0.00","100.00","Auto Parts ","Client","NA","Admin","1","0.00","0.00","0.00","0.00","0.00","0.00"
"204540","2026-04-27","Road","U. S. AUTO CONTROLS PVT LTD ","PUNE","PANTNAGAR","U. S. AUTO CONTROLS PVT LTD ","HARIHARESHWAR AUOT TECH PRIVATE LIMITED","10-Bag","0.00","260.00","Auto Parts ","Client","NA","Admin","1","0.00","0.00","0.00","0.00","0.00","0.00"
"204541","2026-04-27","Train","BELRISE INDUSTRIES LTD,UNIT-7E","PUNE","PANTNAGAR","KAPSE INDUSTRIES","BELRISE INDUSTRIES LTD,UNIT-7E","20-Bag","0.00","680.00","Auto Parts ","Client","NA","Admin","1","0.00","0.00","0.00","0.00","0.00","0.00"
"204542","2026-04-27","Train","STARWAYS INDUSTRIES- CHAKAN","PUNE","SITARGANJ","STARWAYS INDUSTRIES- CHAKAN","STARWAYS INDUSTRIES (SI)","22-Bag","0.00","385.00","Auto Parts ","Client","NA","Admin","1","0.00","0.00","0.00","0.00","0.00","0.00"
"204543","2026-04-28","Road","SHREYA INDUSTRIES - PNQ","PUNE","PANTNAGAR","SHREYA INDUSTRIES - PNQ","SHREYA INDUSTRIES- PNT","20-Box ","0.00","20.00","Auto Parts ","Client","NA","Admin","1","0.00","0.00","0.00","0.00","0.00","0.00"
"204544","2026-04-28","Road","SHREYA INDUSTRIES - PNQ","PUNE","PANTNAGAR","SHREYA INDUSTRIES - PNQ","SHREYA INDUSTRIES- PNT","16-Box ","0.00","16.00","Auto Parts ","Client","NA","Admin","1","0.00","0.00","0.00","0.00","0.00","0.00"
"204545","2026-04-28","Train","STARWAYS PRECISIONS PVT. LTD. ","PUNE","SITARGANJ","STARWAYS PRECISIONS PVT. LTD. ","STARWAYS INDUSTRIES (SI)","5-Bag","0.00","105.00","Auto Parts ","Client","NA","SANJIT","1","0.00","0.00","0.00","0.00","0.00","0.00"
"204546","2026-04-28","Air","U. S. AUTO CONTROLS PVT LTD ","PUNE","PANTNAGAR","U. S. AUTO CONTROLS PVT LTD ","HARIHARESHWAR AUOT TECH PRIVATE LIMITED","5-Bag","0.00","100.00","Auto Parts ","Client","NA","Admin","1","0.00","0.00","0.00","0.00","0.00","0.00"
"204547","2026-04-28","Road","U. S. AUTO CONTROLS PVT LTD ","PUNE","PANTNAGAR","U. S. AUTO CONTROLS PVT LTD ","HARIHARESHWAR AUOT TECH PRIVATE LIMITED","26-Bag","0.00","625.00","Auto Parts ","Client","NA","Admin","1","0.00","0.00","0.00","0.00","0.00","0.00"
"204548","2026-04-28","Train","STARWAYS INDUSTRIES- CHAKAN","PUNE","SITARGANJ","STARWAYS INDUSTRIES- CHAKAN","STARWAYS INDUSTRIES (SI)","22-Bag","0.00","385.00","Auto Parts ","Client","NA","Admin","1","0.00","0.00","0.00","0.00","0.00","0.00"
"204549","2026-04-27","Air","REUTTER INNOVATIVE CLOSURE TECHNOLOGIES (P) LTD","CHENNAI","PUNE","REUTTER INNOVATIVE CLOSURE TECHNOLOGIES (P) LTD","LUMAX CORNAGLIA AUTO TECHNOLO - PNQ","4","0.00","100.00","AUTO PARTS ","Client",,"Admin","1","0.00","0.00","0.00","0.00","0.00","0.00"
"204550","2026-04-28","Air","REUTTER INNOVATIVE CLOSURE TECHNOLOGIES (P) LTD","PUNE","CHENNAI","PREMOLC INDUSTRIES LLP","CRD COMPONENTS ","1","0.00","50.00","AUTO PARTS ","Client",,"Admin","1","0.00","0.00","0.00","0.00","0.00","0.00"
"204551","2026-04-28","Air","REUTTER INNOVATIVE CLOSURE TECHNOLOGIES (P) LTD","CHENNAI","PUNE","REUTTER INNOVATIVE CLOSURE TECHNOLOGIES (P) LTD","VOSS AUTOMOTIVE INDIA PVT LTD ","1","0.00","50.00","AUTO PARTS ","Client",,"Admin","1","0.00","0.00","0.00","0.00","0.00","0.00"
"204552","2026-04-29","Road Express","HIMALAYAN AUTO ERA PVT LTD","PUNE","PANTNAGAR","FRACTMET ENGINEERING LLP","HIMALAYAN AUTO ERA PVT LTD","12-Bag","0.00","250.00","Auto Parts ","Client","NA","Admin","1","0.00","0.00","0.00","0.00","0.00","0.00"
"204553","2026-04-29","Road","DALI SAMIR ENGG.PVT LTD-PUNE","FARIDABAD","PANTNAGAR","SHREE SAI AUTO COMPONENTS","DALI SAMIR ENGG PVT LTD- PTN","12","0.00","0.00","AUTO PART","Client",,"SUNIL","1","0.00","0.00","0.00","0.00","0.00","0.00"
"204554","2026-04-29","Train","STARWAYS PRECISIONS PVT. LTD. ","PUNE","SITARGANJ","STARWAYS PRECISIONS PVT. LTD. ","STARWAYS INDUSTRIES (SI)","17-Bag","0.00","590.00","Auto Parts ","Client","NA","SANJIT","1","0.00","0.00","0.00","0.00","0.00","0.00"
"204555","2026-04-29","Air","REUTTER INNOVATIVE CLOSURE TECHNOLOGIES (P) LTD","PUNE","CHENNAI","PREMOLC INDUSTRIES LLP","CRD COMPONENTS ","1","0.00","50.00","Auto Parts ","Client","NA","Admin","1","0.00","0.00","0.00","0.00","0.00","0.00"
"204556","2026-04-29","Train","STARWAYS INDUSTRIES- CHAKAN","PUNE","SITARGANJ","STARWAYS INDUSTRIES- CHAKAN","STARWAYS INDUSTRIES (SI)","22-Bag","0.00","385.00","Auto Parts ","Client","NA","Admin","1","0.00","0.00","0.00","0.00","0.00","0.00"
"204557","2026-04-30","Road","SKY 4 PUNE","DELHI-STATION","PANTNAGAR","L & L PRODICTS INDIA PVT. LTD.","L & L PRODICTS INDIA PVT. LTD.","22","0.00","0.00","AUTO PART","Client",,"Admin","1","0.00","0.00","0.00","0.00","0.00","0.00"
"204558","2026-04-30","Air","STARWAYS INDUSTRIES- CHAKAN","PUNE","SITARGANJ","STARWAYS INDUSTRIES- CHAKAN","STARWAYS INDUSTRIES (SI)","8-Bag","0.00","155.00","Auto ","Client","NA","Admin","1","0.00","0.00","0.00","0.00","0.00","0.00"
"204559","2026-04-30","Train","STARWAYS INDUSTRIES- CHAKAN","PUNE","SITARGANJ","STARWAYS INDUSTRIES- CHAKAN","STARWAYS INDUSTRIES (SI)","4-Bag","0.00","100.00","Auto Parts ","Client","NA","SANJIT","1","0.00","0.00","0.00","0.00","0.00","0.00"
"204560","2026-04-30","Air","STARWAYS PRECISIONS PVT. LTD. ","PUNE","SITARGANJ","STARWAYS PRECISIONS PVT. LTD. ","STARWAYS INDUSTRIES (SI)","1","0.00","50.00","Auto Parts ","Client","NA","SANJIT","1","0.00","0.00","0.00","0.00","0.00","0.00"
"204561","2026-04-30","Road","U. S. AUTO CONTROLS PVT LTD ","PUNE","PANTNAGAR","U. S. AUTO CONTROLS PVT LTD ","HARIHARESHWAR AUOT TECH PRIVATE LIMITED","13-Bag","0.00","365.00","Auto Parts ","Client","NA","Admin","1","0.00","0.00","0.00","0.00","0.00","0.00"
"204562","2026-04-30","Road","U. S. AUTO CONTROLS PVT LTD ","PUNE","PANTNAGAR","U. S. AUTO CONTROLS PVT LTD ","METALFABTECH LLP","4-Bag","0.00","70.00","Auto Parts ","Client","NA","Admin","1","0.00","0.00","0.00","0.00","0.00","0.00"
"204563","2026-04-30","Air","U. S. AUTO CONTROLS PVT LTD ","PUNE","PANTNAGAR","U. S. AUTO CONTROLS PVT LTD ","HARIHARESHWAR AUOT TECH PRIVATE LIMITED","4-Bag ","0.00","90.00","Auto Parts ","Client","NA","Admin","1","0.00","0.00","0.00","0.00","0.00","0.00"
"204564","2026-05-01","Train","STARWAYS INDUSTRIES- CHAKAN","PUNE","SITARGANJ","STARWAYS INDUSTRIES- CHAKAN","STARWAYS INDUSTRIES (SI)","15-Bag ","0.00","0.00","Auto Parts ","Client","NA","SANJIT","1","0.00","0.00","0.00","0.00","0.00","0.00"
"204565","2026-04-30","Air","REUTTER INNOVATIVE CLOSURE TECHNOLOGIES (P) LTD","CHENNAI","PUNE","REUTTER INNOVATIVE CLOSURE TECHNOLOGIES (P) LTD","VOSS AUTOMOTIVE INDIA PVT LTD ","1-Box ","0.00","50.00","Auto Parts ","Client","NA","Admin","1","0.00","0.00","0.00","0.00","0.00","0.00"
"204566","2026-05-01","Train","STARWAYS INDUSTRIES- CHAKAN","SITARGANJ","PUNE","STARWAYS INDUSTRIES (SI)","PRECOMP TOOLS PVT LTD ","1 BAG","0.00","0.00","AUTO PART","Client",,"SUNIL","1","0.00","0.00","0.00","0.00","0.00","0.00"
"204567","2026-05-02","Road","SHREYA INDUSTRIES - PNQ","PUNE","PANTNAGAR","SHREYA INDUSTRIES - PNQ","SHREYA INDUSTRIES- PNT","20-Box ","0.00","20.00","Auto Parts ","Client","NA","SANJIT","1","0.00","0.00","0.00","0.00","0.00","0.00"
"204568","2026-05-02","Road","SHREYA INDUSTRIES - PNQ","PUNE","PANTNAGAR","SHREYA INDUSTRIES - PNQ","SHREYA INDUSTRIES- PNT","16-Box","0.00","16.00","Auto Parts ","Client","NA","SANJIT","1","0.00","0.00","0.00","0.00","0.00","0.00"
"204569","2026-05-01","Road","SKY 4 PUNE","DELHI-STATION","PANTNAGAR","L & L PRODICTS INDIA PVT. LTD.","L & L PRODICTS INDIA PVT. LTD.","13","0.00","0.00","AUTO PART","Client",,"SUNIL","1","0.00","0.00","0.00","0.00","0.00","0.00"
"204570","2026-05-02","Road","SKY 4 PUNE","DELHI-STATION","PANTNAGAR","L & L PRODICTS INDIA PVT. LTD.","L & L PRODICTS INDIA PVT. LTD.","12 BAG","0.00","0.00","AUTO PART","Client",,"SUNIL","1","0.00","0.00","0.00","0.00","0.00","0.00"
"204571","2026-05-02","Road","U. S. AUTO CONTROLS PVT LTD ","PANTNAGAR","PUNE","HARIHARESHWAR AUOT TECH PRIVATE LIMITED","U. S. AUTO CONTROLS PVT LTD ","05 BAG","0.00","250.00","AUTO PART","Client",,"SUNIL","1","0.00","0.00","0.00","0.00","0.00","0.00"
"204572","2026-05-02","Train","DALI SAMIR ENGG.PVT LTD-PUNE","PUNE","PANTNAGAR","SANSA AUTO ENGINEERING COMPANY - PUNE","DALI SAMIR ENGG PVT LTD- PTN","3-Box","0.00","100.00","Auto Parts ","Client","NA","SANJIT","1","0.00","0.00","0.00","0.00","0.00","0.00"
"204573","2026-05-02","Air","STARWAYS INDUSTRIES- CHAKAN","PUNE","SITARGANJ","STARWAYS INDUSTRIES- CHAKAN","STARWAYS INDUSTRIES (SI)","8-Bag","0.00","0.00","Auto Parts ","Client","NA","SANJIT","1","0.00","0.00","0.00","0.00","0.00","0.00"
"204574","2026-05-02","Train","BELRISE INDUSTRIES LTD,UNIT-7E","PUNE","PANTNAGAR","KAPSE INDUSTRIES","BELRISE INDUSTRIES LTD,UNIT-7E","20-Bag","0.00","0.00","Auto Parts ","Client","NA","SANJIT","1","0.00","0.00","0.00","0.00","0.00","0.00"
"204575","2026-05-02","Train","STARWAYS PRECISIONS PVT. LTD. ","PUNE","SITARGANJ","STARWAYS PRECISIONS PVT. LTD. ","STARWAYS INDUSTRIES (SI)","3-Bag","0.00","190.00","Auto Parts ","Client","NA","SANJIT","1","0.00","0.00","0.00","0.00","0.00","0.00"
"204576","2026-05-02","Train","STARWAYS INDUSTRIES- CHAKAN","PUNE","SITARGANJ","STARWAYS INDUSTRIES- CHAKAN","STARWAYS INDUSTRIES (SI)","22-Bag","0.00","0.00","Auto Parts ","Client","NA","SANJIT","1","0.00","0.00","0.00","0.00","0.00","0.00"
"204577","2026-05-02","Road","CJ DARCL LOGISTICS LIMITED","DELHI","PANTNAGAR","LUMAX CORNAGLIA AUTO TECHNOLO - PNQ","LUMAX CORNAGLIA AUTO TECH- PTN","02","0.00","0.00","AUTO PART","Client","SPL","SUNIL","1","0.00","0.00","0.00","0.00","0.00","0.00"
"204578","2026-05-03","Train","DALI SAMIR ENGG.PVT LTD-PUNE","PUNE","PANTNAGAR","SANSA AUTO ENGINEERING COMPANY - PUNE","DALI SAMIR ENGG PVT LTD- PTN","4-Box ","0.00","100.00","Auto Parts ","Client","NA","SANJIT","1","0.00","0.00","0.00","0.00","0.00","0.00"
"204579","2026-05-03","Train","STARWAYS INDUSTRIES- CHAKAN","PUNE","SITARGANJ","STARWAYS INDUSTRIES- CHAKAN","STARWAYS INDUSTRIES (SI)","22-Bag","0.00","0.00","Auto Parts ","Client","NA","SANJIT","1","0.00","0.00","0.00","0.00","0.00","0.00"
"204580","2026-05-04","Road","U. S. AUTO CONTROLS PVT LTD ","PUNE","PANTNAGAR","U. S. AUTO CONTROLS PVT LTD ","HARIHARESHWAR AUOT TECH PRIVATE LIMITED","16-Bag","0.00","448.00","Auto Parts ","Client","NA","SANJIT","1","0.00","0.00","0.00","0.00","0.00","0.00"
"204581","2026-05-04","Train","STARWAYS INDUSTRIES- CHAKAN","PUNE","SITARGANJ","STARWAYS INDUSTRIES- CHAKAN","STARWAYS INDUSTRIES (SI)","14-Bag","0.00","0.00","Auto Parts ","Client","NA","SANJIT","1","0.00","0.00","0.00","0.00","0.00","0.00"
"204582","2026-05-04","Air","STARWAYS PRECISIONS PVT. LTD. ","PUNE","SITARGANJ","STARWAYS PRECISIONS PVT. LTD. ","STARWAYS INDUSTRIES (SI)","3-Bag","0.00","70.00","Auto Parts ","Client","NA","SANJIT","1","0.00","0.00","0.00","0.00","0.00","0.00"
"204583","2026-05-04","Train","STARWAYS INDUSTRIES- CHAKAN","PUNE","SITARGANJ","STARWAYS INDUSTRIES- CHAKAN","STARWAYS INDUSTRIES (SI)","22-Bag ","0.00","0.00","Auto Parts ","Client","NA","SANJIT","1","0.00","0.00","0.00","0.00","0.00","0.00"
"204584","2026-05-04","Air","U. S. AUTO CONTROLS PVT LTD ","PUNE","PANTNAGAR","U. S. AUTO CONTROLS PVT LTD ","HARIHARESHWAR AUOT TECH PRIVATE LIMITED","5-Bag","0.00","100.00","Auto Parts ","Client","NA","SANJIT","1","0.00","0.00","0.00","0.00","0.00","0.00"
"204585","2026-05-05","Train","BELRISE INDUSTRIES LTD UNIT -IX","PUNE","PANTNAGAR","PLAST TECH TECHNOLOGY ","BELRISE INDUSTRIES LTD UNIT -IX","1-Box ","0.00","0.00","Auto Parts","Client","NA","SANJIT","1","0.00","0.00","0.00","0.00","0.00","0.00"
"204586","2026-05-05","Air","STARWAYS INDUSTRIES- CHAKAN","PUNE","SITARGANJ","STARWAYS INDUSTRIES- CHAKAN","STARWAYS INDUSTRIES (SI)","10-Bag","0.00","0.00","Auto Parts ","Client","NA","SANJIT","1","0.00","0.00","0.00","0.00","0.00","0.00"
"204587","2026-05-05","Train","STARWAYS INDUSTRIES- CHAKAN","PUNE","SITARGANJ","STARWAYS INDUSTRIES- CHAKAN","STARWAYS INDUSTRIES (SI)","8-Bag","0.00","0.00","Auto Parts ","Client","NA","SANJIT","1","0.00","0.00","0.00","0.00","0.00","0.00"
"204588","2026-05-05","Train","PRECIFAST PRIVATE LIMITED","PUNE","PANTNAGAR","PRECIFAST PRIVATE LIMITED","UNO MINDA LIMITED","20-Box","0.00","450.00","Auto Parts ","Client","NA","SANJIT","1","0.00","0.00","0.00","0.00","0.00","0.00"
"204589","2026-05-05","Road","U. S. AUTO CONTROLS PVT LTD ","PUNE","PANTNAGAR","U. S. AUTO CONTROLS PVT LTD ","HARIHARESHWAR AUOT TECH PRIVATE LIMITED","7-Bag","0.00","250.00","Auto Parts ","Client","NA","SANJIT","1","0.00","0.00","0.00","0.00","0.00","0.00"
"204590","2026-05-05","Air","STARWAYS PRECISIONS PVT. LTD. ","PUNE","SITARGANJ","STARWAYS PRECISIONS PVT. LTD. ","STARWAYS INDUSTRIES (SI)","7-Bag ","0.00","230.00","Auto Parts ","Client","NA","SANJIT","1","0.00","0.00","0.00","0.00","0.00","0.00"
"204591","2026-05-05","Train","STARWAYS INDUSTRIES- CHAKAN","PUNE","SITARGANJ","STARWAYS INDUSTRIES- CHAKAN","STARWAYS INDUSTRIES (SI)","22-Bag","0.00","0.00","Auto Parts ","Client","NA","SANJIT","1","0.00","0.00","0.00","0.00","0.00","0.00"
"204592","2026-05-04","Train","ASHA INDUSTRIES","AURANGABAD","PANTNAGAR","ASHA INDUSTRIES","BELRISE INDUSTRIES LTD UNIT -IX","3-Bag","0.00","100.00","Auto Parts ","Client","NA","SANJIT","1","0.00","0.00","0.00","0.00","0.00","0.00"
"204593","2026-05-06","Air","U. S. AUTO CONTROLS PVT LTD ","PUNE","PANTNAGAR","U. S. AUTO CONTROLS PVT LTD ","HARIHARESHWAR AUOT TECH PRIVATE LIMITED","4-Bag","0.00","80.00","Auto Parts ","Client","NA","SANJIT","1","0.00","0.00","0.00","0.00","0.00","0.00"
"204594","2026-05-06","Road","U. S. AUTO CONTROLS PVT LTD ","PUNE","PANTNAGAR","U. S. AUTO CONTROLS PVT LTD ","HARIHARESHWAR AUOT TECH PRIVATE LIMITED","12-Bag","0.00","336.00","Auto Parts ","Client","NA","SANJIT","1","0.00","0.00","0.00","0.00","0.00","0.00"
"204595","2026-05-06","Air","STARWAYS INDUSTRIES- CHAKAN","PUNE","SITARGANJ","STARWAYS INDUSTRIES- CHAKAN","STARWAYS INDUSTRIES (SI)","1-Bag","0.00","0.00","Auto Parts ","Client","NA","SANJIT","1","0.00","0.00","0.00","0.00","0.00","0.00"
"204596","2026-05-06","Train","STARWAYS PRECISIONS PVT. LTD. ","PUNE","SITARGANJ","STARWAYS PRECISIONS PVT. LTD. ","STARWAYS INDUSTRIES (SI)","5-Bag","0.00","155.00","Auto Parts ","Client","NA","SANJIT","1","0.00","0.00","0.00","0.00","0.00","0.00"
"204597","2026-05-06","Air","HIMALAYAN AUTO ERA PVT LTD","PUNE","PANTNAGAR","VENKATESH AUTOMOBILE PVT LTD","HIMALAYAN AUTO ERA PVT LTD","6","0.00","160.00","Auto Parts ","Client","NA","SANJIT","1","0.00","0.00","0.00","0.00","0.00","0.00"
"204598","2026-05-06","Train","STARWAYS INDUSTRIES- CHAKAN","PUNE","SITARGANJ","STARWAYS INDUSTRIES- CHAKAN","STARWAYS INDUSTRIES (SI)","22-Bag","0.00","0.00","Auto Parts ","Client","NA","SANJIT","1","0.00","0.00","0.00","0.00","0.00","0.00"
"204599","2026-05-07","Road","SHREYA INDUSTRIES - PNQ","PUNE","PANTNAGAR","SHREYA INDUSTRIES - PNQ","SHREYA INDUSTRIES- PNT","20-Bax","0.00","20.00","Auto Parts ","Client","NA","SANJIT","1","0.00","0.00","0.00","0.00","0.00","0.00"
"204600","2026-05-07","Road","SHREYA INDUSTRIES - PNQ","PUNE","PANTNAGAR","SHREYA INDUSTRIES - PNQ","SHREYA INDUSTRIES- PNT","16-Bag","0.00","16.00","Auto Parts ","Client","NA ","SANJIT","1","0.00","0.00","0.00","0.00","0.00","0.00"
"204601","2026-05-04","Air","HARIHARESHWAR AUOT TECH PRIVATE LIMITED","AURANGABAD","RUDRAPUR","INDIAN HARVESTERS","HARIHARESHWAR AUOT TECH PRIVATE LIMITED","1 BOX","10.00","50.00","M PARTS","Client","PICK UP-3000","Admin","1","0.00","0.00","0.00","0.00","0.00","0.00"
"204602","2026-05-07","Air","U. S. AUTO CONTROLS PVT LTD ","PANTNAGAR","PUNE","HARIHARESHWAR AUOT TECH PRIVATE LIMITED","U. S. AUTO CONTROLS PVT LTD ","02 BAG","0.00","50.00","AUTO PART","Client",,"SUNIL","1","0.00","0.00","0.00","0.00","0.00","0.00"
"204603","2026-05-07","Train","STARWAYS INDUSTRIES- CHAKAN","PUNE","SITARGANJ","STARWAYS INDUSTRIES- CHAKAN","STARWAYS INDUSTRIES (SI)","3","0.00","0.00","AUTO PARTS","Client",,"Admin","1","0.00","0.00","0.00","0.00","0.00","0.00"
"204604","2026-05-07","Train","STARWAYS PRECISIONS PVT. LTD. ","PUNE","SITARGANJ","STARWAYS PRECISIONS PVT. LTD. ","STARWAYS INDUSTRIES (SI)","25","0.00","260.00","AUTO PARTS","Client",,"Admin","1","0.00","0.00","0.00","0.00","0.00","0.00"
"204605","2026-05-07","Air","STARWAYS PRECISIONS PVT. LTD. ","PUNE","SITARGANJ","STARWAYS PRECISIONS PVT. LTD. ","STARWAYS INDUSTRIES (SI)","5","0.00","360.00","AUTO PARTS","Client",,"Admin","1","0.00","0.00","0.00","0.00","0.00","0.00"
"204606","2026-05-08","Train","STARWAYS INDUSTRIES- CHAKAN","PUNE","SITARGANJ","STARWAYS INDUSTRIES- CHAKAN","STARWAYS INDUSTRIES (SI)","3-Bag","0.00","0.00","Auto Parts ","Client","NA","SANJIT","1","0.00","0.00","0.00","0.00","0.00","0.00"
"204607","2026-05-08","Train","STARWAYS INDUSTRIES- CHAKAN","PUNE","SITARGANJ","STARWAYS INDUSTRIES- CHAKAN","STARWAYS INDUSTRIES (SI)","22-Bag","0.00","0.00","Auto Parts ","Client","NA","SANJIT","1","0.00","0.00","0.00","0.00","0.00","0.00"
"204608","2026-05-08","Train","STARWAYS PRECISIONS PVT. LTD. ","PUNE","SITARGANJ","STARWAYS PRECISIONS PVT. LTD. ","STARWAYS INDUSTRIES (SI)","1-Bag","0.00","100.00","Auto Parts ","Client","NA","SANJIT","1","0.00","0.00","0.00","0.00","0.00","0.00"
"204609","2026-05-08","Air","U. S. AUTO CONTROLS PVT LTD ","PUNE","PANTNAGAR","U. S. AUTO CONTROLS PVT LTD ","HARIHARESHWAR AUOT TECH PRIVATE LIMITED","3-Bag ","0.00","75.00","Auto Parts ","Client","NA","SANJIT","1","0.00","0.00","0.00","0.00","0.00","0.00"
"204610","2026-05-08","Road","U. S. AUTO CONTROLS PVT LTD ","PUNE","PANTNAGAR","U. S. AUTO CONTROLS PVT LTD ","HARIHARESHWAR AUOT TECH PRIVATE LIMITED","5-Bag","0.00","250.00","Auto Parts ","Client","NA","SANJIT","1","0.00","0.00","0.00","0.00","0.00","0.00"
"204611","2026-05-08","Air","REUTTER INNOVATIVE CLOSURE TECHNOLOGIES (P) LTD","CHENNAI","PUNE","REUTTER INNOVATIVE CLOSURE TECHNOLOGIES (P) LTD","LUMAX CORNAGLIA AUTO TECHNOLO - PNQ","3","65.00","65.00","Auto Parts ","Client","NA","SANJIT","1","0.00","0.00","0.00","0.00","0.00","0.00"
"204612","2026-05-09","Road","SKY 4 PUNE","DELHI-STATION","PANTNAGAR","L & L PRODICTS INDIA PVT. LTD.","L & L PRODICTS INDIA PVT. LTD.","17","0.00","0.00","AUTO PART","Client",,"SUNIL","1","0.00","0.00","0.00","0.00","0.00","0.00"
"204613","2026-05-09","Road","U. S. AUTO CONTROLS PVT LTD ","PUNE","PANTNAGAR","U. S. AUTO CONTROLS PVT LTD ","METALFABTECH LLP","4-Bag","0.00","125.00","Auto Parts ","Client","NA","SANJIT","1","0.00","0.00","0.00","0.00","0.00","0.00"
"204614","2026-05-09","Road","U. S. AUTO CONTROLS PVT LTD ","PUNE","PANTNAGAR","U. S. AUTO CONTROLS PVT LTD ","HARIHARESHWAR AUOT TECH PRIVATE LIMITED","6-Bag","0.00","125.00","Auto Parts ","Client","NA","SANJIT","1","0.00","0.00","0.00","0.00","0.00","0.00"
"204615","2026-05-09","Air","SCHLEMMER TECHNOLOGY IND PVT LTD","PUDUCHERRY","MANESAR","SCHLEMMER TECHNOLOGY IND PVT LTD","MINDA WESTPORT TECHNOLOGIES LTD","6","0.00","385.00","AUTO PARTS","Client",,"Admin","1","0.00","0.00","0.00","0.00","0.00","0.00"
"204616","2026-05-09","Train","PANORAMA AUTOMOTIVE IND. PVT. LTD.","PUNE","PANTNAGAR","POLE STAR AUTO","PANORAMA AUTOMOTIVE IND. PVT. LTD.","3-Bag","0.00","80.00","Auto Parts ","Client","NA","SANJIT","1","0.00","0.00","0.00","0.00","0.00","0.00"
"204617","2026-05-09","Train","STARWAYS INDUSTRIES- CHAKAN","PUNE","SITARGANJ","STARWAYS INDUSTRIES- CHAKAN","STARWAYS INDUSTRIES (SI)","7-Bag","0.00","0.00","Auto Parts ","Client","NA","SANJIT","1","0.00","0.00","0.00","0.00","0.00","0.00"
"204618","2026-05-09","Air","STARWAYS PRECISIONS PVT. LTD. ","PUNE","SITARGANJ","STARWAYS PRECISIONS PVT. LTD. ","STARWAYS INDUSTRIES (SI)","1-Bag","0.00","50.00","Auto Parts ","Client","NA","SANJIT","1","0.00","0.00","0.00","0.00","0.00","0.00"
"204619","2026-05-09","Train","STARWAYS PRECISIONS PVT. LTD. ","PUNE","SITARGANJ","STARWAYS PRECISIONS PVT. LTD. ","STARWAYS INDUSTRIES (SI)","11-Bag","0.00","400.00","Auto Parts ","Client","NA","SANJIT","1","0.00","0.00","0.00","0.00","0.00","0.00"
"204620","2026-05-09","Train","STARWAYS INDUSTRIES- CHAKAN","PUNE","SITARGANJ","STARWAYS INDUSTRIES- CHAKAN","STARWAYS INDUSTRIES (SI)","22-Bag","0.00","0.00","Auto Parts ","Client","NA","SANJIT","1","0.00","0.00","0.00","0.00","0.00","0.00"
"204832","2026-06-08","Train","STARWAYS INDUSTRIES- CHAKAN","PUNE","SITARGANJ","STARWAYS INDUSTRIES- CHAKAN","STARWAYS INDUSTRIES (SI)","32","0.00","0.00","Auto Parts ","Client","NA","SANJIT","1","0.00","0.00","0.00","0.00","0.00","0.00"
"204622","2026-05-10","Air","U. S. AUTO CONTROLS PVT LTD ","PUNE","CHENNAI","U. S. AUTO CONTROLS PVT LTD ","SM EXHAUST TECHNOLOGY PRIVATE LIMITED.","1-Bag ","0.00","50.00","Auto Parts ","Client","NA","SANJIT","1","0.00","0.00","0.00","0.00","0.00","0.00"
"204623","2026-05-10","Train","STARWAYS PRECISIONS PVT. LTD. ","PUNE","SITARGANJ","STARWAYS PRECISIONS PVT. LTD. ","STARWAYS INDUSTRIES (SI)","7-Bag ","0.00","195.00","Auto Parts ","Client","NA","SANJIT","1","0.00","0.00","0.00","0.00","0.00","0.00"
"204624","2026-05-10","Train","STARWAYS INDUSTRIES- CHAKAN","PUNE","SITARGANJ","STARWAYS INDUSTRIES- CHAKAN","STARWAYS INDUSTRIES (SI)","22-Bag","0.00","0.00","Auto Parts ","Client","NA","SANJIT","1","0.00","0.00","0.00","0.00","0.00","0.00"
"204831","2026-05-31","Road","NOKA FRIEGHT CARRIERS PVT LTD","DELHI-STATION","PANTNAGAR","NOKA FRIEGHT CARRIERS PVT LTD","NOKA FRIEGHT CARRIERS PVT LTD","921","0.00","19622.00","AUTO PARTS","Client",,"Admin","1","0.00","0.00","0.00","0.00","0.00","0.00"
"204626","2026-05-11","Road","SKY 4 PUNE","DELHI-AIRPORT","PANTNAGAR","L & L PRODICTS INDIA PVT. LTD.","L & L PRODICTS INDIA PVT. LTD.","06","0.00","0.00","AUTO PART","Client",,"SUNIL","1","0.00","0.00","0.00","0.00","0.00","0.00"
"204627","2026-05-11","Road","SKY 4 PUNE","DELHI-STATION","PANTNAGAR","L & L PRODICTS INDIA PVT. LTD.","L & L PRODICTS INDIA PVT. LTD.","21","0.00","0.00","AUTO PART","Client",,"SUNIL","1","0.00","0.00","0.00","0.00","0.00","0.00"
"204628","2026-05-11","Road Express","HIMALAYAN AUTO ERA PVT LTD","PUNE","PANTNAGAR","ATHARVA FOUNDRIES PVT. LTD.","HIMALAYAN AUTO ERA PVT LTD","100","0.00","1100.00","Auto Parts ","Client","NA","SANJIT","1","0.00","0.00","0.00","0.00","0.00","0.00"
"204629","2026-05-11","Road","U. S. AUTO CONTROLS PVT LTD ","PUNE","PANTNAGAR","U. S. AUTO CONTROLS PVT LTD ","HARIHARESHWAR AUOT TECH PRIVATE LIMITED","16-Bag","0.00","400.00","Auto Parts ","Client","NA","SANJIT","1","0.00","0.00","0.00","0.00","0.00","0.00"
"204630","2026-05-11","Air","U. S. AUTO CONTROLS PVT LTD ","PUNE","PANTNAGAR","U. S. AUTO CONTROLS PVT LTD ","HARIHARESHWAR AUOT TECH PRIVATE LIMITED","5-Bag","0.00","100.00","Auto Parts ","Client","NA","SANJIT","1","0.00","0.00","0.00","0.00","0.00","0.00"
"204631","2026-05-11","Train","STARWAYS INDUSTRIES- CHAKAN","PUNE","SITARGANJ","STARWAYS INDUSTRIES- CHAKAN","STARWAYS INDUSTRIES (SI)","22-Bag","0.00","0.00","Auto Parts ","Client","NA","SANJIT","1","0.00","0.00","0.00","0.00","0.00","0.00"
"204632","2026-05-11","Air","REUTTER INNOVATIVE CLOSURE TECHNOLOGIES (P) LTD","CHENNAI","PITHAMPUR","REUTTER INNOVATIVE CLOSURE TECHNOLOGIES (P) LTD","BAPL ROTOTECH PVT. LTD.","3","65.00","65.00","AUTO PARTS ","Client",,"Admin","1","0.00","0.00","0.00","0.00","0.00","0.00"
"204633","2026-05-12","Road","SHREYA INDUSTRIES - PNQ","PUNE","PANTNAGAR","SHREYA INDUSTRIES - PNQ","SHREYA INDUSTRIES- PNT","20-Box ","0.00","20.00","Auto Parts ","Client","NA","SANJIT","1","0.00","0.00","0.00","0.00","0.00","0.00"
"204634","2026-05-12","Road","SHREYA INDUSTRIES - PNQ","PUNE","PANTNAGAR","SHREYA INDUSTRIES - PNQ","SHREYA INDUSTRIES- PNT","16-Box ","0.00","16.00","Auto Parts ","Client","NA","SANJIT","1","0.00","0.00","0.00","0.00","0.00","0.00"
"204635","2026-05-12","Air","STARWAYS INDUSTRIES- CHAKAN","PUNE","SITARGANJ","STARWAYS INDUSTRIES- CHAKAN","STARWAYS INDUSTRIES (SI)","3-Bag","0.00","0.00","Auto Parts ","Client","NA","SANJIT","1","0.00","0.00","0.00","0.00","0.00","0.00"
"204636","2026-05-12","Train","STARWAYS INDUSTRIES- CHAKAN","PUNE","SITARGANJ","STARWAYS INDUSTRIES- CHAKAN","STARWAYS INDUSTRIES (SI)","5-Bag","0.00","0.00","Auto Parts ","Client","NA","SANJIT","1","0.00","0.00","0.00","0.00","0.00","0.00"
"204829","2026-05-31","Road","NOKA FRIEGHT CARRIERS PVT LTD","DELHI_AIRPORT-STATION","PANTNAGAR","NOKA FRIEGHT CARRIERS PVT LTD","NOKA FRIEGHT CARRIERS PVT LTD","1830","0.00","32902.00","AUTO PARTS","Client",,"Admin","1","0.00","0.00","0.00","0.00","0.00","0.00"
"204830","2026-05-31","Road","NOKA FRIEGHT CARRIERS PVT LTD","DELHI-AIRPORT","PANTNAGAR","NOKA FRIEGHT CARRIERS PVT LTD","NOKA FRIEGHT CARRIERS PVT LTD","1105","0.00","16535.00","AUTO PARTS","Client",,"Admin","1","0.00","0.00","0.00","0.00","0.00","0.00"
"204639","2026-05-12","Road","U. S. AUTO CONTROLS PVT LTD ","PUNE","PANTNAGAR","U. S. AUTO CONTROLS PVT LTD ","METALFABTECH LLP","4-Bag ","0.00","125.00","Auto Parts ","Client","NA","SANJIT","1","0.00","0.00","0.00","0.00","0.00","0.00"
"204640","2026-05-12","Road","U. S. AUTO CONTROLS PVT LTD ","PUNE","PANTNAGAR","U. S. AUTO CONTROLS PVT LTD ","HARIHARESHWAR AUOT TECH PRIVATE LIMITED","5-Bag ","0.00","125.00","Auto Parts ","Client","NA","SANJIT","1","0.00","0.00","0.00","0.00","0.00","0.00"
"204641","2026-05-12","Air","STARWAYS PRECISIONS PVT. LTD. ","PUNE","SITARGANJ","STARWAYS PRECISIONS PVT. LTD. ","STARWAYS INDUSTRIES (SI)","2-Bag","0.00","65.00","Auto Parts ","Client","NA","SANJIT","1","0.00","0.00","0.00","0.00","0.00","0.00"
"204642","2026-05-12","Air","ASHA INDUSTRIES","AURANGABAD","PANTNAGAR","ASHA INDUSTRIES","BELRISE INDUSTRIES LTD UNIT -IX","3-Bag","0.00","90.00","Auto Parts ","Client","NA","SANJIT","1","0.00","0.00","0.00","0.00","0.00","0.00"
"204643","2026-05-12","Train","STARWAYS INDUSTRIES- CHAKAN","PUNE","SITARGANJ","STARWAYS INDUSTRIES- CHAKAN","STARWAYS INDUSTRIES (SI)","22-Bag","0.00","0.00","Auto Parts ","Client","NA","SANJIT","1","0.00","0.00","0.00","0.00","0.00","0.00"
"204644","2026-05-12","Air","REUTTER INNOVATIVE CLOSURE TECHNOLOGIES (P) LTD","CHENNAI","PUNE","REUTTER INNOVATIVE CLOSURE TECHNOLOGIES (P) LTD","LUMAX CORNAGLIA AUTO TECH- PTN","3-Box ","65.00","65.00","Auto Parts ","Client","NA","SANJIT","1","0.00","0.00","0.00","0.00","0.00","0.00"
"204645","2026-05-12","Air","REUTTER INNOVATIVE CLOSURE TECHNOLOGIES (P) LTD","CHENNAI","PUNE","REUTTER INNOVATIVE CLOSURE TECHNOLOGIES (P) LTD","VOSS AUTOMOTIVE INDIA PVT LTD ","1-Box ","100.00","50.00","Auto Parts ","Client","NA","SANJIT","1","0.00","0.00","0.00","0.00","0.00","0.00"
"204646","2026-05-12","Air","REUTTER INNOVATIVE CLOSURE TECHNOLOGIES (P) LTD","CHENNAI","PITHAMPUR","REUTTER INNOVATIVE CLOSURE TECHNOLOGIES (P) LTD","BAPL ROTOTECH PVT. LTD.","6","90.00","90.00","AUTO PARTS ","Client",,"Admin","1","0.00","0.00","0.00","0.00","0.00","0.00"
"204647","2026-05-05","Road","CJ DARCL LOGISTICS LIMITED","DELHI","PANTNAGAR","LUMAX CORNAGLIA AUTO TECHNOLO - PNQ","LUMAX CORNAGLIA AUTO TECH- PTN","03","0.00","0.00","AUTO PART","Client","SPL","SUNIL","1","0.00","0.00","0.00","0.00","0.00","0.00"
"204648","2026-05-13","Road","U. S. AUTO CONTROLS PVT LTD ","PANTNAGAR","PUNE","HARIHARESHWAR AUOT TECH PRIVATE LIMITED","U. S. AUTO CONTROLS PVT LTD ","07 BAG","0.00","250.00","AUTO PART","Client",,"SUNIL","1","0.00","0.00","0.00","0.00","0.00","0.00"
"204649","2026-05-13","Road","U. S. AUTO CONTROLS PVT LTD ","PUNE","PANTNAGAR","U. S. AUTO CONTROLS PVT LTD ","HARIHARESHWAR AUOT TECH PRIVATE LIMITED","15-Bag","0.00","380.00","Auto Parts ","Client","NA","SANJIT","1","0.00","0.00","0.00","0.00","0.00","0.00"
"204650","2026-05-13","Air","BELRISE INDUSTRIES LTD,UNIT-7E","PUNE","PANTNAGAR","KAPSE INDUSTRIES","BELRISE INDUSTRIES LTD,UNIT-7E","1-Box ","0.00","0.00","Auto Parts ","Client","NA","SANJIT","1","0.00","0.00","0.00","0.00","0.00","0.00"
"204651","2026-05-13","Train","STARWAYS INDUSTRIES- CHAKAN","PUNE","SITARGANJ","STARWAYS INDUSTRIES- CHAKAN","STARWAYS INDUSTRIES (SI)","15-Bag ","0.00","0.00","Auto Parts ","Client","NA","SANJIT","1","0.00","0.00","0.00","0.00","0.00","0.00"
"204652","2026-05-14","Road","SHREYA INDUSTRIES - PNQ","PUNE","PANTNAGAR","SHREYA INDUSTRIES - PNQ","SHREYA INDUSTRIES- PNT","20-Box","0.00","20.00","Auto Parts ","Client","NA","SANJIT","1","0.00","0.00","0.00","0.00","0.00","0.00"
"204653","2026-05-14","Road","SHREYA INDUSTRIES - PNQ","PUNE","PANTNAGAR","SHREYA INDUSTRIES - PNQ","SHREYA INDUSTRIES- PNT","16-Box ","0.00","16.00","Auto Parts ","Client","NA","SANJIT","1","0.00","0.00","0.00","0.00","0.00","0.00"
"204654","2026-05-14","Air","STARWAYS INDUSTRIES- CHAKAN","PUNE","SITARGANJ","STARWAYS INDUSTRIES- CHAKAN","STARWAYS INDUSTRIES (SI)","6","0.00","0.00","Auto Parts ","Client","NA","SANJIT","1","0.00","0.00","0.00","0.00","0.00","0.00"
"204655","2026-05-14","Air","DALI SAMIR ENGG.PVT LTD-PUNE","PUNE","PANTNAGAR","SANSA AUTO ENGINEERING COMPANY - PUNE","DALI SAMIR ENGG PVT LTD- PTN","2-Box","0.00","50.00","Auto Parts ","Client","NA","SANJIT","1","0.00","0.00","0.00","0.00","0.00","0.00"
"204656","2026-05-14","Train","DALI SAMIR ENGG.PVT LTD-PUNE","PUNE","PANTNAGAR","SANSA AUTO ENGINEERING COMPANY - PUNE","DALI SAMIR ENGG PVT LTD- PTN","8-Box","0.00","200.00","Auto Parts ","Client","NA","SANJIT","1","0.00","0.00","0.00","0.00","0.00","0.00"
"204657","2026-05-14","Air","STARWAYS PRECISIONS PVT. LTD. ","PUNE","SITARGANJ","STARWAYS PRECISIONS PVT. LTD. ","STARWAYS INDUSTRIES (SI)","4-Bag","0.00","245.00","Auto Parts ","Client","NA","SANJIT","1","0.00","0.00","0.00","0.00","0.00","0.00"
"204658","2026-05-14","Air","DALI SAMIR ENGG.PVT LTD-PUNE","PUNE","PANTNAGAR","SANSA AUTO ENGINEERING COMPANY - PUNE","DALI SAMIR ENGG PVT LTD- PTN","3-Box","0.00","60.00","Auto Parts ","Client","NA","SUNIL","1","0.00","0.00","0.00","0.00","0.00","0.00"
"204659","2026-05-15","Train","STARWAYS PRECISIONS PVT. LTD. ","PUNE","SITARGANJ","STARWAYS PRECISIONS PVT. LTD. ","STARWAYS INDUSTRIES (SI)","21-Bag","0.00","645.00","Auto Parts ","Client","NA","SANJIT","1","0.00","0.00","0.00","0.00","0.00","0.00"
"204660","2026-05-15","Train","PANORAMA AUTOMOTIVE IND. PVT. LTD.","PUNE","PANTNAGAR","FERRONITE METAL TREATMENT INDIA PVT LTD ","PANORAMA AUTOMOTIVE IND. PVT. LTD.","3-Bag","0.00","80.00","Auto Parts ","Client","NA","SANJIT","1","0.00","0.00","0.00","0.00","0.00","0.00"
"204661","2026-05-15","Train","DALI SAMIR ENGG.PVT LTD-PUNE","PUNE","PANTNAGAR","SANSA AUTO ENGINEERING COMPANY - PUNE","DALI SAMIR ENGG PVT LTD- PTN","5-Box","0.00","125.00","Auto Parts ","Client","NA","SANJIT","1","0.00","0.00","0.00","0.00","0.00","0.00"
"204662","2026-05-15","Air","U. S. AUTO CONTROLS PVT LTD ","PUNE","PANTNAGAR","U. S. AUTO CONTROLS PVT LTD ","HARIHARESHWAR AUOT TECH PRIVATE LIMITED","3-Bag","0.00","95.00","Auto Parts ","Client","NA","SANJIT","1","0.00","0.00","0.00","0.00","0.00","0.00"
"204663","2026-05-15","Train","STARWAYS INDUSTRIES- CHAKAN","PUNE","SITARGANJ","STARWAYS INDUSTRIES- CHAKAN","STARWAYS INDUSTRIES (SI)","24-Bag","0.00","0.00","Auto Parts ","Client","NA","SANJIT","1","0.00","0.00","0.00","0.00","0.00","0.00"
"204664","2026-05-15","Road","SKY 4 PUNE","DELHI-STATION","PANTNAGAR","L & L PRODICTS INDIA PVT. LTD.","L & L PRODICTS INDIA PVT. LTD.","22","0.00","0.00","AUTO PART","Client",,"SUNIL","1","0.00","0.00","0.00","0.00","0.00","0.00"
"204665","2026-05-16","Road","SKY 4 PUNE","DELHI-STATION","PANTNAGAR","L & L PRODICTS INDIA PVT. LTD.","L & L PRODICTS INDIA PVT. LTD.","18","0.00","0.00","AUTO PART","Client",,"SUNIL","1","0.00","0.00","0.00","0.00","0.00","0.00"
"204666","2026-05-16","Train","STARWAYS INDUSTRIES- CHAKAN","PUNE","SITARGANJ","STARWAYS INDUSTRIES- CHAKAN","STARWAYS INDUSTRIES (SI)","3-Bag","0.00","0.00","Auto Parts ","Client","NA","SANJIT","1","0.00","0.00","0.00","0.00","0.00","0.00"
"204667","2026-05-16","Road","U. S. AUTO CONTROLS PVT LTD ","PUNE","PANTNAGAR","U. S. AUTO CONTROLS PVT LTD ","HARIHARESHWAR AUOT TECH PRIVATE LIMITED","20-Bag","0.00","435.00","Auto Parts ","Client","NA","SANJIT","1","0.00","0.00","0.00","0.00","0.00","0.00"
"204668","2026-05-15","Air","REUTTER INNOVATIVE CLOSURE TECHNOLOGIES (P) LTD","CHENNAI","PUNE","REUTTER INNOVATIVE CLOSURE TECHNOLOGIES (P) LTD","VOSS AUTOMOTIVE INDIA PVT LTD ","1-Box ","50.00","50.00","Auto Parts ","Client","NA","SANJIT","1","0.00","0.00","0.00","0.00","0.00","0.00"
"204669","2026-05-16","Air","STARWAYS PRECISIONS PVT. LTD. ","PUNE","SITARGANJ","STARWAYS PRECISIONS PVT. LTD. ","STARWAYS INDUSTRIES (SI)","2-Bag","0.00","50.00","Auto Parts ","Client","NA","SANJIT","1","0.00","0.00","0.00","0.00","0.00","0.00"
"204670","2026-05-16","Train","STARWAYS INDUSTRIES- CHAKAN","PUNE","SITARGANJ","STARWAYS INDUSTRIES- CHAKAN","STARWAYS INDUSTRIES (SI)","22-Bag","0.00","0.00","Auto Parts ","Client","NA","SANJIT","1","0.00","0.00","0.00","0.00","0.00","0.00"
"204671","2026-05-18","Road","CJ DARCL LOGISTICS LIMITED","DELHI","PANTNAGAR","LUMAX CORNAGLIA AUTO TECHNOLO - PNQ","LUMAX CORNAGLIA AUTO TECH- PTN","02","0.00","0.00","AUTO PART","Client",,"SUNIL","1","0.00","0.00","0.00","0.00","0.00","0.00"
"204672","2026-05-16","Air","ASHA INDUSTRIES","AURANGABAD","PANTNAGAR","ASHA INDUSTRIES","BELRISE INDUSTRIES LTD UNIT -IX","02","0.00","60.00","AUTO PART","Client",,"SUNIL","1","0.00","0.00","0.00","0.00","0.00","0.00"
"204673","2026-05-18","Road","SHREYA INDUSTRIES - PNQ","PUNE","PANTNAGAR","SHREYA INDUSTRIES - PNQ","SHREYA INDUSTRIES- PNT","20-Box ","0.00","20.00","Auto Parts ","Client","NA","SANJIT","1","0.00","0.00","0.00","0.00","0.00","0.00"
"204674","2026-05-18","Road","SHREYA INDUSTRIES - PNQ","PUNE","PANTNAGAR","SHREYA INDUSTRIES - PNQ","SHREYA INDUSTRIES- PNT","16-Box ","0.00","16.00","Auto Parts ","Client","NA","SANJIT","1","0.00","0.00","0.00","0.00","0.00","0.00"
"204675","2026-05-18","Train","STARWAYS INDUSTRIES- CHAKAN","PUNE","SITARGANJ","STARWAYS INDUSTRIES- CHAKAN","STARWAYS INDUSTRIES (SI)","23-Bag","0.00","0.00","Auto Parts ","Client","NA","SANJIT","1","0.00","0.00","0.00","0.00","0.00","0.00"
"204676","2026-05-18","Air","STARWAYS INDUSTRIES- CHAKAN","PUNE","SITARGANJ","STARWAYS INDUSTRIES- CHAKAN","STARWAYS INDUSTRIES (SI)","14-Bag","0.00","0.00","Auto Parts ","Client","NA","SANJIT","1","0.00","0.00","0.00","0.00","0.00","0.00"
"204677","2026-05-18","Road","U. S. AUTO CONTROLS PVT LTD ","PUNE","PANTNAGAR","U. S. AUTO CONTROLS PVT LTD ","HARIHARESHWAR AUOT TECH PRIVATE LIMITED","9-Bag","0.00","250.00","Auto Parts ","Client","NA","SANJIT","1","0.00","0.00","0.00","0.00","0.00","0.00"
"204678","2026-05-13","Road","SKY 4 PUNE","PANTNAGAR","PANTNAGAR","L & L PRODICTS INDIA PVT. LTD.","L & L PRODICTS INDIA PVT. LTD.","28","0.00","0.00","AUTO PART","Client",,"SUNIL","1","0.00","0.00","0.00","0.00","0.00","0.00"
"204679","2026-05-18","Air","STARWAYS PRECISIONS PVT. LTD. ","PUNE","SITARGANJ","STARWAYS PRECISIONS PVT. LTD. ","STARWAYS INDUSTRIES (SI)","1-Bag","0.00","50.00","Auto Parts ","Client","NA","SANJIT","1","0.00","0.00","0.00","0.00","0.00","0.00"
"204680","2026-05-18","Train","STARWAYS PRECISIONS PVT. LTD. ","PUNE","SITARGANJ","STARWAYS PRECISIONS PVT. LTD. ","STARWAYS INDUSTRIES (SI)","13-Bag","0.00","410.00","Auto Parts ","Client","NA","SANJIT","1","0.00","0.00","0.00","0.00","0.00","0.00"
"204681","2026-05-18","Air","BELRISE INDUSTRIES LTD UNIT -IX","AURANGABAD","PANTNAGAR","BADVE AUTOCOMPS PVT LTD 1K","BELRISE INDUSTRIES LTD UNIT- 6A","1-Box ","0.00","0.00","Auto Parts ","Client","NA","Admin","1","0.00","0.00","0.00","0.00","0.00","0.00"
"204682","2026-05-18","Train","STARWAYS INDUSTRIES- CHAKAN","PUNE","SITARGANJ","STARWAYS INDUSTRIES- CHAKAN","STARWAYS INDUSTRIES (SI)","12-Bag ","0.00","0.00","Auto Parts ","Client","NA","SANJIT","1","0.00","0.00","0.00","0.00","0.00","0.00"
"204683","2026-05-19","Road","U. S. AUTO CONTROLS PVT LTD ","PUNE","PANTNAGAR","U. S. AUTO CONTROLS PVT LTD ","HARIHARESHWAR AUOT TECH PRIVATE LIMITED","15-Bag","0.00","365.00","Auto Parts ","Client","NA","SANJIT","1","0.00","0.00","0.00","0.00","0.00","0.00"
"204684","2026-05-19","Air","PRECISION AUTO COMPONENTS","CHENNAI","PUNE","REUTTER INNOVATIVE CLOSURE TECHNOLOGIES (P) LTD","PRECISION AUTO COMPONENTS","2","0.00","50.00","AUTO PARTS","Client",,"Admin","1","0.00","0.00","0.00","0.00","0.00","0.00"
"204685","2026-05-18","Air","REUTTER INNOVATIVE CLOSURE TECHNOLOGIES (P) LTD","CHENNAI","JAMSHEDPUR","REUTTER INNOVATIVE CLOSURE TECHNOLOGIES (P) LTD","VIJAYSHREE AUTOCOM LTD","4","100.00","100.00","AUTO PARTS","Client",,"Admin","1","0.00","0.00","0.00","0.00","0.00","0.00"
"204686","2026-05-19","Train","STARWAYS PRECISIONS PVT. LTD. ","PUNE","SITARGANJ","STARWAYS PRECISIONS PVT. LTD. ","STARWAYS INDUSTRIES (SI)","3-Bag","0.00","285.00","Auto Parts ","Client","NA","SANJIT","1","0.00","0.00","0.00","0.00","0.00","0.00"
"204687","2026-05-19","Train","STARWAYS INDUSTRIES- CHAKAN","PUNE","SITARGANJ","STARWAYS INDUSTRIES- CHAKAN","STARWAYS INDUSTRIES (SI)","18-Bag","0.00","0.00","Auto Parts ","Client","NA","SANJIT","1","0.00","0.00","0.00","0.00","0.00","0.00"
"204688","2026-05-20","Road","SHREYA INDUSTRIES - PNQ","PUNE","PANTNAGAR","SHREYA INDUSTRIES - PNQ","SHREYA INDUSTRIES- PNT","20-Box ","0.00","20.00","Auto Parts ","Client","NA","SANJIT","1","0.00","0.00","0.00","0.00","0.00","0.00"
"204689","2026-05-20","Road","SHREYA INDUSTRIES - PNQ","PUNE","PANTNAGAR","SHREYA INDUSTRIES - PNQ","SHREYA INDUSTRIES- PNT","16-Box ","0.00","16.00","Auto Parts ","Client","NA","SANJIT","1","0.00","0.00","0.00","0.00","0.00","0.00"
"204690","2026-05-18","Air","ASHA INDUSTRIES","AURANGABAD","PANTNAGAR","ASHA INDUSTRIES","BELRISE INDUSTRIES LTD UNIT -IX","03 BAG","0.00","90.00","AUTO PART","Client",,"SUNIL","1","0.00","0.00","0.00","0.00","0.00","0.00"
"204691","2026-05-20","Air","STARWAYS PRECISIONS PVT. LTD. ","PUNE","SITARGANJ","STARWAYS PRECISIONS PVT. LTD. ","STARWAYS INDUSTRIES (SI)","1-Bag","0.00","50.00","Auto Parts ","Client","NA","SANJIT","1","0.00","0.00","0.00","0.00","0.00","0.00"
"204692","2026-05-20","Train","STARWAYS INDUSTRIES- CHAKAN","PUNE","SITARGANJ","STARWAYS INDUSTRIES- CHAKAN","STARWAYS INDUSTRIES (SI)","11-Bag","0.00","0.00","Auto Parts ","Client","NA","SANJIT","1","0.00","0.00","0.00","0.00","0.00","0.00"
"204694","2026-05-20","Road","U. S. AUTO CONTROLS PVT LTD ","PUNE","PANTNAGAR","U. S. AUTO CONTROLS PVT LTD ","HARIHARESHWAR AUOT TECH PRIVATE LIMITED","12","0.00","210.00","AUTO PART","Client",,"SUNIL","1","0.00","0.00","0.00","0.00","0.00","0.00"
"204695","2026-05-20","Train","STARWAYS INDUSTRIES- CHAKAN","PUNE","SITARGANJ","STARWAYS INDUSTRIES- CHAKAN","STARWAYS INDUSTRIES (SI)","22-Bag","0.00","0.00","Auto Parts ","Client","NA","SANJIT","1","0.00","0.00","0.00","0.00","0.00","0.00"
"204696","2026-05-21","Air","STARWAYS INDUSTRIES- CHAKAN","PUNE","SITARGANJ","STARWAYS INDUSTRIES- CHAKAN","STARWAYS INDUSTRIES (SI)","5-Bag","0.00","0.00","Auto Parts ","Client","NA","SANJIT","1","0.00","0.00","0.00","0.00","0.00","0.00"
"204697","2026-05-21","Train","STARWAYS INDUSTRIES- CHAKAN","PUNE","SITARGANJ","STARWAYS INDUSTRIES- CHAKAN","STARWAYS INDUSTRIES (SI)","5-Bag","0.00","0.00","Auto Parts ","Client","NA","SANJIT","1","0.00","0.00","0.00","0.00","0.00","0.00"
"204698","2026-05-21","Air","DALI SAMIR ENGG.PVT LTD-PUNE","PUNE","PANTNAGAR","PREMIER SEALS PVT LTD","DALI SAMIR ENGG PVT LTD- PTN","1","0.00","50.00","AUTO PARTS","Client",,"Admin","1","0.00","0.00","0.00","0.00","0.00","0.00"
"204699","2026-05-21","Air","BELRISE INDUSTRIES LTD UNIT -IX","PUNE","PANTNAGAR","SAI SHRADDHA PRECISION","BELRISE INDUSTRIES LTD ","1-Bag","0.00","0.00","Auto Parts ","Client","NA","Admin","1","0.00","0.00","0.00","0.00","0.00","0.00"
"204700","2026-05-21","Air","DALI SAMIR ENGG.PVT LTD-PUNE","PUNE","PANTNAGAR","PREMIER SEALS PVT LTD","DALI SAMIR ENGG PVT LTD- PTN","1-Box ","0.00","50.00","Auto Parts ","Client","NA","SANJIT","1","0.00","0.00","0.00","0.00","0.00","0.00"
"204701","2026-05-21","Air","HIMALAYAN AUTO ERA PVT LTD","PUNE","PANTNAGAR","VENKATESH AUTOMOBILE PVT LTD","HIMALAYAN AUTO ERA PVT LTD","4","0.00","150.00","Auto Parts ","Client","NA","SANJIT","1","0.00","0.00","0.00","0.00","0.00","0.00"
"204702","2026-05-21","Air","STARWAYS PRECISIONS PVT. LTD. ","PUNE","SITARGANJ","STARWAYS PRECISIONS PVT. LTD. ","STARWAYS INDUSTRIES (SI)","1-Bag","0.00","50.00","Auto Parts ","Client","NA","SANJIT","1","0.00","0.00","0.00","0.00","0.00","0.00"
"204703","2026-05-22","Train","HIMALAYAN AUTO ERA PVT LTD","PUNE","PANTNAGAR","VENKATESH AUTOMOBILE PVT LTD","HIMALAYAN AUTO ERA PVT LTD","12","0.00","435.00","Auto Parts ","Client","NA","SANJIT","1","0.00","0.00","0.00","0.00","0.00","0.00"
"204704","2026-05-21","Road","SKY 4 PUNE","DELHI-STATION","PANTNAGAR","L & L PRODICTS INDIA PVT. LTD.","L & L PRODICTS INDIA PVT. LTD.","02","0.00","0.00","AUTO PART","Client",,"SUNIL","1","0.00","0.00","0.00","0.00","0.00","0.00"
"204705","2026-05-20","Road","SKY 4 PUNE","DELHI-AIRPORT","PANTNAGAR","SKS FASTENERS LTD.","DANA ANAND INDIA PVT LTD","07","0.00","0.00","AUTO PART","Client",,"SUNIL","1","0.00","0.00","0.00","0.00","0.00","0.00"
"204706","2026-05-22","Train","SMART CARGO TRADERS","PANTNAGAR","ENNORE","AUTOCOMP CORPORATION PANSE PVT LTD","ASHOK LEYLAND LTD","26","0.00","0.00","AUTO PARTS","Client",,"Admin","0","0.00","0.00","0.00","0.00","0.00","0.00"
"204707","2026-05-22","Air","JAI MALHAR ENTERPRISES ","PUNE","PANTNAGAR","JAI MALHAR ENTERPRISES ","ESS DEE RECONNECT LLP","1","0.00","0.00","AUTO PARTS","Client",,"Admin","0","0.00","0.00","0.00","0.00","0.00","0.00"
"204708","2026-05-22","Air","STARWAYS PRECISIONS PVT. LTD. ","PUNE","SITARGANJ","STARWAYS PRECISIONS PVT. LTD. ","STARWAYS INDUSTRIES (SI)","1-Bag","0.00","50.00","Auto Parts ","Client","NA","SANJIT","1","0.00","0.00","0.00","0.00","0.00","0.00"
"204709","2026-05-22","Train","STARWAYS PRECISIONS PVT. LTD. ","PUNE","SITARGANJ","STARWAYS PRECISIONS PVT. LTD. ","STARWAYS INDUSTRIES (SI)","2-Bag","0.00","230.00","Auto Parts ","Client","NA","SANJIT","1","0.00","0.00","0.00","0.00","0.00","0.00"
"204710","2026-05-22","Train","STARWAYS INDUSTRIES- CHAKAN","PUNE","SITARGANJ","STARWAYS INDUSTRIES- CHAKAN","STARWAYS INDUSTRIES (SI)","22-Bag","0.00","0.00","Auto Parts ","Client","NA","SANJIT","1","0.00","0.00","0.00","0.00","0.00","0.00"
"204693","2026-05-20","Road","U. S. AUTO CONTROLS PVT LTD ","PUNE","PANTNAGAR","U. S. AUTO CONTROLS PVT LTD ","METALFABTECH LLP","04","0.00","110.00","AUTO PART","Client",,"SUNIL","1","0.00","0.00","0.00","0.00","0.00","0.00"
"204711","2026-05-23","Road","SHREYA INDUSTRIES - PNQ","PUNE","PANTNAGAR","SHREYA INDUSTRIES - PNQ","SHREYA INDUSTRIES- PNT","20-Box ","0.00","20.00","Auto Parts ","Client","NA","SANJIT","1","0.00","0.00","0.00","0.00","0.00","0.00"
"204712","2026-05-23","Road","SHREYA INDUSTRIES - PNQ","PUNE","PANTNAGAR","SHREYA INDUSTRIES - PNQ","SHREYA INDUSTRIES- PNT","16-Box ","0.00","16.00","Auto Parts ","Client","NA","SANJIT","1","0.00","0.00","0.00","0.00","0.00","0.00"
"204713","2026-05-23","Train","DALI SAMIR ENGG.PVT LTD-PUNE","PUNE","PANTNAGAR","SANSA AUTO ENGINEERING COMPANY - PUNE","DALI SAMIR ENGG PVT LTD- PTN","3-Box ","0.00","100.00","Auto Parts ","Client","NA","SANJIT","1","0.00","0.00","0.00","0.00","0.00","0.00"
"204714","2026-05-23","Train","DALI SAMIR ENGG.PVT LTD-PUNE","PUNE","PANTNAGAR","PREMIER SEALS PVT LTD","DALI SAMIR ENGG PVT LTD- PTN","1","0.00","100.00","Auto Parts ","Client","NA","SANJIT","1","0.00","0.00","0.00","0.00","0.00","0.00"
"204715","2026-05-23","Train","STARWAYS INDUSTRIES- CHAKAN","PUNE","SITARGANJ","STARWAYS INDUSTRIES- CHAKAN","STARWAYS INDUSTRIES (SI)","4-Bag","0.00","0.00","Auto Parts ","Client","NA","SANJIT","1","0.00","0.00","0.00","0.00","0.00","0.00"
"204716","2026-05-23","Train","PANORAMA AUTOMOTIVE IND. PVT. LTD.","PUNE","PANTNAGAR","S. M. ENTERPRISES ","PANORAMA AUTOMOTIVE IND. PVT. LTD.","2-Bag","0.00","80.00","Auto Parts ","Client","NA","SANJIT","1","0.00","0.00","0.00","0.00","0.00","0.00"
"204717","2026-05-23","Road","U. S. AUTO CONTROLS PVT LTD ","PUNE","PANTNAGAR","U. S. AUTO CONTROLS PVT LTD ","HARIHARESHWAR AUOT TECH PRIVATE LIMITED","17-Bag","0.00","380.00","Auto Parts ","Client","NA","SANJIT","1","0.00","0.00","0.00","0.00","0.00","0.00"
"204718","2026-05-23","Road","U. S. AUTO CONTROLS PVT LTD ","PUNE","PANTNAGAR","U. S. AUTO CONTROLS PVT LTD ","METALFABTECH LLP","4-Bag","0.00","75.00","Auto Parts ","Client","NA","SANJIT","1","0.00","0.00","0.00","0.00","0.00","0.00"
"204719","2026-05-23","Road","SKY 4 PUNE","PANTNAGAR","PANTNAGAR","L & L PRODICTS INDIA PVT. LTD.","L & L PRODICTS INDIA PVT. LTD.","25","0.00","0.00","AUTO PART","Client",,"SUNIL","1","0.00","0.00","0.00","0.00","0.00","0.00"
"204720","2026-05-23","Road","SKY 4 PUNE","PANTNAGAR","PANTNAGAR","L & L PRODICTS INDIA PVT. LTD.","L & L PRODICTS INDIA PVT. LTD.","29","0.00","0.00","AUTO PART","Client",,"SUNIL","1","0.00","0.00","0.00","0.00","0.00","0.00"
"204721","2026-05-23","Air","STARWAYS PRECISIONS PVT. LTD. ","PUNE","SITARGANJ","STARWAYS PRECISIONS PVT. LTD. ","STARWAYS INDUSTRIES (SI)","1-Bag ","0.00","50.00","Auto Parts ","Client","NA","SANJIT","1","0.00","0.00","0.00","0.00","0.00","0.00"
"204722","2026-05-23","Train","STARWAYS INDUSTRIES- CHAKAN","PUNE","SITARGANJ","STARWAYS INDUSTRIES- CHAKAN","STARWAYS INDUSTRIES (SI)","22-Bag","0.00","0.00","Auto Parts ","Client","NA","SANJIT","1","0.00","0.00","0.00","0.00","0.00","0.00"
"204723","2026-05-24","Train","STARWAYS PRECISIONS PVT. LTD. ","PUNE","SITARGANJ","STARWAYS PRECISIONS PVT. LTD. ","STARWAYS INDUSTRIES (SI)","7-Bag","0.00","135.00","Auto Parts ","Client","NA","SANJIT","1","0.00","0.00","0.00","0.00","0.00","0.00"
"204724","2026-05-24","Train","STARWAYS INDUSTRIES- CHAKAN","PUNE","SITARGANJ","STARWAYS INDUSTRIES- CHAKAN","STARWAYS INDUSTRIES (SI)","10-Bag","0.00","0.00","Auto Parts ","Client","NA","SANJIT","1","0.00","0.00","0.00","0.00","0.00","0.00"
"204725","2026-05-23","Road","CJ DARCL LOGISTICS LIMITED","DELHI","PANTNAGAR","LUMAX CORNAGLIA AUTO TECHNOLO - PNQ","LUMAX CORNAGLIA AUTO TECH- PTN","04","0.00","0.00","AUTO PART","Client","SPL","SUNIL","1","0.00","0.00","0.00","0.00","0.00","0.00"
"204726","2026-05-25","Air","STARWAYS INDUSTRIES- CHAKAN","PUNE","SITARGANJ","RUPKANT INDUSTRIES ","STARWAYS INDUSTRIES (SI)","01","0.00","0.00","Auto Parts ","Client","NA","Admin","1","0.00","0.00","0.00","0.00","0.00","0.00"
"204727","2026-05-25","Road","SKY 4 PUNE","PANTNAGAR","PANTNAGAR","L & L PRODICTS INDIA PVT. LTD.","L & L PRODICTS INDIA PVT. LTD.","32","0.00","0.00","AUTO PART","Client",,"SUNIL","1","0.00","0.00","0.00","0.00","0.00","0.00"
"204728","2026-05-25","Air","STARWAYS INDUSTRIES- CHAKAN","PUNE","SITARGANJ","STARWAYS INDUSTRIES- CHAKAN","STARWAYS INDUSTRIES (SI)","01","0.00","0.00","Auto Parts ","Client","NA","SANJIT","1","0.00","0.00","0.00","0.00","0.00","0.00"
"204729","2026-05-25","Air","DHAM FASTENERS ","NASIK","HARIDWAR","DHAM FASTENERS ","LEAR AUTOMOTIVE PRIVATE LIMITED, HARIDAWAR","01","0.00","50.00","Auto Parts ","Client","NA","Admin","1","0.00","0.00","0.00","0.00","0.00","0.00"
"204730","2026-05-25","Air","U. S. AUTO CONTROLS PVT LTD ","PUNE","PANTNAGAR","U. S. AUTO CONTROLS PVT LTD ","BELRISE INDUSTRIES LTD UNIT -IX","04","0.00","100.00","Auto Parts ","Client","NA","SANJIT","1","0.00","0.00","0.00","0.00","0.00","0.00"
"204731","2026-05-25","Train","STARWAYS INDUSTRIES- CHAKAN","PUNE","SITARGANJ","STARWAYS INDUSTRIES- CHAKAN","STARWAYS INDUSTRIES (SI)","22","0.00","0.00","Auto Parts ","Client","NA","SANJIT","1","0.00","0.00","0.00","0.00","0.00","0.00"
"204732","2026-05-25","Air","REUTTER INNOVATIVE CLOSURE TECHNOLOGIES (P) LTD","CHENNAI","PUNE","REUTTER INNOVATIVE CLOSURE TECHNOLOGIES (P) LTD","LUMAX CORNAGLIA AUTO TECHNOLO - PNQ","01","50.00","50.00","Auto Parts ","Client","NA","SANJIT","1","0.00","0.00","0.00","0.00","0.00","0.00"
"204733","2026-05-26","Road","SHREYA INDUSTRIES - PNQ","PUNE","PANTNAGAR","SHREYA INDUSTRIES - PNQ","SHREYA INDUSTRIES- PNT","20","0.00","20.00","AUTO PART","Client",,"SUNIL","1","0.00","0.00","0.00","0.00","0.00","0.00"
"204734","2026-05-26","Road","SHREYA INDUSTRIES - PNQ","PUNE","PANTNAGAR","SHREYA INDUSTRIES - PNQ","SHREYA INDUSTRIES- PNT","16","0.00","16.00","AUTO PART","Client",,"SUNIL","1","0.00","0.00","0.00","0.00","0.00","0.00"
"204735","2026-05-25","Road","CJ DARCL LOGISTICS LIMITED","DELHI","PANTNAGAR","LUMAX CORNAGLIA AUTO TECHNOLO - PNQ","LUMAX CORNAGLIA AUTO TECH- PTN","08","0.00","0.00","AUTO PART","Client",,"SUNIL","1","0.00","0.00","0.00","0.00","0.00","0.00"
"204736","2026-05-26","Road","SKY 4 PUNE","DELHI-STATION","PANTNAGAR","L & L PRODICTS INDIA PVT. LTD.","L & L PRODICTS INDIA PVT. LTD.","06","0.00","0.00","AUTO PART","Client",,"SUNIL","1","0.00","0.00","0.00","0.00","0.00","0.00"
"204737","2026-05-26","Train","STARWAYS PRECISIONS PVT. LTD. ","PUNE","SITARGANJ","STARWAYS PRECISIONS PVT. LTD. ","STARWAYS INDUSTRIES (SI)","16","0.00","330.00","Auto Parts ","Client","NA","SANJIT","1","0.00","0.00","0.00","0.00","0.00","0.00"
"204738","2026-05-26","Air","STARWAYS PRECISIONS PVT. LTD. ","PUNE","SITARGANJ","STARWAYS PRECISIONS PVT. LTD. ","STARWAYS INDUSTRIES (SI)","11","0.00","240.00","Auto Parts ","Client","NA","SANJIT","1","0.00","0.00","0.00","0.00","0.00","0.00"
"204739","2026-05-25","Train","ASHA INDUSTRIES","AURANGABAD","PANTNAGAR","ASHA INDUSTRIES","BELRISE INDUSTRIES LTD UNIT -IX","01","0.00","100.00","Auto Parts ","Client","NA","SANJIT","1","0.00","0.00","0.00","0.00","0.00","0.00"
"204740","2026-05-26","Road","U. S. AUTO CONTROLS PVT LTD ","PANTNAGAR","PUNE","HARIHARESHWAR AUOT TECH PRIVATE LIMITED","U. S. AUTO CONTROLS PVT LTD ","04 BAG","0.00","250.00","AUTO PART","Client",,"SUNIL","1","0.00","0.00","0.00","0.00","0.00","0.00"
"204741","2026-05-26","Train","DALI SAMIR ENGG.PVT LTD-PUNE","PUNE","PANTNAGAR","PREMIER SEALS PVT LTD","DALI SAMIR ENGG PVT LTD- PTN","01","0.00","100.00","Auto Parts ","Client","NA","SANJIT","1","0.00","0.00","0.00","0.00","0.00","0.00"
"204742","2026-05-26","Train","AUTOCOMP CORPORATION PANSE PVT LTD","PANTNAGAR","ENNORE","AUTOCOMP CORPORATION PANSE PVT LTD","ASHOK LEYLAND LTD","30","0.00","0.00","AUTO PARTS","Client","70*52*22","Admin","0","0.00","0.00","0.00","0.00","0.00","0.00"
"204743","2026-05-26","Air","STARWAYS INDUSTRIES- CHAKAN","PUNE","SITARGANJ","STARWAYS INDUSTRIES- CHAKAN","STARWAYS INDUSTRIES (SI)","14","0.00","0.00","Auto Parts ","Client","NA","SANJIT","1","0.00","0.00","0.00","0.00","0.00","0.00"
"204744","2026-05-26","Train","STARWAYS INDUSTRIES- CHAKAN","PUNE","SITARGANJ","STARWAYS INDUSTRIES- CHAKAN","STARWAYS INDUSTRIES (SI)","22","0.00","0.00","Auto Parts ","Client","NA","SANJIT","1","0.00","0.00","0.00","0.00","0.00","0.00"
"204745","2026-05-26","Road","SKY 4 PUNE","PANTNAGAR","PANTNAGAR","L & L PRODICTS INDIA PVT. LTD.","L & L PRODICTS INDIA PVT. LTD.","26","0.00","0.00","AUTO PART","Client",,"SUNIL","1","0.00","0.00","0.00","0.00","0.00","0.00"
"204746","2026-05-26","Road","U. S. AUTO CONTROLS PVT LTD ","PUNE","PANTNAGAR","U. S. AUTO CONTROLS PVT LTD ","HARIHARESHWAR AUOT TECH PRIVATE LIMITED","12","0.00","250.00","Auto Parts ","Client","NA","SANJIT","1","0.00","0.00","0.00","0.00","0.00","0.00"
"204747","2026-05-27","Air","DHAM FASTENERS ","NASIK","HARIDWAR","DHAM FASTENERS ","LEAR AUTOMOTIVE PRIVATE LIMITED, HARIDAWAR","01","0.00","50.00","Auto Parts ","Client","NA","Admin","1","0.00","0.00","0.00","0.00","0.00","0.00"
"204748","2026-05-27","Air","STARWAYS INDUSTRIES- CHAKAN","PUNE","SITARGANJ","STARWAYS INDUSTRIES- CHAKAN","STARWAYS INDUSTRIES (SI)","07","0.00","0.00","Auto Parts ","Client","NA","SANJIT","1","0.00","0.00","0.00","0.00","0.00","0.00"
"204749","2026-05-27","Train","STARWAYS INDUSTRIES- CHAKAN","PUNE","SITARGANJ","STARWAYS INDUSTRIES- CHAKAN","STARWAYS INDUSTRIES (SI)","13","0.00","0.00","Auto Parts ","Client","NA","SANJIT","1","0.00","0.00","0.00","0.00","0.00","0.00"
"204750","2026-05-27","Air","DHAM FASTENERS ","PUNE","HARIDWAR","LEAR AUTOMOTIVE INDIA PRIVATE LIMITED ","LEAR AUTOMOTIVE PRIVATE LIMITED, HARIDAWAR","01","0.00","50.00","Auto Parts ","Client","NA","Admin","1","0.00","0.00","0.00","0.00","0.00","0.00"
"204751","2026-05-27","Air","HIMALAYAN AUTO ERA PVT LTD","PUNE","PANTNAGAR","VENKATESH AUTOMOBILE PVT LTD","HIMALAYAN AUTO ERA PVT LTD","02","0.00","80.00","Auto Parts","Client","NA","SANJIT","1","0.00","0.00","0.00","0.00","0.00","0.00"
"204752","2026-05-27","Air","STARWAYS INDUSTRIES- CHAKAN","PUNE","SITARGANJ","STARWAYS INDUSTRIES- CHAKAN","STARWAYS INDUSTRIES (SI)","06","0.00","0.00","Auto Parts ","Client","NA","SANJIT","1","0.00","0.00","0.00","0.00","0.00","0.00"
"204753","2026-05-27","Train","PANORAMA AUTOMOTIVE IND. PVT. LTD.","PUNE","PANTNAGAR","RK INDUSTRIES ","PANORAMA AUTOMOTIVE IND. PVT. LTD.","03","0.00","80.00","Auto Parts ","Client","NA","SANJIT","1","0.00","0.00","0.00","0.00","0.00","0.00"
"204754","2026-05-27","Air","STARWAYS PRECISIONS PVT. LTD. ","PUNE","SITARGANJ","STARWAYS PRECISIONS PVT. LTD. ","STARWAYS INDUSTRIES (SI)","03","0.00","276.00","Auto Parts ","Client","NA","SANJIT","1","0.00","0.00","0.00","0.00","0.00","0.00"
"204755","2026-05-27","Train","STARWAYS INDUSTRIES- CHAKAN","PUNE","SITARGANJ","STARWAYS INDUSTRIES- CHAKAN","STARWAYS INDUSTRIES (SI)","23","0.00","0.00","Auto Parts ","Client","NA","SANJIT","1","0.00","0.00","0.00","0.00","0.00","0.00"
"204756","2026-05-26","Road","SKY 4 PUNE","PANTNAGAR","PANTNAGAR","L & L PRODICTS INDIA PVT. LTD.","L & L PRODICTS INDIA PVT. LTD.","88","0.00","0.00","AUTO PART","Client",,"SUNIL","1","0.00","0.00","0.00","0.00","0.00","0.00"
"204757","2026-05-28","Road","SKY 4 PUNE","DELHI-STATION","PANTNAGAR","L & L PRODICTS INDIA PVT. LTD.","L & L PRODICTS INDIA PVT. LTD.","32","0.00","0.00","AUTO PART","Client",,"SUNIL","1","0.00","0.00","0.00","0.00","0.00","0.00"
"204758","2026-05-28","Air","STARWAYS INDUSTRIES- CHAKAN","PUNE","SITARGANJ","STARWAYS INDUSTRIES- CHAKAN","STARWAYS INDUSTRIES (SI)","03","0.00","0.00","Auto Parts ","Client","NA","SANJIT","1","0.00","0.00","0.00","0.00","0.00","0.00"
"204759","2026-05-28","Train","STARWAYS INDUSTRIES- CHAKAN","PUNE","SITARGANJ","STARWAYS INDUSTRIES- CHAKAN","STARWAYS INDUSTRIES (SI)","05","0.00","0.00","Auto Parts ","Client","NA","SANJIT","1","0.00","0.00","0.00","0.00","0.00","0.00"
"204760","2026-05-28","Air","REUTTER INNOVATIVE CLOSURE TECHNOLOGIES (P) LTD","CHENNAI","PUNE","REUTTER INNOVATIVE CLOSURE TECHNOLOGIES (P) LTD","DALI SAMIR ENGG.PVT LTD-PUNE","02","60.00","60.00","Auto Parts ","Client","NA","SANJIT","1","0.00","0.00","0.00","0.00","0.00","0.00"
"204761","2026-05-29","Air","STARWAYS INDUSTRIES- CHAKAN","PUNE","SITARGANJ","STARWAYS INDUSTRIES- CHAKAN","STARWAYS INDUSTRIES (SI)","01","0.00","0.00","Auto Parts ","Client","NA","SANJIT","1","0.00","0.00","0.00","0.00","0.00","0.00"
"204762","2026-05-29","Air","STARWAYS PRECISIONS PVT. LTD. ","PUNE","SITARGANJ","STARWAYS PRECISIONS PVT. LTD. ","STARWAYS INDUSTRIES (SI)","02","0.00","50.00","Auto Parts ","Client","NA","SANJIT","1","0.00","0.00","0.00","0.00","0.00","0.00"
"204763","2026-05-29","Air","U. S. AUTO CONTROLS PVT LTD ","PUNE","PANTNAGAR","U. S. AUTO CONTROLS PVT LTD ","BELRISE INDUSTRIES LTD UNIT -IX","02","0.00","50.00","Auto Parts ","Client","NA","SUNIL","1","0.00","0.00","0.00","0.00","0.00","0.00"
"204764","2026-05-29","Train","STARWAYS INDUSTRIES- CHAKAN","PUNE","SITARGANJ","STARWAYS INDUSTRIES- CHAKAN","STARWAYS INDUSTRIES (SI)","22","0.00","0.00","Auto Parts ","Client","NA","SANJIT","1","0.00","0.00","0.00","0.00","0.00","0.00"
"204765","2026-05-27","Train","PRECIFAST PRIVATE LIMITED","PUNE","PANTNAGAR","PRECIFAST PRIVATE LIMITED","UNO MINDA LIMITED","14","0.00","280.00","AUTO PART","Client",,"SUNIL","1","0.00","0.00","0.00","0.00","0.00","0.00"
"204766","2026-05-30","Road Express","HIMALAYAN AUTO ERA PVT LTD","PUNE","PANTNAGAR","FRACTMET ENGINEERING LLP","HIMALAYAN AUTO ERA PVT LTD","12","0.00","250.00","Auto Parts ","Client","NA","SANJIT","1","0.00","0.00","0.00","0.00","0.00","0.00"
"204767","2026-05-29","Road","SKY 4 PUNE","PANTNAGAR","PANTNAGAR","L & L PRODICTS INDIA PVT. LTD.","L & L PRODICTS INDIA PVT. LTD.","56","0.00","0.00","AUTO PART","Client",,"SUNIL","1","0.00","0.00","0.00","0.00","0.00","0.00"
"204768","2026-05-29","Road","SKY 4 PUNE","PANTNAGAR","PANTNAGAR","L & L PRODICTS INDIA PVT. LTD.","L & L PRODICTS INDIA PVT. LTD.","51","0.00","0.00","AUTO PART","Client",,"SUNIL","1","0.00","0.00","0.00","0.00","0.00","0.00"
"204769","2026-05-29","Road","SKY 4 PUNE","PANTNAGAR","PANTNAGAR","L & L PRODICTS INDIA PVT. LTD.","L & L PRODICTS INDIA PVT. LTD.","41","0.00","0.00","AUTO PART","Client",,"SUNIL","1","0.00","0.00","0.00","0.00","0.00","0.00"
"204770","2026-05-30","Air","STARWAYS INDUSTRIES- CHAKAN","PUNE","SITARGANJ","STARWAYS INDUSTRIES- CHAKAN","STARWAYS INDUSTRIES (SI)","10","0.00","0.00","Auto Parts ","Client","NA","SANJIT","1","0.00","0.00","0.00","0.00","0.00","0.00"
"204771","2026-05-30","Air","STARWAYS INDUSTRIES- CHAKAN","PUNE","SITARGANJ","RUPKANT INDUSTRIES ","STARWAYS INDUSTRIES (SI)","01","0.00","0.00","Auto Parts ","Client","NA","Admin","1","0.00","0.00","0.00","0.00","0.00","0.00"
"204772","2026-05-30","Air","DALI SAMIR ENGG.PVT LTD-PUNE","PUNE","PANTNAGAR","PREMIER SEALS PVT LTD","DALI SAMIR ENGG PVT LTD- PTN","01","0.00","50.00","Auto Parts ","Client","NA","SANJIT","1","0.00","0.00","0.00","0.00","0.00","0.00"
"204773","2026-05-30","Road","U. S. AUTO CONTROLS PVT LTD ","PUNE","PANTNAGAR","U. S. AUTO CONTROLS PVT LTD ","METALFABTECH LLP","08","0.00","140.00","Auto Parts ","Client","NA","SANJIT","1","0.00","0.00","0.00","0.00","0.00","0.00"
"204774","2026-05-30","Road","U. S. AUTO CONTROLS PVT LTD ","PUNE","PANTNAGAR","U. S. AUTO CONTROLS PVT LTD ","HARIHARESHWAR AUOT TECH PRIVATE LIMITED","12","0.00","280.00","Auto Parts ","Client","NA","SANJIT","1","0.00","0.00","0.00","0.00","0.00","0.00"
"204775","2026-05-30","Train","STARWAYS INDUSTRIES- CHAKAN","PUNE","SITARGANJ","STARWAYS INDUSTRIES- CHAKAN","STARWAYS INDUSTRIES (SI)","22","0.00","0.00","Auto Parts ","Client","NA","SANJIT","1","0.00","0.00","0.00","0.00","0.00","0.00"
"204776","2026-05-29","Air","ASHA INDUSTRIES","AURANGABAD","PANTNAGAR","ASHA INDUSTRIES","BELRISE INDUSTRIES LTD UNIT -IX","02","0.00","60.00","AUTO PART","Client",,"SUNIL","1","0.00","0.00","0.00","0.00","0.00","0.00"
"204777","2026-05-30","Road","BELRISE INDUSTRIES LTD UNIT -IX","DELHI","PANTNAGAR","PLASAN SANA LTD.","BELRISE INDUSTRIES LTD UNIT -IX","02 W","0.00","0.00","AUTO PART","Client",,"SUNIL","1","0.00","0.00","0.00","0.00","0.00","0.00"
"204778","2026-05-31","Air","STARWAYS PRECISIONS PVT. LTD. ","PUNE","SITARGANJ","STARWAYS PRECISIONS PVT. LTD. ","STARWAYS INDUSTRIES (SI)","02","0.00","50.00","Auto Parts ","Client","NA","SANJIT","1","0.00","0.00","0.00","0.00","0.00","0.00"
"204779","2026-05-31","Train","STARWAYS INDUSTRIES- CHAKAN","PUNE","SITARGANJ","STARWAYS INDUSTRIES- CHAKAN","STARWAYS INDUSTRIES (SI)","20","0.00","0.00","Auto Parts ","Client","NA","SANJIT","1","0.00","0.00","0.00","0.00","0.00","0.00"
"204780","2026-06-01","Road","SHREYA INDUSTRIES - PNQ","PUNE","PANTNAGAR","SHREYA INDUSTRIES - PNQ","SHREYA INDUSTRIES- PNT","20","0.00","20.00","Auto Parts ","Client","NA","SANJIT","1","0.00","0.00","0.00","0.00","0.00","0.00"
"204781","2026-06-01","Road","SHREYA INDUSTRIES - PNQ","PUNE","PANTNAGAR","SHREYA INDUSTRIES - PNQ","SHREYA INDUSTRIES- PNT","16","0.00","16.00","Auto Parts ","Client","NA","SANJIT","1","0.00","0.00","0.00","0.00","0.00","0.00"
"204782","2026-05-31","Road","CJ DARCL LOGISTICS LIMITED","DELHI","PANTNAGAR","LUMAX CORNAGLIA AUTO TECHNOLO - PNQ","LUMAX CORNAGLIA AUTO TECH- PTN","04","0.00","0.00","AUTO PART","Client",,"SUNIL","1","0.00","0.00","0.00","0.00","0.00","0.00"
"204783","2026-06-01","Air","STARWAYS INDUSTRIES- CHAKAN","PUNE","SITARGANJ","STARWAYS INDUSTRIES- CHAKAN","STARWAYS INDUSTRIES (SI)","05","0.00","0.00","Auto Parts ","Client","NA","SANJIT","1","0.00","0.00","0.00","0.00","0.00","0.00"
"204784","2026-06-01","Train","STARWAYS INDUSTRIES- CHAKAN","PUNE","SITARGANJ","STARWAYS INDUSTRIES- CHAKAN","STARWAYS INDUSTRIES (SI)","06","0.00","0.00","Auto Parts ","Client","NA","SANJIT","1","0.00","0.00","0.00","0.00","0.00","0.00"
"204785","2026-06-01","Train","STARWAYS INDUSTRIES- CHAKAN","PUNE","SITARGANJ","STARWAYS INDUSTRIES- CHAKAN","STARWAYS INDUSTRIES (SI)","22","0.00","0.00","Auto Parts ","Client","NA","SANJIT","1","0.00","0.00","0.00","0.00","0.00","0.00"
"204786","2026-06-02","Road","SKY 4 PUNE","DELHI-STATION","PANTNAGAR","SKS FASTENERS LTD.","DANA ANAND INDIA PVT LTD","10","0.00","0.00","AUTO PART","Client",,"SUNIL","1","0.00","0.00","0.00","0.00","0.00","0.00"
"204787","2026-06-01","Road","CJ DARCL LOGISTICS LIMITED","DELHI","PANTNAGAR","LUMAX CORNAGLIA AUTO TECHNOLO - PNQ","LUMAX CORNAGLIA AUTO TECH- PTN","08","0.00","0.00","AUTO PART","Client",,"SUNIL","1","0.00","0.00","0.00","0.00","0.00","0.00"
"204788","2026-06-02","Road","U. S. AUTO CONTROLS PVT LTD ","PUNE","PANTNAGAR","U. S. AUTO CONTROLS PVT LTD ","HARIHARESHWAR AUOT TECH PRIVATE LIMITED","15","0.00","0.00","Auto Parts ","Client","NA","SANJIT","1","0.00","0.00","0.00","0.00","0.00","0.00"
"204789","2026-06-02","Road","SKY 4 PUNE","PANTNAGAR","PANTNAGAR","L & L PRODICTS INDIA PVT. LTD.","L & L PRODICTS INDIA PVT. LTD.","54","0.00","0.00","AUTO PART","Client",,"SUNIL","1","0.00","0.00","0.00","0.00","0.00","0.00"
"204790","2026-06-02","Road","SKY 4 PUNE","PANTNAGAR","PANTNAGAR","L & L PRODICTS INDIA PVT. LTD.","L & L PRODICTS INDIA PVT. LTD.","55","0.00","0.00","AUTO PART","Client",,"SUNIL","1","0.00","0.00","0.00","0.00","0.00","0.00"
"204791","2026-06-02","Train","BELRISE INDUSTRIES LTD,UNIT-7E","PUNE","PANTNAGAR","KAPSE INDUSTRIES","BELRISE INDUSTRIES LTD,UNIT-7E","20","0.00","0.00","Auto Parts ","Client","NA","SANJIT","1","0.00","0.00","0.00","0.00","0.00","0.00"
"204792","2026-06-02","Air","STARWAYS INDUSTRIES- CHAKAN","PUNE","SITARGANJ","STARWAYS INDUSTRIES- CHAKAN","STARWAYS INDUSTRIES (SI)","08","0.00","0.00","Auto Parts ","Client","NA","SANJIT","1","0.00","0.00","0.00","0.00","0.00","0.00"
"204793","2026-06-02","Train","STARWAYS INDUSTRIES- CHAKAN","PUNE","SITARGANJ","STARWAYS INDUSTRIES- CHAKAN","STARWAYS INDUSTRIES (SI)","07","0.00","0.00","Auto Parts ","Client","NA","SANJIT","1","0.00","0.00","0.00","0.00","0.00","0.00"
"204794","2026-06-02","Air","REUTTER INNOVATIVE CLOSURE TECHNOLOGIES (P) LTD","PUNE","CHENNAI","CRD COMPONENTS ","REUTTER INNOVATIVE CLOSURE TECHNOLOGIES (P) LTD","01","0.00","50.00","Auto Parts ","Client","NA","SANJIT","1","0.00","0.00","0.00","0.00","0.00","0.00"
"204795","2026-06-02","Air","STARWAYS PRECISIONS PVT. LTD. ","PUNE","SITARGANJ","STARWAYS PRECISIONS PVT. LTD. ","STARWAYS INDUSTRIES (SI)","03","0.00","0.00","Auto Parts ","Client","NA","SANJIT","1","0.00","0.00","0.00","0.00","0.00","0.00"
"204796","2026-06-02","Train","STARWAYS PRECISIONS PVT. LTD. ","PUNE","SITARGANJ","STARWAYS PRECISIONS PVT. LTD. ","STARWAYS INDUSTRIES (SI)","31","0.00","0.00","Auto Parts ","Client","NA","SANJIT","1","0.00","0.00","0.00","0.00","0.00","0.00"
"204797","2026-06-02","Train","STARWAYS INDUSTRIES- CHAKAN","PUNE","SITARGANJ","STARWAYS INDUSTRIES- CHAKAN","STARWAYS INDUSTRIES (SI)","23","0.00","0.00","Auto Parts ","Client","NA","SANJIT","1","0.00","0.00","0.00","0.00","0.00","0.00"
"204798","2026-06-03","Road","SHREYA INDUSTRIES - PNQ","PUNE","PANTNAGAR","SHREYA INDUSTRIES - PNQ","SHREYA INDUSTRIES- PNT","16","0.00","16.00","Auto Parts ","Client","NA","Admin","1","0.00","0.00","0.00","0.00","0.00","0.00"
"204799","2026-06-03","Road","SHREYA INDUSTRIES - PNQ","PUNE","PANTNAGAR","SHREYA INDUSTRIES - PNQ","SHREYA INDUSTRIES- PNT","20","0.00","20.00","Auto Parts ","Client","NA","SANJIT","1","0.00","0.00","0.00","0.00","0.00","0.00"
"204800","2026-06-02","Air","ASHA INDUSTRIES","AURANGABAD","PANTNAGAR","ASHA INDUSTRIES","BELRISE INDUSTRIES LTD ","2","0.00","60.00","AUTO PARTS","Client",,"Admin","1","0.00","0.00","0.00","0.00","0.00","0.00"
"204801","2026-06-03","Air","STARWAYS INDUSTRIES- CHAKAN","PUNE","SITARGANJ","STARWAYS INDUSTRIES- CHAKAN","STARWAYS INDUSTRIES (SI)","02","0.00","0.00","Auto Parts ","Client","NA","SANJIT","1","0.00","0.00","0.00","0.00","0.00","0.00"
"204802","2026-06-03","Air","DALI SAMIR ENGG.PVT LTD-PUNE","PUNE","PANTNAGAR","PREMIER SEALS PVT LTD","DALI SAMIR ENGG PVT LTD- PTN","01","0.00","50.00","Auto Parts ","Client","NA","SANJIT","1","0.00","0.00","0.00","0.00","0.00","0.00"
"204803","2026-06-03","Air","STARWAYS PRECISIONS PVT. LTD. ","PUNE","SITARGANJ","STARWAYS PRECISIONS PVT. LTD. ","STARWAYS INDUSTRIES (SI)","02","0.00","0.00","Auto Parts ","Client","NA","SANJIT","1","0.00","0.00","0.00","0.00","0.00","0.00"
"204804","2026-06-03","Air","U. S. AUTO CONTROLS PVT LTD ","PUNE","PANTNAGAR","U. S. AUTO CONTROLS PVT LTD ","HARIHARESHWAR AUOT TECH PRIVATE LIMITED","02","0.00","0.00","Auto Parts ","Client","NA","SANJIT","1","0.00","0.00","0.00","0.00","0.00","0.00"
"204805","2026-06-03","Air","STARWAYS INDUSTRIES- CHAKAN","PUNE","SITARGANJ","RUPKANT INDUSTRIES ","STARWAYS INDUSTRIES (SI)","01","0.00","0.00","Auto Parts ","Client","NA","Admin","1","0.00","0.00","0.00","0.00","0.00","0.00"
"204806","2026-06-03","Train","STARWAYS INDUSTRIES- CHAKAN","PUNE","SITARGANJ","STARWAYS INDUSTRIES- CHAKAN","STARWAYS INDUSTRIES (SI)","25","0.00","0.00","Auto Parts ","Client","NA","SANJIT","1","0.00","0.00","0.00","0.00","0.00","0.00"
"204807","2026-06-04","Road","U. S. AUTO CONTROLS PVT LTD ","PUNE","PANTNAGAR","U. S. AUTO CONTROLS PVT LTD ","METALFABTECH LLP","04","0.00","0.00","Auto Parts ","Client","NA","SANJIT","1","0.00","0.00","0.00","0.00","0.00","0.00"
"204808","2026-06-04","Road","U. S. AUTO CONTROLS PVT LTD ","PUNE","PANTNAGAR","U. S. AUTO CONTROLS PVT LTD ","HARIHARESHWAR AUOT TECH PRIVATE LIMITED","21","0.00","0.00","Auto Parts ","Client","NA","SANJIT","1","0.00","0.00","0.00","0.00","0.00","0.00"
"204809","2026-06-04","Air","U. S. AUTO CONTROLS PVT LTD ","PUNE","PANTNAGAR","U. S. AUTO CONTROLS PVT LTD ","HARIHARESHWAR AUOT TECH PRIVATE LIMITED","03","0.00","0.00","Auto Parts ","Client","NA","SANJIT","1","0.00","0.00","0.00","0.00","0.00","0.00"
"204810","2026-06-05","Air","REUTTER INNOVATIVE CLOSURE TECHNOLOGIES (P) LTD","CHENNAI","PUNE","REUTTER INNOVATIVE CLOSURE TECHNOLOGIES (P) LTD","LUMAX AUTO TECHNOLOGIES LTD.","2","0.00","50.00","AUTO PARTS ","Client",,"Admin","1","0.00","0.00","0.00","0.00","0.00","0.00"
"204811","2026-06-05","Road","SHREYA INDUSTRIES - PNQ","PUNE","PANTNAGAR","SHREYA INDUSTRIES - PNQ","SHREYA INDUSTRIES- PNT","20","0.00","20.00","Auto Parts ","Client","NA","SANJIT","1","0.00","0.00","0.00","0.00","0.00","0.00"
"204812","2026-06-05","Road","SHREYA INDUSTRIES - PNQ","PUNE","PANTNAGAR","SHREYA INDUSTRIES - PNQ","SHREYA INDUSTRIES- PNT","16","0.00","16.00","Auto Parts ","Client","NA","SANJIT","1","0.00","0.00","0.00","0.00","0.00","0.00"
"204813","2026-06-05","Air","STARWAYS INDUSTRIES- CHAKAN","PUNE","SITARGANJ","STARWAYS INDUSTRIES- CHAKAN","STARWAYS INDUSTRIES (SI)","06","0.00","0.00","Auto Parts ","Client","NA","SANJIT","1","0.00","0.00","0.00","0.00","0.00","0.00"
"204814","2026-06-05","Air","STARWAYS PRECISIONS PVT. LTD. ","PUNE","SITARGANJ","STARWAYS PRECISIONS PVT. LTD. ","STARWAYS INDUSTRIES (SI)","01","0.00","0.00","Auto Parts ","Client","NA","SANJIT","1","0.00","0.00","0.00","0.00","0.00","0.00"
"204815","2026-06-05","Air","U. S. AUTO CONTROLS PVT LTD ","PUNE","PANTNAGAR","U. S. AUTO CONTROLS PVT LTD ","BELRISE INDUSTRIES LTD UNIT -IX","03","0.00","0.00","Auto Parts ","Client","NA","SANJIT","1","0.00","0.00","0.00","0.00","0.00","0.00"
"204816","2026-06-05","Air","STARWAYS PRECISIONS PVT. LTD. ","PUNE","SITARGANJ","STARWAYS PRECISIONS PVT. LTD. ","STARWAYS INDUSTRIES (SI)","01","0.00","0.00","Auto Parts ","Client","NA","SANJIT","1","0.00","0.00","0.00","0.00","0.00","0.00"
"204817","2026-06-05","Train","STARWAYS INDUSTRIES- CHAKAN","PUNE","SITARGANJ","STARWAYS INDUSTRIES- CHAKAN","STARWAYS INDUSTRIES (SI)","40","0.00","0.00","Auto Parts ","Client","NA","SANJIT","1","0.00","0.00","0.00","0.00","0.00","0.00"
"204818","2026-06-05","Air","REUTTER INNOVATIVE CLOSURE TECHNOLOGIES (P) LTD","CHENNAI","PUNE","REUTTER INNOVATIVE CLOSURE TECHNOLOGIES (P) LTD","VOSS AUTOMOTIVE INDIA PVT LTD ","01","0.00","50.00","Auto Parts ","Client","NA","SANJIT","1","0.00","0.00","0.00","0.00","0.00","0.00"
"204819","2026-06-06","Train","HIMALAYAN AUTO ERA PVT LTD","PUNE","PANTNAGAR","VENKATESH AUTOMOBILE PVT LTD","HIMALAYAN AUTO ERA PVT LTD","57","0.00","600.00","Auto Parts ",,"NA","SANJIT","1","0.00","0.00","0.00","0.00","0.00","0.00"
"204820","2026-06-06","Air","STARWAYS INDUSTRIES- CHAKAN","PUNE","SITARGANJ","STARWAYS INDUSTRIES- CHAKAN","STARWAYS INDUSTRIES (SI)","02","0.00","0.00","Auto Parts ","Client","NA","SANJIT","1","0.00","0.00","0.00","0.00","0.00","0.00"
"204821","2026-06-06","Air","STARWAYS PRECISIONS PVT. LTD. ","PUNE","SITARGANJ","STARWAYS PRECISIONS PVT. LTD. ","STARWAYS INDUSTRIES (SI)","05","0.00","0.00","Auto Parts ","Client","NA","SANJIT","1","0.00","0.00","0.00","0.00","0.00","0.00"
"204822","2026-06-06","Train","STARWAYS INDUSTRIES- CHAKAN","PUNE","SITARGANJ","STARWAYS INDUSTRIES- CHAKAN","STARWAYS INDUSTRIES (SI)","35","0.00","0.00","Auto Parts ","Client","NA","SANJIT","1","0.00","0.00","0.00","0.00","0.00","0.00"
"204823","2026-06-07","Air","STARWAYS INDUSTRIES- CHAKAN","PUNE","SITARGANJ","TUBROS PRESSINGS","STARWAYS INDUSTRIES (SI)","02","0.00","0.00","Auto Parts ","Client","NA","Admin","1","0.00","0.00","0.00","0.00","0.00","0.00"
"204824","2026-06-07","Train","STARWAYS PRECISIONS PVT. LTD. ","PUNE","SITARGANJ","STARWAYS PRECISIONS PVT. LTD. ","STARWAYS INDUSTRIES (SI)","14","0.00","0.00","Auto Parts ","Client","NA","SANJIT","1","0.00","0.00","0.00","0.00","0.00","0.00"
"204825","2026-06-07","Air","U. S. AUTO CONTROLS PVT LTD ","PUNE","PANTNAGAR","U. S. AUTO CONTROLS PVT LTD ","BELRISE INDUSTRIES LTD UNIT -IX","03","0.00","0.00","Auto Parts ","Client","NA","SANJIT","1","0.00","0.00","0.00","0.00","0.00","0.00"
"204826","2026-06-07","Train","STARWAYS INDUSTRIES- CHAKAN","PUNE","SITARGANJ","STARWAYS INDUSTRIES- CHAKAN","STARWAYS INDUSTRIES (SI)","32","0.00","0.00","Auto Parts ","Client","NA","SANJIT","1","0.00","0.00","0.00","0.00","0.00","0.00"
"204827","2026-06-08","Road","U. S. AUTO CONTROLS PVT LTD ","PUNE","PANTNAGAR","U. S. AUTO CONTROLS PVT LTD ","HARIHARESHWAR AUOT TECH PRIVATE LIMITED","32","0.00","0.00","Auto Parts ","Client","NA","SANJIT","1","0.00","0.00","0.00","0.00","0.00","0.00"
"204828","2026-06-08","Air","REUTTER INNOVATIVE CLOSURE TECHNOLOGIES (P) LTD","CHENNAI","PUNE","REUTTER INNOVATIVE CLOSURE TECHNOLOGIES (P) LTD","VOSS AUTOMOTIVE INDIA PVT LTD ","01","0.00","50.00","Auto Parts ","Client","NA","SANJIT","1","0.00","0.00","0.00","0.00","0.00","0.00"
"204833","2026-06-08","Air","U. S. AUTO CONTROLS PVT LTD ","PUNE","PANTNAGAR","U. S. AUTO CONTROLS PVT LTD ","BELRISE INDUSTRIES LTD UNIT -IX","03","0.00","0.00","Auto Parts ","Client","NA","SANJIT","1","0.00","0.00","0.00","0.00","0.00","0.00"
"204834","2026-06-08","Air","STARWAYS PRECISIONS PVT. LTD. ","PUNE","SITARGANJ","STARWAYS PRECISIONS PVT. LTD. ","STARWAYS INDUSTRIES (SI)","03","0.00","0.00","Auto Parts ","Client","NA","SANJIT","1","0.00","0.00","0.00","0.00","0.00","0.00"
"204835","2026-06-09","Road","SKY 4 PUNE","DELHI-STATION","PANTNAGAR","L & L PRODICTS INDIA PVT. LTD.","L & L PRODICTS INDIA PVT. LTD.","13","0.00","0.00","AUTO PART","Client",,"SUNIL","1","0.00","0.00","0.00","0.00","0.00","0.00"
"204836","2026-06-09","Road","SKY 4 PUNE","DELHI-STATION","PANTNAGAR","SKS FASTENERS LTD.","DANA ANAND INDIA PVT LTD","26","0.00","0.00","AUTO PART","Client",,"SUNIL","1","0.00","0.00","0.00","0.00","0.00","0.00"
"204837","2026-06-09","Air","STARWAYS INDUSTRIES- CHAKAN","PUNE","SITARGANJ","STARWAYS INDUSTRIES- CHAKAN","STARWAYS INDUSTRIES (SI)","13","0.00","0.00","Auto Parts ","Client","NA","SANJIT","1","0.00","0.00","0.00","0.00","0.00","0.00"
"204838","2026-06-09","Road","SHREYA INDUSTRIES - PNQ","PUNE","PANTNAGAR","SHREYA INDUSTRIES - PNQ","SHREYA INDUSTRIES- PNT","20","0.00","20.00","Auto Parts ","Client","NA","SANJIT","1","0.00","0.00","0.00","0.00","0.00","0.00"
"204839","2026-06-09","Road","SHREYA INDUSTRIES - PNQ","PUNE","PANTNAGAR","SHREYA INDUSTRIES - PNQ","SHREYA INDUSTRIES- PNT","16","0.00","16.00","Auto Parts ","Client","NA","SANJIT","1","0.00","0.00","0.00","0.00","0.00","0.00"
"204840","2026-06-08","Road","SKY 4 PUNE","DELHI-AIRPORT","PANTNAGAR","SKS FASTENERS LTD.","ASHOK LEYLAND LTD","12","0.00","0.00","AUTO PART","Client",,"SUNIL","1","0.00","0.00","0.00","0.00","0.00","0.00"
"204841","2026-06-04","Road","CJ DARCL LOGISTICS LIMITED","DELHI","PANTNAGAR","LUMAX CORNAGLIA AUTO TECHNOLO - PNQ","LUMAX AUTO TECHNOLOGIES LTD.","02","0.00","0.00","AUTO PART","Client",,"SUNIL","1","0.00","0.00","0.00","0.00","0.00","0.00"
"204842","2026-06-05","Road","CJ DARCL LOGISTICS LIMITED","DELHI","PANTNAGAR","LUMAX CORNAGLIA AUTO TECHNOLO - PNQ","LUMAX CORNAGLIA AUTO TECH- PTN","12","0.00","0.00","AUTO PART","Client",,"SUNIL","1","0.00","0.00","0.00","0.00","0.00","0.00"
"204843","2026-06-04","Road","SKY 4 PUNE","PANTNAGAR","PANTNAGAR","L & L PRODICTS INDIA PVT. LTD.","L & L PRODICTS INDIA PVT. LTD.","67","0.00","0.00","AUTO PART","Client",,"SUNIL","1","0.00","0.00","0.00","0.00","0.00","0.00"
"204844","2026-06-06","Road","SKY 4 PUNE","PANTNAGAR","PANTNAGAR","L & L PRODICTS INDIA PVT. LTD.","L & L PRODICTS INDIA PVT. LTD.","53","0.00","0.00","AUTO PART","Client",,"Admin","1","0.00","0.00","0.00","0.00","0.00","0.00"
"204845","2026-06-06","Road","SKY 4 PUNE","PANTNAGAR","PANTNAGAR","L & L PRODICTS INDIA PVT. LTD.","L & L PRODICTS INDIA PVT. LTD.","67","0.00","0.00","AUTO PART","Client",,"SUNIL","1","0.00","0.00","0.00","0.00","0.00","0.00"
"204846","2026-06-06","Road","SKY 4 PUNE","PANTNAGAR","PANTNAGAR","L & L PRODICTS INDIA PVT. LTD.","L & L PRODICTS INDIA PVT. LTD.","05","0.00","0.00","AUTO PART","Client",,"SUNIL","1","0.00","0.00","0.00","0.00","0.00","0.00"
"204847","2026-06-06","Road","SKY 4 PUNE","PANTNAGAR","PANTNAGAR","L & L PRODICTS INDIA PVT. LTD.","L & L PRODICTS INDIA PVT. LTD.","90","0.00","0.00","AUTO PART","Client",,"SUNIL","1","0.00","0.00","0.00","0.00","0.00","0.00"
"204848","2026-06-09","Train","STARWAYS INDUSTRIES- CHAKAN","PUNE","SITARGANJ","STARWAYS INDUSTRIES- CHAKAN","STARWAYS INDUSTRIES (SI)","35","0.00","0.00","Auto Parts ","Client","NA","SANJIT","1","0.00","0.00","0.00","0.00","0.00","0.00"
"204849","2026-06-09","Train","PANORAMA AUTOMOTIVE IND. PVT. LTD.","PUNE","PANTNAGAR","S. M. ENTERPRISES ","PANORAMA AUTOMOTIVE IND. PVT. LTD.","03","0.00","90.00","Auto Parts ","Client","NA","SANJIT","1","0.00","0.00","0.00","0.00","0.00","0.00"
"204850","2026-06-09","Train","DALI SAMIR ENGG.PVT LTD-PUNE","PUNE","PANTNAGAR","SANSA AUTO ENGINEERING COMPANY - PUNE","DALI SAMIR ENGG PVT LTD- PTN","03","0.00","100.00","Auto Parts ","Client","NA","SANJIT","1","0.00","0.00","0.00","0.00","0.00","0.00"
"204851","2026-06-09","Air","REUTTER INNOVATIVE CLOSURE TECHNOLOGIES (P) LTD","CHENNAI","PITHAMPUR","REUTTER INNOVATIVE CLOSURE TECHNOLOGIES (P) LTD","BAPL ROTOTECH PVT. LTD.","2","0.00","50.00","AUTP PARTS ","Client",,"Admin","1","0.00","0.00","0.00","0.00","0.00","0.00"
"204852","2026-06-10","Train","DALI SAMIR ENGG.PVT LTD-PUNE","PUNE","PANTNAGAR","DALI SAMIR ENGG.PVT LTD-PUNE","DALI SAMIR ENGG PVT LTD- PTN","10","0.00","250.00","Auto Parts ","Client","NA","SANJIT","1","0.00","0.00","0.00","0.00","0.00","0.00"
"204853","2026-06-10","Air","STARWAYS INDUSTRIES- CHAKAN","PUNE","SITARGANJ","RUPKANT INDUSTRIES ","STARWAYS INDUSTRIES (SI)","01","0.00","0.00","Auto Parts ","Client","NA","Admin","1","0.00","0.00","0.00","0.00","0.00","0.00"
"204854","2026-06-10","Train","DALI SAMIR ENGG.PVT LTD-PUNE","PUNE","PANTNAGAR","SANSA AUTO ENGINEERING COMPANY - PUNE","DALI SAMIR ENGG PVT LTD- PTN","04","0.00","100.00","Auto Parts ","Client","NA","SANJIT","1","0.00","0.00","0.00","0.00","0.00","0.00"
"204855","2026-06-10","Air","BELRISE INDUSTRIES LTD ","PANTNAGAR","AURANGABAD","NEEL METAL PRODUCTS LTD","BELRISE INDUSTRIES LTD ","24","0.00","0.00","AUTO PARTS","Client",,"Admin","0","0.00","0.00","0.00","0.00","0.00","0.00"
"204856","2026-06-10","Air","BELRISE INDUSTRIES LTD ","PANTNAGAR","AURANGABAD","NEEL METAL PRODUCTS LTD","BELRISE INDUSTRIES LTD ","13","0.00","0.00","AUTO PARTS","Client",,"Admin","0","0.00","0.00","0.00","0.00","0.00","0.00"
"204857","2026-06-10","Air","BELRISE INDUSTRIES LTD ","PANTNAGAR","AURANGABAD","NEEL METAL PRODUCTS LTD","BELRISE INDUSTRIES LTD ","2","0.00","0.00","AUTO PARTS","Client",,"Admin","0","0.00","0.00","0.00","0.00","0.00","0.00"
"204858","2026-06-10","Road","U. S. AUTO CONTROLS PVT LTD ","PUNE","PANTNAGAR","U. S. AUTO CONTROLS PVT LTD ","HARIHARESHWAR AUOT TECH PRIVATE LIMITED","10","0.00","0.00","Auto Parts ","Client","NA","SANJIT","1","0.00","0.00","0.00","0.00","0.00","0.00"
"204859","2026-06-10","Road","SKY 4 PUNE","DELHI-STATION","PANTNAGAR","L & L PRODICTS INDIA PVT. LTD.","L & L PRODICTS INDIA PVT. LTD.","03","0.00","0.00","AUTO PART","Client",,"SUNIL","1","0.00","0.00","0.00","0.00","0.00","0.00"
"204860","2026-06-10","Road","SKY 4 PUNE","PANTNAGAR","PANTNAGAR","L & L PRODICTS INDIA PVT. LTD.","L & L PRODICTS INDIA PVT. LTD.","43","0.00","0.00","AUTO PART","Client",,"SUNIL","1","0.00","0.00","0.00","0.00","0.00","0.00"
"204861","2026-06-10","Air","STARWAYS PRECISIONS PVT. LTD. ","PUNE","SITARGANJ","STARWAYS PRECISIONS PVT. LTD. ","STARWAYS INDUSTRIES (SI)","03","0.00","0.00","Auto Parts ","Client","NA","SANJIT","1","0.00","0.00","0.00","0.00","0.00","0.00"
"204862","2026-06-10","Air","REUTTER INNOVATIVE CLOSURE TECHNOLOGIES (P) LTD","CHENNAI","PUNE","REUTTER INNOVATIVE CLOSURE TECHNOLOGIES (P) LTD","VOSS AUTOMOTIVE INDIA PVT LTD ","01","0.00","50.00","Auto Parts ","Client","NA","SANJIT","1","0.00","0.00","0.00","0.00","0.00","0.00"
"204863","2026-06-10","Train","STARWAYS INDUSTRIES- CHAKAN","PUNE","SITARGANJ","STARWAYS INDUSTRIES- CHAKAN","STARWAYS INDUSTRIES (SI)","35","0.00","0.00","Auto Parts ","Client","NA","SANJIT","1","0.00","0.00","0.00","0.00","0.00","0.00"
"204864","2026-06-06","Train","ASHA INDUSTRIES","AURANGABAD","PANTNAGAR","ASHA INDUSTRIES","BELRISE INDUSTRIES LTD UNIT -IX","03 BAG","0.00","100.00","AUTO PART","Client",,"Admin","1","0.00","0.00","0.00","0.00","0.00","0.00"
"204865","2026-06-11","Air","STARWAYS INDUSTRIES- CHAKAN","PUNE","SITARGANJ","STARWAYS INDUSTRIES- CHAKAN","STARWAYS INDUSTRIES (SI)","01","0.00","0.00","Auto Parts ","Client","NA","SANJIT","1","0.00","0.00","0.00","0.00","0.00","0.00"
"204866","2026-06-11","Train","STARWAYS INDUSTRIES- CHAKAN","PUNE","SITARGANJ","STARWAYS INDUSTRIES- CHAKAN","STARWAYS INDUSTRIES (SI)","09","0.00","0.00","Auto Parts ","Client","NA","SANJIT","1","0.00","0.00","0.00","0.00","0.00","0.00"
"204867","2026-06-11","Air","BELRISE INDUSTRIES LTD ","PANTNAGAR","AURANGABAD","NEEL METAL PRODUCTS LTD","BELRISE INDUSTRIES LTD ","52","0.00","0.00","AUTO PARTS","Client",,"Admin","0","0.00","0.00","0.00","0.00","0.00","0.00"
"204868","2026-06-11","Air","STARWAYS PRECISIONS PVT. LTD. ","PUNE","SITARGANJ","STARWAYS PRECISIONS PVT. LTD. ","STARWAYS INDUSTRIES (SI)","01","0.00","0.00","Auto Parts ","Client","NA","SANJIT","1","0.00","0.00","0.00","0.00","0.00","0.00"
"204869","2026-06-11","Air","STARWAYS PRECISIONS PVT. LTD. ","PUNE","SITARGANJ","STARWAYS PRECISIONS PVT. LTD. ","ADVIK HI-TECH PVT LTD","01","0.00","0.00","Auto Parts ","Client","NA","SANJIT","1","0.00","0.00","0.00","0.00","0.00","0.00"
"204870","2026-06-11","Train","STARWAYS INDUSTRIES- CHAKAN","PUNE","SITARGANJ","TUBROS PRESSINGS","STARWAYS INDUSTRIES (SI)","05","0.00","0.00","Auto Parts ","Client","NA","Admin","1","0.00","0.00","0.00","0.00","0.00","0.00"
"204871","2026-06-11","Road","U. S. AUTO CONTROLS PVT LTD ","PUNE","PANTNAGAR","U. S. AUTO CONTROLS PVT LTD ","HARIHARESHWAR AUOT TECH PRIVATE LIMITED","11","0.00","0.00","Auto Parts ","Client","NA","SANJIT","1","0.00","0.00","0.00","0.00","0.00","0.00"
"204872","2026-06-12","Train","HIMALAYAN AUTO ERA PVT LTD","PUNE","PANTNAGAR","ATHARVA FOUNDRIES PVT. LTD.","HIMALAYAN AUTO ERA PVT LTD","14","0.00","315.00","Auto Parts ","Client","NA","SANJIT","1","0.00","0.00","0.00","0.00","0.00","0.00"
"204873","2026-06-12","Air","BELRISE INDUSTRIES LTD ","PANTNAGAR","AURANGABAD","NEEL METAL PRODUCTS LTD","BELRISE INDUSTRIES LTD ","24 box + 4 bags","0.00","0.00","AUTO PARTS","Client",,"Admin","0","0.00","0.00","0.00","0.00","0.00","0.00"
"204874","2026-06-12","Train","BELRISE INDUSTRIES LTD ","PANTNAGAR","AURANGABAD","NEEL METAL PRODUCTS LTD","BELRISE INDUSTRIES LTD ","12 box 31 bags","0.00","0.00","AUTO PARTS","Client",,"Admin","0","0.00","0.00","0.00","0.00","0.00","0.00"
"204875","2026-06-12","Air","STARWAYS PRECISIONS PVT. LTD. ","PUNE","SITARGANJ","STARWAYS PRECISIONS PVT. LTD. ","STARWAYS INDUSTRIES (SI)","02","0.00","0.00","Auto Parts ","Client","NA","SANJIT","1","0.00","0.00","0.00","0.00","0.00","0.00"
"204876","2026-06-12","Air","REUTTER INNOVATIVE CLOSURE TECHNOLOGIES (P) LTD","CHENNAI","PUNE","REUTTER INNOVATIVE CLOSURE TECHNOLOGIES (P) LTD","VOSS AUTOMOTIVE INDIA PVT LTD ","01","0.00","50.00","Auto Parts ","Client","NA","SANJIT","1","0.00","0.00","0.00","0.00","0.00","0.00"
"204884","2026-06-13","Train","DALI SAMIR ENGG.PVT LTD-PUNE","PUNE","PANTNAGAR","SANSA AUTO ENGINEERING COMPANY - PUNE","DALI SAMIR ENGG PVT LTD- PTN","03","0.00","100.00","Auto Parts ","Client","NA","SANJIT","1","0.00","0.00","0.00","0.00","0.00","0.00"
"204878","2026-06-12","Train","STARWAYS INDUSTRIES- CHAKAN","PUNE","SITARGANJ","STARWAYS INDUSTRIES- CHAKAN","STARWAYS INDUSTRIES (SI)","35","0.00","0.00","Auto Parts ","Client","NA","SANJIT","1","0.00","0.00","0.00","0.00","0.00","0.00"
"204879","2026-06-13","Air","STARWAYS PRECISIONS PVT. LTD. ","PUNE","SITARGANJ","STARWAYS PRECISIONS PVT. LTD. ","STARWAYS INDUSTRIES (SI)","01","0.00","0.00","Auto Parts ","Client","NA","SANJIT","1","0.00","0.00","0.00","0.00","0.00","0.00"
"204880","2026-06-13","Road","U. S. AUTO CONTROLS PVT LTD ","PUNE","PANTNAGAR","U. S. AUTO CONTROLS PVT LTD ","HARIHARESHWAR AUOT TECH PRIVATE LIMITED","21","0.00","0.00","Auto Parts ","Client","NA","SANJIT","1","0.00","0.00","0.00","0.00","0.00","0.00"
"204881","2026-06-13","Road","U. S. AUTO CONTROLS PVT LTD ","PUNE","PANTNAGAR","U. S. AUTO CONTROLS PVT LTD ","METALFABTECH LLP","04","0.00","0.00","Auto Parts ","Client","NA","SANJIT","1","0.00","0.00","0.00","0.00","0.00","0.00"
"204882","2026-06-13","Air","BELRISE INDUSTRIES LTD ","PANTNAGAR","AURANGABAD","NEEL METAL PRODUCTS LTD","BELRISE INDUSTRIES LTD ","01","0.00","0.00","AUTO PART","Client",,"SUNIL","0","0.00","0.00","0.00","0.00","0.00","0.00"
"204883","2026-06-13","Train","BELRISE INDUSTRIES LTD ","PANTNAGAR","AURANGABAD","NEEL METAL PRODUCTS LTD","BELRISE INDUSTRIES LTD ","22 BOX + 18 BAGS","0.00","0.00","AUTO PART","Client",,"SUNIL","0","0.00","0.00","0.00","0.00","0.00","0.00"
"204885","2026-06-13","Train","STARWAYS INDUSTRIES- CHAKAN","PUNE","SITARGANJ","STARWAYS INDUSTRIES- CHAKAN","STARWAYS INDUSTRIES (SI)","35","0.00","0.00","Auto Parts ","Client","NA","SANJIT","1","0.00","0.00","0.00","0.00","0.00","0.00"
"204886","2026-06-14","Train","STARWAYS PRECISIONS PVT. LTD. ","PUNE","SITARGANJ","STARWAYS PRECISIONS PVT. LTD. ","STARWAYS INDUSTRIES (SI)","06","0.00","0.00","Auto Parts ","Client","NA","SANJIT","1","0.00","0.00","0.00","0.00","0.00","0.00"
"204887","2026-06-14","Air","STARWAYS PRECISIONS PVT. LTD. ","PUNE","SITARGANJ","STARWAYS PRECISIONS PVT. LTD. ","STARWAYS INDUSTRIES (SI)","11","0.00","0.00","Auto Parts ","Client","NA","SANJIT","1","0.00","0.00","0.00","0.00","0.00","0.00"
"204888","2026-06-14","Train","STARWAYS INDUSTRIES- CHAKAN","PUNE","SITARGANJ","TUBROS PRESSINGS","STARWAYS INDUSTRIES (SI)","07","0.00","0.00","Auto Parts ","Client","NA","Admin","1","0.00","0.00","0.00","0.00","0.00","0.00"
"204889","2026-06-14","Air","REUTTER INNOVATIVE CLOSURE TECHNOLOGIES (P) LTD","CHENNAI","JAMSHEDPUR","REUTTER INNOVATIVE CLOSURE TECHNOLOGIES (P) LTD","VIJAYSHREE AUTOCOM LTD","17","0.00","315.00","AUTO PARTS","Client",,"Admin","1","0.00","0.00","0.00","0.00","0.00","0.00"
"204890","2026-06-14","Train","STARWAYS INDUSTRIES- CHAKAN","PUNE","SITARGANJ","STARWAYS INDUSTRIES- CHAKAN","STARWAYS INDUSTRIES (SI)","35","0.00","0.00","Auto Parts ","Client","NA","SANJIT","1","0.00","0.00","0.00","0.00","0.00","0.00"
"204891","2026-06-14","Air","BELRISE INDUSTRIES LTD UNIT -IX","AURANGABAD","PANTNAGAR","OMECH COMPONENTS PVT.LTD.","BELRISE INDUSTRIES LTD UNIT -IX","01","0.00","0.00","Auto Parts ","Client","NA","Admin","1","0.00","0.00","0.00","0.00","0.00","0.00"
"204892","2026-06-15","Road","SHREYA INDUSTRIES - PNQ","PUNE","PANTNAGAR","SHREYA INDUSTRIES - PNQ","SHREYA INDUSTRIES- PNT","20","0.00","20.00","Auto Parts ","Client","NA","SANJIT","1","0.00","0.00","0.00","0.00","0.00","0.00"
"204893","2026-06-15","Road","SHREYA INDUSTRIES - PNQ","PUNE","PANTNAGAR","SHREYA INDUSTRIES - PNQ","SHREYA INDUSTRIES- PNT","16","0.00","16.00","Auto Parts ","Client","NA","SANJIT","1","0.00","0.00","0.00","0.00","0.00","0.00"
"204894","2026-06-15","Train","STARWAYS INDUSTRIES- CHAKAN","PUNE","SITARGANJ","STARWAYS INDUSTRIES- CHAKAN","STARWAYS INDUSTRIES (SI)","09","0.00","0.00","Auto Parts ","Client","NA","SANJIT","1","0.00","0.00","0.00","0.00","0.00","0.00"
"204895","2026-06-15","Air","STARWAYS INDUSTRIES- CHAKAN","PUNE","SITARGANJ","STARWAYS INDUSTRIES- CHAKAN","STARWAYS INDUSTRIES (SI)","02","0.00","0.00","Auto Parts ","Client","NA","SANJIT","1","0.00","0.00","0.00","0.00","0.00","0.00"
"204896","2026-06-15","Train","DALI SAMIR ENGG.PVT LTD-PUNE","PUNE","PANTNAGAR","S S INDUSTRIES ","DALI SAMIR ENGG PVT LTD- PTN","08","0.00","200.00","Auto Parts ","Client","NA","Admin","1","0.00","0.00","0.00","0.00","0.00","0.00"
"204897","2026-06-15","Train","BELRISE INDUSTRIES LTD ","PANTNAGAR","AURANGABAD","NEEL METAL PRODUCTS LTD","BELRISE INDUSTRIES LTD ","19 BOX","0.00","0.00","AUTO PARTS","Client",,"Admin","0","0.00","0.00","0.00","0.00","0.00","0.00"
"204898","2026-06-15","Air","BELRISE INDUSTRIES LTD ","PANTNAGAR","AURANGABAD","NEEL METAL PRODUCTS LTD","BELRISE INDUSTRIES LTD ","2 BOX","0.00","0.00","AUTO PARTS","Client",,"Admin","0","0.00","0.00","0.00","0.00","0.00","0.00"
"204899","2026-06-15","Train","AUTOCOMP CORPORATION PANSE PVT LTD","PANTNAGAR","ENNORE","AUTOCOMP CORPORATION PANSE PVT LTD","ASHOK LEYLAND LTD","24 BOX","0.00","0.00","AUTO PARTS","Client",,"Admin","0","0.00","0.00","0.00","0.00","0.00","0.00"
"204900","2026-06-15","Train","BELRISE INDUSTRIES LTD UNIT -IX","PUNE","PANTNAGAR","BADVE AUTOCOMPS PVT LTD-II","BELRISE INDUSTRIES LTD UNIT -IX","43","0.00","0.00","Auto Parts ","Client","NA","SANJIT","1","0.00","0.00","0.00","0.00","0.00","0.00"
"204901","2026-06-15","Air","U. S. AUTO CONTROLS PVT LTD ","PUNE","PANTNAGAR","U. S. AUTO CONTROLS PVT LTD ","HARIHARESHWAR AUOT TECH PRIVATE LIMITED","04","0.00","0.00","Auto Parts ","Client","NA","SANJIT","1","0.00","0.00","0.00","0.00","0.00","0.00"
"204902","2026-06-15","Train","STARWAYS INDUSTRIES- CHAKAN","PUNE","SITARGANJ","STARWAYS INDUSTRIES- CHAKAN","STARWAYS INDUSTRIES (SI)","35","0.00","0.00","Auto Parts ","Client","NA","SANJIT","1","0.00","0.00","0.00","0.00","0.00","0.00"
"204903","2026-06-15","Air","STARWAYS INDUSTRIES- CHAKAN","PUNE","SITARGANJ","STARWAYS INDUSTRIES- CHAKAN","STARWAYS INDUSTRIES (SI)","04","0.00","0.00","Auto Parts ","Client","NA","SANJIT","1","0.00","0.00","0.00","0.00","0.00","0.00"
"204904","2026-06-15","Train","STARWAYS INDUSTRIES- CHAKAN","PUNE","SITARGANJ","STARWAYS INDUSTRIES- CHAKAN","STARWAYS INDUSTRIES (SI)","04","0.00","0.00","Auto Parts ","Client","NA","SANJIT","1","0.00","0.00","0.00","0.00","0.00","0.00"
"204905","2026-06-15","Air","STARWAYS PRECISIONS PVT. LTD. ","PUNE","SITARGANJ","STARWAYS PRECISIONS PVT. LTD. ","STARWAYS INDUSTRIES (SI)","01","0.00","0.00","Auto Parts ","Client","NA","SANJIT","1","0.00","0.00","0.00","0.00","0.00","0.00"
"204906","2026-06-16","Road","SKY 4 PUNE","DELHI-AIRPORT","PANTNAGAR","L & L PRODICTS INDIA PVT. LTD.","L & L PRODICTS INDIA PVT. LTD.","04","0.00","0.00","AUTO PART","Client",,"SUNIL","1","0.00","0.00","0.00","0.00","0.00","0.00"
"204907","2026-06-16","Air","STARWAYS INDUSTRIES- CHAKAN","SITARGANJ","AURANGABAD","STARWAYS INDUSTRIES (SI)","STARWAYS ENGINEERS PVT. LTD.","1 BAG","0.00","0.00","AUTO PART","Client","Note:- Delivery plant Starways Industries- Chakan, Pune","SANJIT","1","0.00","0.00","0.00","0.00","0.00","0.00"
"204908","2026-06-16","Air","STARWAYS INDUSTRIES- CHAKAN","PUNE","SITARGANJ","STARWAYS INDUSTRIES- CHAKAN","STARWAYS INDUSTRIES (SI)","07","0.00","0.00","Auto Parts ","Client","NA","SANJIT","1","0.00","0.00","0.00","0.00","0.00","0.00"
"204909","2026-06-16","Train","STARWAYS INDUSTRIES- CHAKAN","PUNE","SITARGANJ","STARWAYS INDUSTRIES- CHAKAN","STARWAYS INDUSTRIES (SI)","04","0.00","0.00","Auto Parts ","Client","NA","SANJIT","1","0.00","0.00","0.00","0.00","0.00","0.00"
"204910","2026-06-16","Air","REUTTER INNOVATIVE CLOSURE TECHNOLOGIES (P) LTD","CHENNAI","PUNE","REUTTER INNOVATIVE CLOSURE TECHNOLOGIES (P) LTD","PRECISION AUTO COMPONENTS","01","0.00","50.00","Auto Parts ","Client","NA","SANJIT","1","0.00","0.00","0.00","0.00","0.00","0.00"
"204911","2026-06-16","Air","BELRISE INDUSTRIES LTD ","PANTNAGAR","AURANGABAD","NEEL METAL PRODUCTS LTD","BELRISE INDUSTRIES LTD ","3","0.00","0.00","AUTO PARTS","Client",,"Admin","0","0.00","0.00","0.00","0.00","0.00","0.00"
"204912","2026-06-16","Train","BELRISE INDUSTRIES LTD ","PANTNAGAR","AURANGABAD","NEEL METAL PRODUCTS LTD","BELRISE INDUSTRIES LTD ","9 BOX + 5 BAGS","0.00","0.00","AUTO PARTS","Client",,"Admin","0","0.00","0.00","0.00","0.00","0.00","0.00"
"204913","2026-06-16","Train","PANORAMA AUTOMOTIVE IND. PVT. LTD.","PUNE","PANTNAGAR","VAISHALI INDUSTRIES ","PANORAMA AUTOMOTIVE IND. PVT. LTD.","03","0.00","90.00","Auto Parts ","Client","NA","SANJIT","1","0.00","0.00","0.00","0.00","0.00","0.00"
"204914","2026-06-16","Road","U. S. AUTO CONTROLS PVT LTD ","PUNE","PANTNAGAR","U. S. AUTO CONTROLS PVT LTD ","HARIHARESHWAR AUOT TECH PRIVATE LIMITED","14","0.00","0.00","Auto Parts ","Client","NA","SANJIT","1","0.00","0.00","0.00","0.00","0.00","0.00"
"204915","2026-06-16","Road","U. S. AUTO CONTROLS PVT LTD ","PUNE","PANTNAGAR","U. S. AUTO CONTROLS PVT LTD ","METALFABTECH LLP","04","0.00","0.00","Auto Parts ","Client","NA","SANJIT","1","0.00","0.00","0.00","0.00","0.00","0.00"
"204916","2026-06-17","Train","AUTOCOMP CORPORATION PANSE PVT LTD","PANTNAGAR","ENNORE","AUTOCOMP CORPORATION PANSE PVT LTD","ASHOK LEYLAND LTD","20","0.00","0.00","AUTO PARTS","Client",,"Admin","0","0.00","0.00","0.00","0.00","0.00","0.00"
"204917","2026-06-16","Air","REUTTER INNOVATIVE CLOSURE TECHNOLOGIES (P) LTD","PUNE","CHENNAI","CRD COMPONENTS ","REUTTER INNOVATIVE CLOSURE TECHNOLOGIES (P) LTD","01","0.00","50.00","Auto Parts ","Client","NA","SANJIT","1","0.00","0.00","0.00","0.00","0.00","0.00"
"204918","2026-06-16","Air","REUTTER INNOVATIVE CLOSURE TECHNOLOGIES (P) LTD","CHENNAI","PUNE","REUTTER INNOVATIVE CLOSURE TECHNOLOGIES (P) LTD","VOSS AUTOMOTIVE INDIA PVT LTD ","01","0.00","50.00","Auto Parts ","Client","NA","SANJIT","1","0.00","0.00","0.00","0.00","0.00","0.00"
"204919","2026-06-16","Train","HIMALAYAN AUTO ERA PVT LTD","PUNE","PANTNAGAR","ATHARVA FOUNDRIES PVT. LTD.","HIMALAYAN AUTO ERA PVT LTD","14","0.00","315.00","Auto Parts ","Client","NA","SANJIT","1","0.00","0.00","0.00","0.00","0.00","0.00"
"204920","2026-06-16","Train","STARWAYS INDUSTRIES- CHAKAN","PUNE","SITARGANJ","STARWAYS INDUSTRIES- CHAKAN","STARWAYS INDUSTRIES (SI)","35 BAG","0.00","0.00","Auto Parts ","Client","NA","SUNIL","1","0.00","0.00","0.00","0.00","0.00","0.00"
"204921","2026-06-17","Road","SKY 4 PUNE","DELHI-AIRPORT","PANTNAGAR","SKS FASTENERS LTD.","ASHOK LEYLAND LTD-PTN","16","0.00","0.00","AUTO PART","Client",,"SUNIL","1","0.00","0.00","0.00","0.00","0.00","0.00"
"204922","2026-06-16","Road","SKY 4 PUNE","PANTNAGAR","PANTNAGAR","L & L PRODICTS INDIA PVT. LTD.","L & L PRODICTS INDIA PVT. LTD.","45","0.00","0.00","AUTO PART","Client",,"SUNIL","1","0.00","0.00","0.00","0.00","0.00","0.00"
"204923","2026-06-08","Road","SKY 4 PUNE","PANTNAGAR","PANTNAGAR","L & L PRODICTS INDIA PVT. LTD.","L & L PRODICTS INDIA PVT. LTD.","44","0.00","0.00","AUTO PART","Client",,"SUNIL","1","0.00","0.00","0.00","0.00","0.00","0.00"
"204924","2026-06-08","Road","SKY 4 PUNE","PANTNAGAR","PANTNAGAR","L & L PRODICTS INDIA PVT. LTD.","L & L PRODICTS INDIA PVT. LTD.","66","0.00","0.00","AUTO PART","Client",,"SUNIL","1","0.00","0.00","0.00","0.00","0.00","0.00"
"204925","2026-06-09","Road","SKY 4 PUNE","PANTNAGAR","PANTNAGAR","L & L PRODICTS INDIA PVT. LTD.","L & L PRODICTS INDIA PVT. LTD.","103","0.00","0.00","AUTO PART","Client",,"SUNIL","1","0.00","0.00","0.00","0.00","0.00","0.00"
"204926","2026-06-10","Road","SKY 4 PUNE","PANTNAGAR","PANTNAGAR","L & L PRODICTS INDIA PVT. LTD.","L & L PRODICTS INDIA PVT. LTD.","46","0.00","0.00","AUTO PART","Client",,"SUNIL","1","0.00","0.00","0.00","0.00","0.00","0.00"
"204927","2026-06-09","Road","SKY 4 PUNE","PANTNAGAR","PANTNAGAR","L & L PRODICTS INDIA PVT. LTD.","L & L PRODICTS INDIA PVT. LTD.","08","0.00","0.00","AUTO PART","Client",,"SUNIL","1","0.00","0.00","0.00","0.00","0.00","0.00"
"204928","2026-06-16","Road","CJ DARCL LOGISTICS LIMITED","PANTNAGAR","DELHI","LUMAX CORNAGLIA AUTO TECH- PTN","LUMAX CORNAGLIA AUTO TECHNOLO - PNQ","01","0.00","0.00","AUTO PART","Client",,"SUNIL","1","0.00","0.00","0.00","0.00","0.00","0.00"
"204929","2026-06-17","Air","AUTOCOMP CORPORATION PANSE PVT LTD","PANTNAGAR","ENNORE","AUTOCOMP CORPORATION PANSE PVT LTD","ASHOK LEYLAND LTD","10","0.00","0.00","AUTO PARTS ","Client",,"Admin","0","0.00","0.00","0.00","0.00","0.00","0.00"
"204930","2026-06-17","Air","STARWAYS INDUSTRIES- CHAKAN","PUNE","SITARGANJ","STARWAYS INDUSTRIES- CHAKAN","STARWAYS INDUSTRIES (SI)","17","0.00","0.00","Auto Parts ","Client","NA","SANJIT","1","0.00","0.00","0.00","0.00","0.00","0.00"
"204931","2026-06-17","Train","STARWAYS INDUSTRIES- CHAKAN","PUNE","SITARGANJ","STARWAYS INDUSTRIES- CHAKAN","STARWAYS INDUSTRIES (SI)","10","0.00","0.00","Auto Parts ","Client","NA","SANJIT","1","0.00","0.00","0.00","0.00","0.00","0.00"
"204932","2026-06-17","Air","BELRISE INDUSTRIES LTD ","PANTNAGAR","AURANGABAD","NEEL METAL PRODUCTS LTD","BELRISE INDUSTRIES LTD ","2 BOX","0.00","0.00","AUTO PARTS","Client",,"Admin","0","0.00","0.00","0.00","0.00","0.00","0.00"
"204933","2026-06-17","Train","BELRISE INDUSTRIES LTD ","PANTNAGAR","AURANGABAD","NEEL METAL PRODUCTS LTD","BELRISE INDUSTRIES LTD ","4 BOX + 5 BAG","0.00","0.00","AUTO PARTS","Client",,"Admin","0","0.00","0.00","0.00","0.00","0.00","0.00"
"204934","2026-06-17","Train","STARWAYS INDUSTRIES- CHAKAN","SITARGANJ","PUNE","STARWAYS INDUSTRIES (SI)","STARWAYS INDUSTRIES- CHAKAN","41 BAG","0.00","0.00","AUTO PART","Client",,"Admin","1","0.00","0.00","0.00","0.00","0.00","0.00"
"204935","2026-06-17","Train","BELRISE INDUSTRIES LTD UNIT -IX","PANTNAGAR","PUNE","BELRISE INDUSTRIES LTD UNIT -IX","A S INDUSTRIES","2 BOX","0.00","0.00","AUTO PARTS","Client",,"Admin","1","0.00","0.00","0.00","0.00","0.00","0.00"
"204936","2026-06-17","Train","STARWAYS INDUSTRIES- CHAKAN","PUNE","SITARGANJ","STARWAYS INDUSTRIES- CHAKAN","STARWAYS INDUSTRIES (SI)","25","0.00","0.00","Auto Parts ","Client","NA","SANJIT","1","0.00","0.00","0.00","0.00","0.00","0.00"
"204937","2026-06-17","Air","U. S. AUTO CONTROLS PVT LTD ","PUNE","PANTNAGAR","U. S. AUTO CONTROLS PVT LTD ","HARIHARESHWAR AUOT TECH PRIVATE LIMITED","05","0.00","0.00","Auto Parts ","Client","NA","SANJIT","1","0.00","0.00","0.00","0.00","0.00","0.00"
"204938","2026-06-17","Train","DALI SAMIR ENGG.PVT LTD-PUNE","PUNE","PANTNAGAR","SANSA AUTO ENGINEERING COMPANY - PUNE","DALI SAMIR ENGG PVT LTD- PTN","04","0.00","100.00","Auto Parts ","Client","NA","SANJIT","1","0.00","0.00","0.00","0.00","0.00","0.00"
"204939","2026-06-17","Air","STARWAYS PRECISIONS PVT. LTD. ","PUNE","SITARGANJ","STARWAYS PRECISIONS PVT. LTD. ","STARWAYS INDUSTRIES (SI)","03","0.00","0.00","Auto Parts ","Client","NA","SANJIT","1","0.00","0.00","0.00","0.00","0.00","0.00"
"204940","2026-06-15","Road","SHIV TEMPO SERVICE ","DELHI-AIRPORT","PANTNAGAR","SHIV TEMPO SERVICE ","SHIV TEMPO SERVICE ","50","0.00","0.00","Auto parts ","Client",,"Admin","1","0.00","0.00","0.00","0.00","0.00","0.00"
"204941","2026-06-18","Air","STARWAYS PRECISIONS PVT. LTD. ","PUNE","SITARGANJ","STARWAYS PRECISIONS PVT. LTD. ","STARWAYS INDUSTRIES (SI)","01","0.00","0.00","Auto Parts ","Client","NA","SANJIT","1","0.00","0.00","0.00","0.00","0.00","0.00"
"204942","2026-06-18","Air","BELRISE INDUSTRIES LTD ","PANTNAGAR","AURANGABAD","NEEL METAL PRODUCTS LTD","BELRISE INDUSTRIES LTD ","3 BOX","0.00","0.00","AUTO PART","Client",,"SUNIL","0","0.00","0.00","0.00","0.00","0.00","0.00"
"204943","2026-06-18","Train","BELRISE INDUSTRIES LTD ","PANTNAGAR","AURANGABAD","NEEL METAL PRODUCTS LTD","BELRISE INDUSTRIES LTD ","2 BOX + 5 BAG","0.00","0.00","AUTO PART","Client",,"SUNIL","0","0.00","0.00","0.00","0.00","0.00","0.00"
"204944","2026-06-18","Train","HIMALAYAN AUTO ERA PVT LTD","PUNE","PANTNAGAR","VENKATESH AUTOMOBILE PVT LTD","HIMALAYAN AUTO ERA PVT LTD","150","0.00","1200.00","Auto Parts ","Client","NA","SANJIT","1","0.00","0.00","0.00","0.00","0.00","0.00"
"204945","2026-06-18","Road","SKY 4 PUNE","DELHI-AIRPORT","PANTNAGAR","SKS FASTENERS LTD.","DANA ANAND INDIA PVT LTD","05","0.00","0.00","AUTO PART","Client","4500","SUNIL","1","0.00","0.00","0.00","0.00","0.00","0.00"
"204946","2026-06-18","Road","SHREYA INDUSTRIES - PNQ","PUNE","PANTNAGAR","SHREYA INDUSTRIES - PNQ","SHREYA INDUSTRIES- PNT","20","0.00","20.00","Auto Parts ","Client","NA","SANJIT","1","0.00","0.00","0.00","0.00","0.00","0.00"
"204947","2026-06-18","Road","SHREYA INDUSTRIES - PNQ","PUNE","PANTNAGAR","SHREYA INDUSTRIES - PNQ","SHREYA INDUSTRIES- PNT","16","0.00","16.00","Auto Parts ","Client","NA","Admin","1","0.00","0.00","0.00","0.00","0.00","0.00"
"204948","2026-06-18","Train","STARWAYS INDUSTRIES- CHAKAN","PUNE","SITARGANJ","STARWAYS INDUSTRIES- CHAKAN","STARWAYS INDUSTRIES (SI)","47","0.00","0.00","Auto Parts ","Client","NA","SANJIT","1","0.00","0.00","0.00","0.00","0.00","0.00"
"204949","2026-06-18","Air","REUTTER INNOVATIVE CLOSURE TECHNOLOGIES (P) LTD","CHENNAI","PUNE","REUTTER INNOVATIVE CLOSURE TECHNOLOGIES (P) LTD","VOSS AUTOMOTIVE INDIA PVT LTD ","01","0.00","50.00","Auto Parts ","Client","NA","SANJIT","1","0.00","0.00","0.00","0.00","0.00","0.00"
"204950","2026-06-18","Road","U. S. AUTO CONTROLS PVT LTD ","PUNE","PANTNAGAR","U. S. AUTO CONTROLS PVT LTD ","METALFABTECH LLP","04","0.00","0.00","Auto Parts ","Client","NA","SANJIT","1","0.00","0.00","0.00","0.00","0.00","0.00"
"204951","2026-06-18","Road","U. S. AUTO CONTROLS PVT LTD ","PUNE","PANTNAGAR","U. S. AUTO CONTROLS PVT LTD ","HARIHARESHWAR AUOT TECH PRIVATE LIMITED","05","0.00","0.00","Auto Parts ","Client","NA","SANJIT","1","0.00","0.00","0.00","0.00","0.00","0.00"
"204952","2026-06-19","Road","SKY 4 PUNE","DELHI-STATION","PANTNAGAR","SKS FASTENERS LTD.","DANA ANAND INDIA PVT LTD","20","0.00","0.00","AUTO PART","Client",,"SUNIL","1","0.00","0.00","0.00","0.00","0.00","0.00"
"204953","2026-06-19","Air","BELRISE INDUSTRIES LTD UNIT-14","PUNE","PANTNAGAR","METAFORGE ENGINEERING (INDIA) PRIVATE LIMITED ","BELRISE INDUSTRIES LTD UNIT-14","05","0.00","0.00","Auto Parts ","Client","NA","SANJIT","1","0.00","0.00","0.00","0.00","0.00","0.00"
"204954","2026-06-19","Road","SKY 4 PUNE","DELHI-AIRPORT","PANTNAGAR","SKS FASTENERS LTD.","DANA ANAND INDIA PVT LTD","14","0.00","0.00","AUTO PART","Client",,"SUNIL","1","0.00","0.00","0.00","0.00","0.00","0.00"
"204955","2026-06-19","Air","BELRISE INDUSTRIES LTD ","PANTNAGAR","AURANGABAD","NEEL METAL PRODUCTS LTD","BELRISE INDUSTRIES LTD ","02 BOX","0.00","0.00","AUTO PART","Client",,"SUNIL","0","0.00","0.00","0.00","0.00","0.00","0.00"
"204956","2026-06-19","Train","STARWAYS INDUSTRIES- CHAKAN","PUNE","SITARGANJ","STARWAYS INDUSTRIES- CHAKAN","STARWAYS INDUSTRIES (SI)","03","0.00","0.00","Auto Parts ","Client","NA","SANJIT","1","0.00","0.00","0.00","0.00","0.00","0.00"
"204957","2026-06-19","Air","STARWAYS INDUSTRIES- CHAKAN","PUNE","SITARGANJ","STARWAYS INDUSTRIES- CHAKAN","STARWAYS INDUSTRIES (SI)","04","0.00","0.00","Auto Parts ","Client","NA","SANJIT","1","0.00","0.00","0.00","0.00","0.00","0.00"
"204958","2026-06-19","Train","STARWAYS INDUSTRIES- CHAKAN","PUNE","SITARGANJ","STARWAYS INDUSTRIES- CHAKAN","STARWAYS INDUSTRIES (SI)","35","0.00","0.00","Auto Parts ","Client","NA","SANJIT","1","0.00","0.00","0.00","0.00","0.00","0.00"
"204959","2026-06-19","Air","REUTTER INNOVATIVE CLOSURE TECHNOLOGIES (P) LTD","CHENNAI","PUNE","REUTTER INNOVATIVE CLOSURE TECHNOLOGIES (P) LTD","VOSS AUTOMOTIVE INDIA PVT LTD ","01","0.00","50.00","Auto Parts ","Client","NA","SANJIT","1","0.00","0.00","0.00","0.00","0.00","0.00"
"204960","2026-06-20","Road","SKY 4 PUNE","DELHI-STATION","PANTNAGAR","SKS FASTENERS LTD.","DANA ANAND INDIA PVT LTD","11","0.00","0.00","AUTO PART","Client",,"SUNIL","1","0.00","0.00","0.00","0.00","0.00","0.00"
"204961","2026-06-20","Air","STARWAYS PRECISIONS PVT. LTD. ","PUNE","SITARGANJ","STARWAYS PRECISIONS PVT. LTD. ","STARWAYS INDUSTRIES (SI)","01","0.00","0.00","Auto Parts ","Client","NA","SANJIT","1","0.00","0.00","0.00","0.00","0.00","0.00"
"204962","2026-06-20","Air","STARWAYS PRECISIONS PVT. LTD. ","PUNE","SITARGANJ","STARWAYS PRECISIONS PVT. LTD. ","ADVIK HI-TECH PVT LTD","01","0.00","0.00","Auto Parts ","Client","NA","SANJIT","1","0.00","0.00","0.00","0.00","0.00","0.00"
"204963","2026-06-20","Road","SKY 4 PUNE","PANTNAGAR","PANTNAGAR","L & L PRODICTS INDIA PVT. LTD.","L & L PRODICTS INDIA PVT. LTD.","10","0.00","0.00","AUTO PART","Client",,"SUNIL","1","0.00","0.00","0.00","0.00","0.00","0.00"
"204964","2026-06-20","Air","STARWAYS INDUSTRIES- CHAKAN","PUNE","SITARGANJ","STARWAYS INDUSTRIES- CHAKAN","STARWAYS INDUSTRIES (SI)","02","0.00","0.00","Auto Parts ","Client","NA","SANJIT","1","0.00","0.00","0.00","0.00","0.00","0.00"
"204965","2026-06-20","Train","DALI SAMIR ENGG.PVT LTD-PUNE","PUNE","PANTNAGAR","SANSA AUTO ENGINEERING COMPANY - PUNE","DALI SAMIR ENGG PVT LTD- PTN","03","0.00","100.00","Auto Parts ","Client","NA","SANJIT","1","0.00","0.00","0.00","0.00","0.00","0.00"
"204966","2026-06-20","Air","U. S. AUTO CONTROLS PVT LTD ","BANGALORE","PUNE","VARNA COATS PRIVATE LIMITED ","ACCORD AUTOCOMP PRIVATE LIMITED ","02","0.00","0.00","Auto Parts ","Client","Delivery Point :- V S Autocomponents Chilkhali, Pune ","SANJIT","1","0.00","0.00","0.00","0.00","0.00","0.00"
"204967","2026-06-20","Train","STARWAYS INDUSTRIES- CHAKAN","PUNE","SITARGANJ","STARWAYS INDUSTRIES- CHAKAN","STARWAYS INDUSTRIES (SI)","35","0.00","0.00","Auto Parts ","Client","NA","SANJIT","1","0.00","0.00","0.00","0.00","0.00","0.00"
"204968","2026-06-21","Air","REUTTER INNOVATIVE CLOSURE TECHNOLOGIES (P) LTD","CHENNAI","PUNE","REUTTER INNOVATIVE CLOSURE TECHNOLOGIES (P) LTD","VOSS AUTOMOTIVE INDIA PVT LTD ","01","0.00","50.00","Auto Parts ","Client","NA","SANJIT","1","0.00","0.00","0.00","0.00","0.00","0.00"
"204969","2026-06-21","Air","YASH INDUSTRIES ","LIBASPUR","PUNE","CAPITAL SPINDLES(INDIA) PVT LTD","YASH INDUSTRIES ","6","0.00","174.00","AUTO PARTS ","Client",,"Admin","1","0.00","0.00","0.00","0.00","0.00","0.00"
"204970","2026-06-21","Air","STARWAYS PRECISIONS PVT. LTD. ","PUNE","SITARGANJ","STARWAYS PRECISIONS PVT. LTD. ","STARWAYS INDUSTRIES (SI)","01","0.00","0.00","Auto Parts ","Client","NA","SANJIT","1","0.00","0.00","0.00","0.00","0.00","0.00"
"204971","2026-06-21","Train","STARWAYS INDUSTRIES- CHAKAN","PUNE","SITARGANJ","STARWAYS INDUSTRIES- CHAKAN","STARWAYS INDUSTRIES (SI)","35","0.00","0.00","Auto Parts ","Client","NA","SANJIT","1","0.00","0.00","0.00","0.00","0.00","0.00"
"204972","2026-06-22","Road Express","HIMALAYAN AUTO ERA PVT LTD","PUNE","PANTNAGAR","VENKATESH AUTOMOBILE PVT LTD","HIMALAYAN AUTO ERA PVT LTD","217 LOOSE + 6 BAGS","0.00","1960.00","Auto Parts ","Client","NA","SUNIL","1","0.00","0.00","0.00","0.00","0.00","0.00"
"204973","2026-06-22","Road","SKY 4 PUNE","DELHI-STATION","PANTNAGAR","L & L PRODICTS INDIA PVT. LTD.","L & L PRODICTS INDIA PVT. LTD.","02","0.00","0.00","AUTO PART","Client",,"SUNIL","1","0.00","0.00","0.00","0.00","0.00","0.00"
"204974","2026-06-22","Road","SKY 4 PUNE","PANTNAGAR","PANTNAGAR","L & L PRODICTS INDIA PVT. LTD.","L & L PRODICTS INDIA PVT. LTD.","23","0.00","0.00","AUTO PART","Client",,"SUNIL","1","0.00","0.00","0.00","0.00","0.00","0.00"
"204975","2026-06-22","Air","STARWAYS INDUSTRIES- CHAKAN","PUNE","SITARGANJ","RUPKANT INDUSTRIES ","STARWAYS INDUSTRIES (SI)","01","0.00","0.00","Auto Parts ","Client","NA","Admin","1","0.00","0.00","0.00","0.00","0.00","0.00"
"204976","2026-06-22","Train","STARWAYS INDUSTRIES- CHAKAN","PUNE","SITARGANJ","TUBROS PRESSINGS","STARWAYS INDUSTRIES (SI)","06","0.00","0.00","Auto Parts ","Client","NA","Admin","1","0.00","0.00","0.00","0.00","0.00","0.00"
"204977","2026-06-22","Train","PANORAMA AUTOMOTIVE IND. PVT. LTD.","PUNE","PANTNAGAR","S. M. ENTERPRISES ","PANORAMA AUTOMOTIVE IND. PVT. LTD.","02","0.00","80.00","Auto Parts ","Client","NA","SANJIT","1","0.00","0.00","0.00","0.00","0.00","0.00"
"204978","2026-06-22","Train","STARWAYS INDUSTRIES- CHAKAN","PUNE","SITARGANJ","STARWAYS INDUSTRIES- CHAKAN","STARWAYS INDUSTRIES (SI)","23","0.00","0.00","Auto Parts ","Client","NA","SANJIT","1","0.00","0.00","0.00","0.00","0.00","0.00"
"204979","2026-06-22","Train","STARWAYS INDUSTRIES- CHAKAN","PUNE","SITARGANJ","STARWAYS INDUSTRIES- CHAKAN","STARWAYS INDUSTRIES (SI)","05","0.00","0.00","Auto Parts ","Client","NA","SANJIT","1","0.00","0.00","0.00","0.00","0.00","0.00"
"204980","2026-06-22","Road","U. S. AUTO CONTROLS PVT LTD ","PUNE","PANTNAGAR","U. S. AUTO CONTROLS PVT LTD ","METALFABTECH LLP","04","0.00","0.00","Auto Parts ","Client","NA","SANJIT","1","0.00","0.00","0.00","0.00","0.00","0.00"
"204981","2026-06-22","Road","U. S. AUTO CONTROLS PVT LTD ","PUNE","PANTNAGAR","U. S. AUTO CONTROLS PVT LTD ","HARIHARESHWAR AUOT TECH PRIVATE LIMITED","16","0.00","0.00","Auto Parts ","Client","NA","SANJIT","1","0.00","0.00","0.00","0.00","0.00","0.00"
"204982","2026-06-22","Air","U. S. AUTO CONTROLS PVT LTD ","PUNE","PANTNAGAR","U. S. AUTO CONTROLS PVT LTD ","HARIHARESHWAR AUOT TECH PRIVATE LIMITED","06","0.00","0.00","Auto Parts ","Client","NA","SANJIT","1","0.00","0.00","0.00","0.00","0.00","0.00"
"204983","2026-06-22","Air","NEUMANN COMPONENTS PVT LTD","FARIDABAD","ENNORE","NEUMANN COMPONENTS PVT LTD","ASHOK LEYLAND LTD","13","0.00","195.00","AUTO PARTS ","Client",,"Admin","1","0.00","0.00","0.00","0.00","0.00","0.00"
"204984","2026-06-22","Train","STARWAYS INDUSTRIES- CHAKAN","PUNE","SITARGANJ","STARWAYS INDUSTRIES- CHAKAN","STARWAYS INDUSTRIES (SI)","35","0.00","0.00","Auto Parts ","Client","NA","SANJIT","1","0.00","0.00","0.00","0.00","0.00","0.00"
"204985","2026-06-22","Air","STARWAYS PRECISIONS PVT. LTD. ","AURANGABAD","SITARGANJ","STARWAYS PRECISIONS PVT. LTD. ","STARWAYS INDUSTRIES (SI)","02","0.00","0.00","Auto Parts ","Client","NA","SUNIL","1","0.00","0.00","0.00","0.00","0.00","0.00"
"204986","2026-06-23","Road","SHREYA INDUSTRIES - PNQ","PUNE","PANTNAGAR","SHREYA INDUSTRIES - PNQ","SHREYA INDUSTRIES- PNT","20","0.00","20.00","Auto Parts ","Client","NA","SANJIT","1","0.00","0.00","0.00","0.00","0.00","0.00"
"204987","2026-06-23","Road","SHREYA INDUSTRIES - PNQ","PUNE","PANTNAGAR","SHREYA INDUSTRIES - PNQ","SHREYA INDUSTRIES- PNT","16","0.00","16.00","Auto Parts ","Client","NA","SANJIT","1","0.00","0.00","0.00","0.00","0.00","0.00"
"204988","2026-06-22","Air","REUTTER INNOVATIVE CLOSURE TECHNOLOGIES (P) LTD","CHENNAI","PUNE","REUTTER INNOVATIVE CLOSURE TECHNOLOGIES (P) LTD","VOSS AUTOMOTIVE INDIA PVT LTD ","01","0.00","50.00","Auto Parts ","Client","NA","SANJIT","1","0.00","0.00","0.00","0.00","0.00","0.00"
"204989","2026-06-23","Train","STARWAYS INDUSTRIES- CHAKAN","PUNE","SITARGANJ","STARWAYS INDUSTRIES- CHAKAN","STARWAYS INDUSTRIES (SI)","05","0.00","0.00","Auto Parts ","Client","NA","SANJIT","1","0.00","0.00","0.00","0.00","0.00","0.00"
"204990","2026-06-23","Air","STARWAYS INDUSTRIES- CHAKAN","PUNE","SITARGANJ","STARWAYS INDUSTRIES- CHAKAN","STARWAYS INDUSTRIES (SI)","08","0.00","0.00","Auto Parts ","Client","NA","SANJIT","1","0.00","0.00","0.00","0.00","0.00","0.00"
"204991","2026-06-23","Train","VENKATESH AUTOMOBILE PVT LTD","PUNE","PANTNAGAR","VENKATESH AUTOMOBILE PVT LTD","DANA ANAND INDIA PVT LTD","13","0.00","100.00","Auto Parts ","Client","NA","SANJIT","1","0.00","0.00","0.00","0.00","0.00","0.00"
"204992","2026-06-23","Road","SKY 4 PUNE","PANTNAGAR","PANTNAGAR","L & L PRODICTS INDIA PVT. LTD.","L & L PRODICTS INDIA PVT. LTD.","29","0.00","0.00","AUTO PART","Client",,"SUNIL","1","0.00","0.00","0.00","0.00","0.00","0.00"
"204993","2026-06-23","Train","HIMALAYAN AUTO ERA PVT LTD","PUNE","PANTNAGAR","VENKATESH AUTOMOBILE PVT LTD","HIMALAYAN AUTO ERA PVT LTD","127","0.00","1145.00","Auto Parts ","Client","NA","SANJIT","1","0.00","0.00","0.00","0.00","0.00","0.00"
"204994","2026-06-23","Train","HIMALAYAN AUTO ERA PVT LTD","PUNE","PANTNAGAR","VENKATESH AUTOMOBILE PVT LTD","HIMALAYAN AUTO ERA PVT LTD","02","0.00","325.00","Auto Parts ","Client","NA","SANJIT","1","0.00","0.00","0.00","0.00","0.00","0.00"
"204995","2026-06-23","Air","REUTTER INNOVATIVE CLOSURE TECHNOLOGIES (P) LTD","CHENNAI","PUNE","REUTTER INNOVATIVE CLOSURE TECHNOLOGIES (P) LTD","VOSS AUTOMOTIVE INDIA PVT LTD ","01","0.00","50.00","Auto Parts ","Client","NA","SANJIT","1","0.00","0.00","0.00","0.00","0.00","0.00"
"204996","2026-06-23","Train","STARWAYS INDUSTRIES- CHAKAN","PUNE","SITARGANJ","STARWAYS INDUSTRIES- CHAKAN","STARWAYS INDUSTRIES (SI)","35","0.00","0.00","Auto Parts ","Client","NA","SANJIT","1","0.00","0.00","0.00","0.00","0.00","0.00"
"204997","2026-06-23","Air","STARWAYS INDUSTRIES- CHAKAN","PUNE","SITARGANJ","STARWAYS INDUSTRIES- CHAKAN","STARWAYS INDUSTRIES (SI)","05","0.00","0.00","Auto Parts ","Client","NA","SANJIT","1","0.00","0.00","0.00","0.00","0.00","0.00"
"204998","2026-06-24","Road","SKY 4 PUNE","PANTNAGAR","PANTNAGAR","L & L PRODICTS INDIA PVT. LTD.","L & L PRODICTS INDIA PVT. LTD.","23","0.00","0.00","AUTO PART","Client",,"SUNIL","1","0.00","0.00","0.00","0.00","0.00","0.00"
"204999","2026-06-24","Train","VENKATESH AUTOMOBILE PVT LTD","PUNE","PANTNAGAR","VENKATESH AUTOMOBILE PVT LTD","HIMALAYAN AUTO ERA PVT LTD","01","0.00","100.00","Auto Parts ","Client","NA","SANJIT","1","0.00","0.00","0.00","0.00","0.00","0.00"
"205000","2026-06-24","Air","STARWAYS PRECISIONS PVT. LTD. ","PUNE","SITARGANJ","STARWAYS PRECISIONS PVT. LTD. ","STARWAYS INDUSTRIES (SI)","03","0.00","0.00","Auto Parts ","Client","NA","SANJIT","1","0.00","0.00","0.00","0.00","0.00","0.00"
"205001","2026-06-24","Air","U. S. AUTO CONTROLS PVT LTD ","PUNE","PANTNAGAR","U. S. AUTO CONTROLS PVT LTD ","BELRISE INDUSTRIES LTD UNIT -IX","05","0.00","0.00","Auto Parts ","Client","NA","SANJIT","1","0.00","0.00","0.00","0.00","0.00","0.00"
"205002","2026-06-24","Air","STARWAYS PRECISIONS PVT. LTD. ","AURANGABAD","SITARGANJ","STARWAYS PRECISIONS PVT. LTD. ","STARWAYS INDUSTRIES (SI)","03","0.00","0.00","Auto Parts ","Client","NA","SUNIL","1","0.00","0.00","0.00","0.00","0.00","0.00"
"205003","2026-06-24","Train","STARWAYS INDUSTRIES- CHAKAN","PUNE","SITARGANJ","STARWAYS INDUSTRIES- CHAKAN","STARWAYS INDUSTRIES (SI)","35","0.00","0.00","Auto Parts ","Client","NA","SANJIT","1","0.00","0.00","0.00","0.00","0.00","0.00"
"205004","2026-06-24","Air","REUTTER INNOVATIVE CLOSURE TECHNOLOGIES (P) LTD","CHENNAI","PUNE","REUTTER INNOVATIVE CLOSURE TECHNOLOGIES (P) LTD","VOSS AUTOMOTIVE INDIA PVT LTD ","01","0.00","50.00","Auto Parts ","Client","NA","SANJIT","1","0.00","0.00","0.00","0.00","0.00","0.00"
"205005","2026-06-24","Air","REUTTER INNOVATIVE CLOSURE TECHNOLOGIES (P) LTD","CHENNAI","PUNE","REUTTER INNOVATIVE CLOSURE TECHNOLOGIES (P) LTD","DALI SAMIR ENGG.PVT LTD-PUNE","04","0.00","60.00","Auto Parts ","Client","NA","SANJIT","1","0.00","0.00","0.00","0.00","0.00","0.00"
"205006","2026-06-25","Road","U. S. AUTO CONTROLS PVT LTD ","PUNE","PANTNAGAR","U. S. AUTO CONTROLS PVT LTD ","HARIHARESHWAR AUOT TECH PRIVATE LIMITED","18","0.00","0.00","Auto Parts ","Client","NA","SANJIT","1","0.00","0.00","0.00","0.00","0.00","0.00"
"205007","2026-06-25","Train","STARWAYS PRECISIONS PVT. LTD. ","PUNE","SITARGANJ","STARWAYS PRECISIONS PVT. LTD. ","STARWAYS INDUSTRIES (SI)","03","0.00","0.00","Auto Parts ","Client","NA","SANJIT","1","0.00","0.00","0.00","0.00","0.00","0.00"
"205008","2026-06-25","Air","REUTTER INNOVATIVE CLOSURE TECHNOLOGIES (P) LTD","CHENNAI","PUNE","REUTTER INNOVATIVE CLOSURE TECHNOLOGIES (P) LTD","VOSS AUTOMOTIVE INDIA PVT LTD ","01","0.00","50.00","Auto Parts ","Client","NA","SANJIT","1","0.00","0.00","0.00","0.00","0.00","0.00"
"205009","2026-06-26","Air","REUTTER INNOVATIVE CLOSURE TECHNOLOGIES (P) LTD","CHENNAI","PUNE","REUTTER INNOVATIVE CLOSURE TECHNOLOGIES (P) LTD","VOSS AUTOMOTIVE INDIA PVT LTD ","01","0.00","50.00","Auto parts ","Client","NA","SANJIT","1","0.00","0.00","0.00","0.00","0.00","0.00"
"205010","2026-06-26","Train","STARWAYS INDUSTRIES- CHAKAN","PUNE","SITARGANJ","STARWAYS INDUSTRIES- CHAKAN","STARWAYS INDUSTRIES (SI)","35","0.00","0.00","Auto Parts ","Client","NA ","SANJIT","1","0.00","0.00","0.00","0.00","0.00","0.00"
"205011","2026-06-27","Road","SKY 4 PUNE","DELHI-AIRPORT","PANTNAGAR","L & L PRODICTS INDIA PVT. LTD.","L & L PRODICTS INDIA PVT. LTD.","01","0.00","0.00","AUTO PART","Client",,"SUNIL","1","0.00","0.00","0.00","0.00","0.00","0.00"
"205012","2026-06-27","Train","BELRISE INDUSTRIES LTD,UNIT-7E","PUNE","PANTNAGAR","KAPSE INDUSTRIES","BELRISE INDUSTRIES LTD,UNIT-7E","30","0.00","0.00","Auto Parts ","Client","NA","Admin","1","0.00","0.00","0.00","0.00","0.00","0.00"
"205013","2026-06-27","Train","STARWAYS INDUSTRIES- CHAKAN","PUNE","SITARGANJ","STARWAYS INDUSTRIES- CHAKAN","STARWAYS INDUSTRIES (SI)","05","0.00","0.00","Auto Parts ","Client","NA","SANJIT","1","0.00","0.00","0.00","0.00","0.00","0.00"
"205014","2026-06-27","Air","STARWAYS INDUSTRIES- CHAKAN","PUNE","SITARGANJ","STARWAYS INDUSTRIES- CHAKAN","STARWAYS INDUSTRIES (SI)","06","0.00","0.00","Auto ","Client","NA","SANJIT","1","0.00","0.00","0.00","0.00","0.00","0.00"
"205015","2026-06-27","Train","DALI SAMIR ENGG.PVT LTD-PUNE","PUNE","PANTNAGAR","SHREE AUTOANCILLIARY PRIVATE LIMITED ","DALI SAMIR ENGG PVT LTD- PTN","20","0.00","500.00","Auto Parts ","Client","NA","SANJIT","1","0.00","0.00","0.00","0.00","0.00","0.00"
"205016","2026-06-27","Train","DALI SAMIR ENGG.PVT LTD-PUNE","PANTNAGAR","PUNE","DALI SAMIR ENGG PVT LTD- PTN","DALI SAMIR ENGG.PVT LTD-PUNE","03","0.00","100.00","AUTO PART","Client",,"SUNIL","1","0.00","0.00","0.00","0.00","0.00","0.00"
"205017","2026-06-27","Road","U. S. AUTO CONTROLS PVT LTD ","PUNE","PANTNAGAR","U. S. AUTO CONTROLS PVT LTD ","METALFABTECH LLP","04","0.00","0.00","Auto Parts ","Client","NA","SANJIT","1","0.00","0.00","0.00","0.00","0.00","0.00"
"205018","2026-06-27","Road","U. S. AUTO CONTROLS PVT LTD ","PUNE","PANTNAGAR","U. S. AUTO CONTROLS PVT LTD ","HARIHARESHWAR AUOT TECH PRIVATE LIMITED","06","0.00","0.00","Auto Parts ","Client","NA","SANJIT","1","0.00","0.00","0.00","0.00","0.00","0.00"
"205019","2026-06-27","Air","STARWAYS PRECISIONS PVT. LTD. ","PUNE","SITARGANJ","STARWAYS PRECISIONS PVT. LTD. ","STARWAYS INDUSTRIES (SI)","02","0.00","0.00","Auto Parts ","Client","NA","Admin","1","0.00","0.00","0.00","0.00","0.00","0.00"
"205020","2026-06-27","Air","PANORAMA AUTOMOTIVE IND. PVT. LTD.","PUNE","PANTNAGAR","SHREE KAPUR INDUSTRIES ","PANORAMA AUTOMOTIVE IND. PVT. LTD.","02","0.00","50.00","Auto Parts ","Client","NA","SANJIT","1","0.00","0.00","0.00","0.00","0.00","0.00"
"205021","2026-06-27","Train","STARWAYS INDUSTRIES- CHAKAN","PUNE","SITARGANJ","STARWAYS INDUSTRIES- CHAKAN","STARWAYS INDUSTRIES (SI)","35","0.00","0.00","Auto Parts ","Client","NA","SANJIT","1","0.00","0.00","0.00","0.00","0.00","0.00"
"205022","2026-06-26","Air","STARWAYS PRECISIONS PVT. LTD. ","AURANGABAD","SITARGANJ","STARWAYS PRECISIONS PVT. LTD. ","STARWAYS INDUSTRIES (SI)","2","0.00","0.00","AUTO PARTS ","Client",,"Admin","1","0.00","0.00","0.00","0.00","0.00","0.00"
"205023","2026-06-28","Air","REUTTER INNOVATIVE CLOSURE TECHNOLOGIES (P) LTD","CHENNAI","PUNE","REUTTER INNOVATIVE CLOSURE TECHNOLOGIES (P) LTD","VOSS AUTOMOTIVE INDIA PVT LTD ","01","0.00","50.00","Auto Parts ","Client","NA","SANJIT","1","0.00","0.00","0.00","0.00","0.00","0.00"
"205024","2026-06-28","Train","STARWAYS INDUSTRIES- CHAKAN","PUNE","SITARGANJ","STARWAYS INDUSTRIES- CHAKAN","STARWAYS INDUSTRIES (SI)","35","0.00","0.00","Auto Parts ","Client","NA","SANJIT","1","0.00","0.00","0.00","0.00","0.00","0.00"
"205025","2026-06-29","Road","SHREYA INDUSTRIES - PNQ","PUNE","PANTNAGAR","SHREYA INDUSTRIES - PNQ","SHREYA INDUSTRIES- PNT","20","0.00","20.00","Auto Parts ","Client","NA","SANJIT","1","0.00","0.00","0.00","0.00","0.00","0.00"
"205026","2026-06-29","Road","SHREYA INDUSTRIES - PNQ","PUNE","PANTNAGAR","SHREYA INDUSTRIES - PNQ","SHREYA INDUSTRIES- PNT","16","0.00","16.00","Auto Parts ","Client","NA","SANJIT","1","0.00","0.00","0.00","0.00","0.00","0.00"
"205027","2026-06-29","Road","SKY 4 PUNE","DELHI-AIRPORT","PANTNAGAR","L & L PRODICTS INDIA PVT. LTD.","L & L PRODICTS INDIA PVT. LTD.","1","0.00","0.00","AUTO PART","Client",,"SUNIL","1","0.00","0.00","0.00","0.00","0.00","0.00"
"205028","2026-06-29","Road","SKY 4 PUNE","DELHI-STATION","PANTNAGAR","SKS FASTENERS LTD.","DANA ANAND INDIA PVT LTD","10","0.00","0.00","AUTO PART","Client",,"SUNIL","1","0.00","0.00","0.00","0.00","0.00","0.00"
"205029","2026-06-29","Air","STARWAYS INDUSTRIES- CHAKAN","PUNE","SITARGANJ","STARWAYS INDUSTRIES- CHAKAN","STARWAYS INDUSTRIES (SI)","01","0.00","0.00","Auto Parts ","Client","NA","SANJIT","1","0.00","0.00","0.00","0.00","0.00","0.00"
"205030","2026-06-29","Air","STARWAYS PRECISIONS PVT. LTD. ","PUNE","SITARGANJ","STARWAYS PRECISIONS PVT. LTD. ","STARWAYS INDUSTRIES (SI)","01","0.00","0.00","Auto Parts ","Client","NA","SANJIT","1","0.00","0.00","0.00","0.00","0.00","0.00"
"205031","2026-06-29","Air","U. S. AUTO CONTROLS PVT LTD ","PUNE","PANTNAGAR","U. S. AUTO CONTROLS PVT LTD ","HARIHARESHWAR AUOT TECH PRIVATE LIMITED","11","0.00","0.00","Auto Parts ","Client","NA","SANJIT","1","0.00","0.00","0.00","0.00","0.00","0.00"
"205032","2026-06-29","Air","REUTTER INNOVATIVE CLOSURE TECHNOLOGIES (P) LTD","CHENNAI","PUNE","REUTTER INNOVATIVE CLOSURE TECHNOLOGIES (P) LTD","VOSS AUTOMOTIVE INDIA PVT LTD ","01","0.00","50.00","Auto Parts ","Client","NA","SANJIT","1","0.00","0.00","0.00","0.00","0.00","0.00"
"205033","2026-06-29","Train","STARWAYS INDUSTRIES- CHAKAN","PUNE","SITARGANJ","STARWAYS INDUSTRIES- CHAKAN","STARWAYS INDUSTRIES (SI)","25","0.00","0.00","Auto Parts ","Client","NA","SANJIT","1","0.00","0.00","0.00","0.00","0.00","0.00"
"205034","2026-06-24","Road","M/S SIDDHARTH  ALLOYS","KICHHA","DELHI-AIRPORT","M/S SIDDHARTH  ALLOYS","M/S SIDDHARTH  ALLOYS","1PILLET","0.00","142.00","AUTO PARTS","Client",,"Admin","1","0.00","0.00","0.00","0.00","0.00","0.00"
"205035","2026-06-30","Road","SKY 4 PUNE","DELHI-AIRPORT","PANTNAGAR","L & L PRODICTS INDIA PVT. LTD.","L & L PRODICTS INDIA PVT. LTD.","21","0.00","0.00","AUTO PART","Client",,"SUNIL","1","0.00","0.00","0.00","0.00","0.00","0.00"
"205036","2026-06-30","Air","STARWAYS PRECISIONS PVT. LTD. ","PUNE","SITARGANJ","STARWAYS PRECISIONS PVT. LTD. ","STARWAYS INDUSTRIES (SI)","01","0.00","0.00","Auto Parts ","Client","NA","SANJIT","1","0.00","0.00","0.00","0.00","0.00","0.00"
"205037","2026-06-30","Air","STARWAYS INDUSTRIES- CHAKAN","PUNE","SITARGANJ","RUPKANT INDUSTRIES ","STARWAYS INDUSTRIES (SI)","01","0.00","0.00","Auto Parts ","Client","NA","Admin","1","0.00","0.00","0.00","0.00","0.00","0.00"
"205038","2026-06-30","Train","STARWAYS INDUSTRIES- CHAKAN","PUNE","SITARGANJ","STARWAYS INDUSTRIES- CHAKAN","STARWAYS INDUSTRIES (SI)","35","0.00","0.00","Auto Parts ","Client","NA","SANJIT","1","0.00","0.00","0.00","0.00","0.00","0.00"
"205039","2026-06-30","Air","STARWAYS PRECISIONS PVT. LTD. ","AURANGABAD","SITARGANJ","STARWAYS PRECISIONS PVT. LTD. ","STARWAYS INDUSTRIES (SI)","02","0.00","0.00","Auto Parts ","Client","NA","SANJIT","1","0.00","0.00","0.00","0.00","0.00","0.00"
"205040","2026-06-30","Road","U. S. AUTO CONTROLS PVT LTD ","PUNE","PANTNAGAR","U. S. AUTO CONTROLS PVT LTD ","HARIHARESHWAR AUOT TECH PRIVATE LIMITED","10","0.00","0.00","Auto Parts ","Client","NA","SANJIT","1","0.00","0.00","0.00","0.00","0.00","0.00"
"205041","2026-06-30","Road","SKY 4 PUNE","DELHI-STATION","PANTNAGAR","L & L PRODICTS INDIA PVT. LTD.","L & L PRODICTS INDIA PVT. LTD.","05","0.00","0.00","AUTO PART","Client",,"SUNIL","1","0.00","0.00","0.00","0.00","0.00","0.00"
"205042","2026-06-30","Road","SKY 4 PUNE","PANTNAGAR","PANTNAGAR","L & L PRODICTS INDIA PVT. LTD.","L & L PRODICTS INDIA PVT. LTD.","54","0.00","0.00","AUTO PART","Client",,"SUNIL","1","0.00","0.00","0.00","0.00","0.00","0.00"
"205043","2026-06-30","Road","SKY 4 PUNE","PANTNAGAR","PANTNAGAR","L & L PRODICTS INDIA PVT. LTD.","L & L PRODICTS INDIA PVT. LTD.","47","0.00","0.00","AUTO PART","Client",,"SUNIL","1","0.00","0.00","0.00","0.00","0.00","0.00"
"205044","2026-06-30","Road","SKY 4 PUNE","PANTNAGAR","PANTNAGAR","L & L PRODICTS INDIA PVT. LTD.","L & L PRODICTS INDIA PVT. LTD.","87","0.00","0.00","AUTO PART","Client",,"SUNIL","1","0.00","0.00","0.00","0.00","0.00","0.00"
"205045","2026-07-01","Train","PANORAMA AUTOMOTIVE IND. PVT. LTD.","PUNE","PANTNAGAR","RK INDUSTRIES ","PANORAMA AUTOMOTIVE IND. PVT. LTD.","03","0.00","0.00","Auto Parts ","Client","NA","SANJIT","1","0.00","0.00","0.00","0.00","0.00","0.00"
"205046","2026-07-01","Air","REUTTER INNOVATIVE CLOSURE TECHNOLOGIES (P) LTD","CHENNAI","PUNE","REUTTER INNOVATIVE CLOSURE TECHNOLOGIES (P) LTD","VOSS AUTOMOTIVE INDIA PVT LTD ","02","0.00","0.00","Auto Parts ","Client","NA","SANJIT","1","0.00","0.00","0.00","0.00","0.00","0.00"
"205047","2026-07-01","Train","STARWAYS PRECISIONS PVT. LTD. ","PUNE","SITARGANJ","STARWAYS PRECISIONS PVT. LTD. ","STARWAYS INDUSTRIES (SI)","03","0.00","0.00","Auto Parts ","Client","NA","SANJIT","1","0.00","0.00","0.00","0.00","0.00","0.00"
"205048","2026-07-01","Train","STARWAYS INDUSTRIES- CHAKAN","PUNE","SITARGANJ","STARWAYS INDUSTRIES- CHAKAN","STARWAYS INDUSTRIES (SI)","35","0.00","0.00","Auto Parts ","Client","NA","SANJIT","1","0.00","0.00","0.00","0.00","0.00","0.00"
"205049","2026-06-17","Road","CJ DARCL LOGISTICS LIMITED","PANTNAGAR","DELHI","LUMAX AUTO TECHNOLOGIES LTD.","LUMAX AUTO TECHNOLOGIES LTD.","2","0.00","0.00","AUTO PARTS","Client",,"Admin","1","0.00","0.00","0.00","0.00","0.00","0.00"
"205050","2026-07-02","Road","SHREYA INDUSTRIES - PNQ","PUNE","PANTNAGAR","SHREYA INDUSTRIES - PNQ","SHREYA INDUSTRIES- PNT","20","0.00","0.00","Auto Parts ","Client","NA","SANJIT","1","0.00","0.00","0.00","0.00","0.00","0.00"
"205051","2026-07-02","Road","SHREYA INDUSTRIES - PNQ","PUNE","PANTNAGAR","SHREYA INDUSTRIES - PNQ","SHREYA INDUSTRIES- PNT","16","0.00","0.00","Auto Parts ","Client","NA","SANJIT","1","0.00","0.00","0.00","0.00","0.00","0.00"
"205052","2026-07-01","Train","DALI SAMIR ENGG.PVT LTD-PUNE","PUNE","PANTNAGAR","SANSA AUTO ENGINEERING COMPANY - PUNE","DALI SAMIR ENGG PVT LTD- PTN","05","0.00","0.00","Auto Parts ","Client","NA","SANJIT","1","0.00","0.00","0.00","0.00","0.00","0.00"
"205053","2026-07-02","Road","SKY 4 PUNE","PANTNAGAR","PANTNAGAR","L & L PRODICTS INDIA PVT. LTD.","L & L PRODICTS INDIA PVT. LTD.","06","0.00","0.00","AUTO PART","Client",,"Admin","1","0.00","0.00","0.00","0.00","0.00","0.00"
"205054","2026-07-02","Air","STARWAYS PRECISIONS PVT. LTD. ","PUNE","SITARGANJ","STARWAYS PRECISIONS PVT. LTD. ","STARWAYS INDUSTRIES (SI)","02","0.00","0.00","Auto Parts ","Client","NA","SANJIT","1","0.00","0.00","0.00","0.00","0.00","0.00"
"205055","2026-07-02","Road Express","HIMALAYAN AUTO ERA PVT LTD","PUNE","PANTNAGAR","FRACTMET ENGINEERING LLP","HIMALAYAN AUTO ERA PVT LTD","11","0.00","0.00","Auto Parts ","Client","NA","SANJIT","1","0.00","0.00","0.00","0.00","0.00","0.00"
"205056","2026-07-02","Road","U. S. AUTO CONTROLS PVT LTD ","PUNE","PANTNAGAR","U. S. AUTO CONTROLS PVT LTD ","METALFABTECH LLP","06","0.00","0.00","Auto Parts ","Client","NA","Admin","1","0.00","0.00","0.00","0.00","0.00","0.00"
"205057","2026-07-02","Air","U. S. AUTO CONTROLS PVT LTD ","PUNE","PANTNAGAR","U. S. AUTO CONTROLS PVT LTD ","HARIHARESHWAR AUOT TECH PRIVATE LIMITED","05","0.00","0.00","Auto Parts ","Client","NA","SANJIT","1","0.00","0.00","0.00","0.00","0.00","0.00"
"205058","2026-07-02","Air","REUTTER INNOVATIVE CLOSURE TECHNOLOGIES (P) LTD","CHENNAI","PUNE","REUTTER INNOVATIVE CLOSURE TECHNOLOGIES (P) LTD","VOSS AUTOMOTIVE INDIA PVT LTD ","01","0.00","0.00","Auto Parts ","Client","NA","SANJIT","1","0.00","0.00","0.00","0.00","0.00","0.00"
"205059","2026-07-03","Train","STARWAYS INDUSTRIES- CHAKAN","PUNE","SITARGANJ","STARWAYS INDUSTRIES- CHAKAN","STARWAYS INDUSTRIES (SI)","48","0.00","0.00","Auto Parts ","Client","NA","SANJIT","1","0.00","0.00","0.00","0.00","0.00","0.00"
"205060","2026-07-03","Road","SKY 4 PUNE","PANTNAGAR","PANTNAGAR","L & L PRODICTS INDIA PVT. LTD.","L & L PRODICTS INDIA PVT. LTD.","14","0.00","0.00","AUTO PART","Client",,"SUNIL","1","0.00","0.00","0.00","0.00","0.00","0.00"
"205061","2026-07-03","Train","HIMALAYAN AUTO ERA PVT LTD","PUNE","PANTNAGAR","ATHARVA FOUNDRIES PVT. LTD.","HIMALAYAN AUTO ERA PVT LTD","126","0.00","0.00","Auto Parts ","Client","NA","SANJIT","1","0.00","0.00","0.00","0.00","0.00","0.00"
"205062","2026-07-03","Train","HIMALAYAN AUTO ERA PVT LTD","PUNE","PANTNAGAR","VENKATESH AUTOMOBILE PVT LTD","HIMALAYAN AUTO ERA PVT LTD","200","0.00","0.00","Auto Parts ","Client","NA","SANJIT","1","0.00","0.00","0.00","0.00","0.00","0.00"
"205063","2026-07-03","Air","STARWAYS PRECISIONS PVT. LTD. ","PUNE","SITARGANJ","STARWAYS PRECISIONS PVT. LTD. ","STARWAYS INDUSTRIES (SI)","02","0.00","0.00","Auto Parts ","Client","NA","SANJIT","1","0.00","0.00","0.00","0.00","0.00","0.00"
"205064","2026-07-03","Train","STARWAYS INDUSTRIES- CHAKAN","PUNE","SITARGANJ","STARWAYS INDUSTRIES- CHAKAN","STARWAYS INDUSTRIES (SI)","35","0.00","0.00","Auto Parts ","Client","NA","SANJIT","1","0.00","0.00","0.00","0.00","0.00","0.00"
"205065","2026-07-04","Road","U. S. AUTO CONTROLS PVT LTD ","PUNE","PANTNAGAR","U. S. AUTO CONTROLS PVT LTD ","HARIHARESHWAR AUOT TECH PRIVATE LIMITED","07","0.00","0.00","Auto Parts ","Client","NA","SANJIT","1","0.00","0.00","0.00","0.00","0.00","0.00"
"205066","2026-07-04","Air","STARWAYS INDUSTRIES- CHAKAN","PUNE","SITARGANJ","STARWAYS INDUSTRIES- CHAKAN","STARWAYS INDUSTRIES (SI)","01","0.00","0.00","Auto Parts ","Client","NA","SANJIT","1","0.00","0.00","0.00","0.00","0.00","0.00"
"205067","2026-07-04","Air","REUTTER INNOVATIVE CLOSURE TECHNOLOGIES (P) LTD","CHENNAI","PUNE","REUTTER INNOVATIVE CLOSURE TECHNOLOGIES (P) LTD","VOSS AUTOMOTIVE INDIA PVT LTD ","01","0.00","0.00","Auto Parts ","Client","NA","SANJIT","1","0.00","0.00","0.00","0.00","0.00","0.00"
"205068","2026-07-04","Air","U. S. AUTO CONTROLS PVT LTD ","PUNE","PANTNAGAR","U. S. AUTO CONTROLS PVT LTD ","HARIHARESHWAR AUOT TECH PRIVATE LIMITED","04","0.00","0.00","Auto Parts ","Client","NA","SANJIT","1","0.00","0.00","0.00","0.00","0.00","0.00"
"205069","2026-07-04","Train","STARWAYS INDUSTRIES- CHAKAN","PUNE","SITARGANJ","STARWAYS INDUSTRIES- CHAKAN","STARWAYS INDUSTRIES (SI)","35","0.00","0.00","Auto Parts ","Client","NA","SANJIT","1","0.00","0.00","0.00","0.00","0.00","0.00"
"205070","2026-07-05","Air","U. S. AUTO CONTROLS PVT LTD ","PUNE","PANTNAGAR","U. S. AUTO CONTROLS PVT LTD ","HARIHARESHWAR AUOT TECH PRIVATE LIMITED","07","0.00","0.00","Auto Parts ","Client","NA","SANJIT","1","0.00","0.00","0.00","0.00","0.00","0.00"
"205071","2026-07-05","Train","STARWAYS INDUSTRIES- CHAKAN","PUNE","SITARGANJ","STARWAYS INDUSTRIES- CHAKAN","STARWAYS INDUSTRIES (SI)","35","0.00","0.00","Auto Parts ","Client","NA","SANJIT","1","0.00","0.00","0.00","0.00","0.00","0.00"
"205072","2026-07-06","Road","SHREYA INDUSTRIES - PNQ","PUNE","PANTNAGAR","SHREYA INDUSTRIES - PNQ","SHREYA INDUSTRIES- PNT","20","0.00","0.00","Auto Parts ","Client","NA","SANJIT","1","0.00","0.00","0.00","0.00","0.00","0.00"
"205073","2026-07-06","Road","SHREYA INDUSTRIES - PNQ","PUNE","PANTNAGAR","SHREYA INDUSTRIES - PNQ","SHREYA INDUSTRIES- PNT","16","0.00","0.00","Auto Parts ","Client","NA","SANJIT","1","0.00","0.00","0.00","0.00","0.00","0.00"
"205074","2026-07-06","Air","STARWAYS PRECISIONS PVT. LTD. ","PUNE","SITARGANJ","STARWAYS PRECISIONS PVT. LTD. ","STARWAYS INDUSTRIES (SI)","01","0.00","0.00","Auto Parts ","Client","NA","SANJIT","1","0.00","0.00","0.00","0.00","0.00","0.00"
"205075","2026-07-06","Train","STARWAYS INDUSTRIES- CHAKAN","PUNE","SITARGANJ","STARWAYS INDUSTRIES- CHAKAN","STARWAYS INDUSTRIES (SI)","07","0.00","0.00","Auto Parts ","Client","NA","SANJIT","1","0.00","0.00","0.00","0.00","0.00","0.00"
"205076","2026-07-06","Train","DALI SAMIR ENGG.PVT LTD-PUNE","PUNE","PANTNAGAR","S S INDUSTRIES ","DALI SAMIR ENGG PVT LTD- PTN","16","0.00","0.00","Auto Parts ","Client","NA","SANJIT","1","0.00","0.00","0.00","0.00","0.00","0.00"
"205077","2026-07-06","Road","SKY 4 PUNE","DELHI-AIRPORT","PANTNAGAR","SKS FASTENERS LTD.","DANA ANAND INDIA PVT LTD","13","0.00","0.00","Auto parts ","Client",,"Admin","1","0.00","0.00","0.00","0.00","0.00","0.00"
"205078","2026-07-04","Road","SKY 4 PUNE","DELHI-STATION","PANTNAGAR","SKS FASTENERS LTD.","DANA ANAND INDIA PVT LTD","9","0.00","0.00","Auto parts ","Client",,"Admin","1","0.00","0.00","0.00","0.00","0.00","0.00"
"205079","2026-07-06","Air","DALI SAMIR ENGG.PVT LTD-PUNE","PUNE","PANTNAGAR","SANSA AUTO ENGINEERING COMPANY - PUNE","DALI SAMIR ENGG PVT LTD- PTN","03","0.00","0.00","Auto Parts ","Client","NA","SANJIT","1","0.00","0.00","0.00","0.00","0.00","0.00"
"205080","2026-07-06","Air","U. S. AUTO CONTROLS PVT LTD ","PUNE","PANTNAGAR","U. S. AUTO CONTROLS PVT LTD ","HARIHARESHWAR AUOT TECH PRIVATE LIMITED","04","0.00","0.00","Auto Parts ","Client","NA","SANJIT","1","0.00","0.00","0.00","0.00","0.00","0.00"
"205081","2026-07-06","Train","STARWAYS INDUSTRIES- CHAKAN","PUNE","SITARGANJ","STARWAYS INDUSTRIES- CHAKAN","STARWAYS INDUSTRIES (SI)","20","0.00","0.00","Auto Parts ","Client","NA","SANJIT","1","0.00","0.00","0.00","0.00","0.00","0.00"
"205082","2026-07-06","Train","DALI SAMIR ENGG.PVT LTD-PUNE","PUNE","PANTNAGAR","SANSA AUTO ENGINEERING COMPANY - PUNE","DALI SAMIR ENGG PVT LTD- PTN","11","0.00","0.00","Auto Parts ","Client","NA","SANJIT","1","0.00","0.00","0.00","0.00","0.00","0.00"
"205083","2026-07-07","Road","SKY 4 PUNE","DELHI-AIRPORT","PANTNAGAR","SKS FASTENERS LTD.","DANA ANAND INDIA PVT LTD","13","0.00","0.00","Auto parts ","Client",,"Admin","1","0.00","0.00","0.00","0.00","0.00","0.00"
"205084","2026-07-06","Road","U. S. AUTO CONTROLS PVT LTD ","PANTNAGAR","PUNE","HARIHARESHWAR AUTO TECH PRIVATE LIMITED","U. S. AUTO CONTROLS PVT LTD ","8","0.00","0.00","AUTO PARTS ","Client",,"Admin","1","0.00","0.00","0.00","0.00","0.00","0.00"
"205085","2026-07-07","Air","STARWAYS INDUSTRIES- CHAKAN","PUNE","SITARGANJ","RK INDUSTRIES ","STARWAYS INDUSTRIES (SI)","01","0.00","0.00","Auto Parts ","Client","NA","Admin","1","0.00","0.00","0.00","0.00","0.00","0.00"
"205086","2026-07-07","Air","HIMALAYAN AUTO ERA PVT LTD","PUNE","PANTNAGAR","SHREE ENGINEERING WORKS ","HIMALAYAN AUTO ERA PVT LTD","02","0.00","0.00","Auto Parts ","Client","NA","SANJIT","1","0.00","0.00","0.00","0.00","0.00","0.00"
"205087","2026-07-07","Road","U. S. AUTO CONTROLS PVT LTD ","PANTNAGAR","PUNE","HARIHARESHWAR AUTO TECH PRIVATE LIMITED","U. S. AUTO CONTROLS PVT LTD ","10 BAGS","0.00","246.00","AUTO PART","Client",,"SUNIL","1","0.00","0.00","0.00","0.00","0.00","0.00"
"205088","2026-07-07","Road","SKY 4 PUNE","PANTNAGAR","PANTNAGAR","L & L PRODICTS INDIA PVT. LTD.","L & L PRODICTS INDIA PVT. LTD.","32","0.00","0.00","AUTO PARTS ","Client",,"Admin","1","0.00","0.00","0.00","0.00","0.00","0.00"
"205089","2026-07-07","Air","BELRISE INDUSTRIES LTD UNIT -IX","PUNE","PANTNAGAR","A1 ENGINEERS ","BELRISE INDUSTRIES LTD UNIT -IX","01","0.00","0.00","Auto Parts ","Client","NA","SANJIT","1","0.00","0.00","0.00","0.00","0.00","0.00"
"205090","2026-07-07","Air","BELRISE INDUSTRIES LTD UNIT -IX","PUNE","PANTNAGAR","KUDALE ENGINEERING PVT. LTD.","BELRISE INDUSTRIES LTD UNIT -IX","01","0.00","0.00","Auto Parts ","Client","NA","SANJIT","1","0.00","0.00","0.00","0.00","0.00","0.00"
"205091","2026-07-07","Train","DALI SAMIR ENGG.PVT LTD-PUNE","PUNE","PANTNAGAR","SANSA AUTO ENGINEERING COMPANY - PUNE","DALI SAMIR ENGG PVT LTD- PTN","06","0.00","0.00","Auto Parts ","Client","NA","SANJIT","1","0.00","0.00","0.00","0.00","0.00","0.00"
"205092","2026-07-08","Air","PANORAMA AUTOMOTIVE IND. PVT. LTD.","PUNE","PANTNAGAR","SHREE KAPUR INDUSTRIES ","PANORAMA AUTOMOTIVE IND. PVT. LTD.","02","0.00","0.00","Auto Parts ","Client","NA","SANJIT","1","0.00","0.00","0.00","0.00","0.00","0.00"
"205093","2026-07-08","Road","U. S. AUTO CONTROLS PVT LTD ","PUNE","PANTNAGAR","U. S. AUTO CONTROLS PVT LTD ","METALFABTECH LLP","06","0.00","0.00","Auto Parts ","Client","NA","SANJIT","1","0.00","0.00","0.00","0.00","0.00","0.00"
"205094","2026-07-08","Train","HIMALAYAN AUTO ERA PVT LTD","PUNE","PANTNAGAR","VENKATESH AUTOMOBILE PVT LTD","HIMALAYAN AUTO ERA PVT LTD","237","0.00","0.00","Auto Parts ","Client","NA","SANJIT","1","0.00","0.00","0.00","0.00","0.00","0.00"
"205095","2026-07-08","Air","STARWAYS PRECISIONS PVT. LTD. ","PUNE","SITARGANJ","STARWAYS PRECISIONS PVT. LTD. ","STARWAYS INDUSTRIES (SI)","01","0.00","0.00","Auto Parts ","Client","NA","SANJIT","1","0.00","0.00","0.00","0.00","0.00","0.00"
"205096","2026-07-08","Train","STARWAYS INDUSTRIES- CHAKAN","PUNE","SITARGANJ","STARWAYS INDUSTRIES- CHAKAN","STARWAYS INDUSTRIES (SI)","10","0.00","0.00","Auto Parts ","Client","NA","SANJIT","1","0.00","0.00","0.00","0.00","0.00","0.00"
"205097","2026-07-08","Train","DALI SAMIR ENGG.PVT LTD-PUNE","PUNE","PANTNAGAR","SANSA AUTO ENGINEERING COMPANY - PUNE","DALI SAMIR ENGG PVT LTD- PTN","10","0.00","0.00","Auto Parts ","Client","NA","SANJIT","1","0.00","0.00","0.00","0.00","0.00","0.00"
"205098","2026-07-08","Air","REUTTER INNOVATIVE CLOSURE TECHNOLOGIES (P) LTD","CHENNAI","PUNE","REUTTER INNOVATIVE CLOSURE TECHNOLOGIES (P) LTD","VOSS AUTOMOTIVE INDIA PVT LTD ","01","0.00","0.00","Auto Parts ","Client","NA","SANJIT","1","0.00","0.00","0.00","0.00","0.00","0.00"
"205099","2026-07-08","Train","STARWAYS INDUSTRIES- CHAKAN","PUNE","SITARGANJ","STARWAYS INDUSTRIES- CHAKAN","STARWAYS INDUSTRIES (SI)","35","0.00","0.00","Auto Parts ","Client","NA","SANJIT","1","0.00","0.00","0.00","0.00","0.00","0.00"
"205100","2026-07-09","Air","REUTTER INNOVATIVE CLOSURE TECHNOLOGIES (P) LTD","CHENNAI","PUNE","REUTTER INNOVATIVE CLOSURE TECHNOLOGIES (P) LTD","VOSS AUTOMOTIVE INDIA PVT LTD ","01","0.00","0.00","Auto Parts ","Client","NA","SANJIT","1","0.00","0.00","0.00","0.00","0.00","0.00"
"205101","2026-07-09","Air","REUTTER INNOVATIVE CLOSURE TECHNOLOGIES (P) LTD","CHENNAI","PUNE","REUTTER INNOVATIVE CLOSURE TECHNOLOGIES (P) LTD","DALI SAMIR ENGG.PVT LTD-PUNE","05","0.00","0.00","Auto Parts ","Client","NA","SANJIT","1","0.00","0.00","0.00","0.00","0.00","0.00"
"205102","2026-07-09","Road","U. S. AUTO CONTROLS PVT LTD ","PUNE","PANTNAGAR","U. S. AUTO CONTROLS PVT LTD ","HARIHARESHWAR AUTO TECH PRIVATE LIMITED","12","0.00","0.00","Auto Parts ","Client","NA","SANJIT","1","0.00","0.00","0.00","0.00","0.00","0.00"
"205103","2026-07-09","Road","U. S. AUTO CONTROLS PVT LTD ","PUNE","PANTNAGAR","U. S. AUTO CONTROLS PVT LTD ","METALFABTECH LLP","04","0.00","0.00","Auto Parts ","Client","NA","SUNIL","1","0.00","0.00","0.00","0.00","0.00","0.00"
"205104","2026-07-10","Road","SKY 4 PUNE","DELHI-STATION","PANTNAGAR","L & L PRODICTS INDIA PVT. LTD.","L & L PRODICTS INDIA PVT. LTD.","21","0.00","0.00","AUTO PART","Client",,"SUNIL","1","0.00","0.00","0.00","0.00","0.00","0.00"
"205105","2026-07-10","Train","STARWAYS INDUSTRIES- CHAKAN","PUNE","SITARGANJ","STARWAYS INDUSTRIES- CHAKAN","STARWAYS INDUSTRIES (SI)","01","0.00","0.00","Auto Parts ","Client","NA","SANJIT","1","0.00","0.00","0.00","0.00","0.00","0.00"
"205106","2026-07-10","Train","DALI SAMIR ENGG.PVT LTD-PUNE","PUNE","PANTNAGAR","SHREE AUTOANCILLIARY PRIVATE LIMITED ","DALI SAMIR ENGG PVT LTD- PTN","08","0.00","0.00","Auto Parts ","Client","NA","SANJIT","1","0.00","0.00","0.00","0.00","0.00","0.00"
"205107","2026-07-10","Train","PANORAMA AUTOMOTIVE IND. PVT. LTD.","PUNE","PANTNAGAR","RK INDUSTRIES ","PANORAMA AUTOMOTIVE IND. PVT. LTD.","04","0.00","0.00","Auto Parts ","Client","NA","SANJIT","1","0.00","0.00","0.00","0.00","0.00","0.00"
"205108","2026-07-10","Air","BELRISE INDUSTRIES LTD UNIT -IX","PUNE","PANTNAGAR","BADVE AUTOCOMPS PVT LTD-II","BELRISE INDUSTRIES LTD UNIT -IX","01","0.00","0.00","Auto Parts ","Client","NA","SANJIT","1","0.00","0.00","0.00","0.00","0.00","0.00"
"205109","2026-07-10","Air","STARWAYS PRECISIONS PVT. LTD. ","PUNE","SITARGANJ","STARWAYS PRECISIONS PVT. LTD. ","STARWAYS INDUSTRIES (SI)","09","0.00","0.00","Auto Parts ","Client","NA","SANJIT","1","0.00","0.00","0.00","0.00","0.00","0.00"
"205110","2026-07-10","Train","STARWAYS INDUSTRIES- CHAKAN","PUNE","SITARGANJ","STARWAYS INDUSTRIES- CHAKAN","STARWAYS INDUSTRIES (SI)","35","0.00","0.00","Auto Parts ","Client","NA","SANJIT","1","0.00","0.00","0.00","0.00","0.00","0.00"
"205111","2026-07-10","Air","STARWAYS PRECISIONS PVT. LTD. ","PUNE","SITARGANJ","STARWAYS PRECISIONS PVT. LTD. ","ADVIK HI-TECH PVT LTD","01","0.00","0.00","Auto Parts ","Client","NA","SANJIT","1","0.00","0.00","0.00","0.00","0.00","0.00"
"205112","2026-07-10","Train","DALI SAMIR ENGG.PVT LTD-PUNE","PUNE","PANTNAGAR","SANSA AUTO ENGINEERING COMPANY - PUNE","DALI SAMIR ENGG PVT LTD- PTN","11","0.00","0.00","Auto Parts ","Client","NA","SANJIT","1","0.00","0.00","0.00","0.00","0.00","0.00"
"205113","2026-07-08","Road","SKY 4 PUNE","DELHI-STATION","PANTNAGAR","L & L PRODICTS INDIA PVT. LTD.","L & L PRODICTS INDIA PVT. LTD.","2","0.00","0.00","AUTO PART","Client",,"Admin","1","0.00","0.00","0.00","0.00","0.00","0.00"
"205114","2026-07-11","Train","STARWAYS INDUSTRIES- CHAKAN","PUNE","SITARGANJ","STARWAYS INDUSTRIES- CHAKAN","STARWAYS INDUSTRIES (SI)","07","0.00","0.00","Auto Parts ","Client","NA","SANJIT","1","0.00","0.00","0.00","0.00","0.00","0.00"
"205115","2026-07-10","Air","STARWAYS PRECISIONS PVT. LTD. ","AURANGABAD","SITARGANJ","STARWAYS PRECISIONS PVT. LTD. ","STARWAYS INDUSTRIES (SI)","2 BAG","0.00","0.00","AUTO PART","Client",,"SUNIL","1","0.00","0.00","0.00","0.00","0.00","0.00"
"205116","2026-07-11","Air","U. S. AUTO CONTROLS PVT LTD ","PANTNAGAR","PUNE","HARIHARESHWAR AUTO TECH PRIVATE LIMITED","U. S. AUTO CONTROLS PVT LTD ","03 ","0.00","0.00","AUTO PART","Client",,"SUNIL","1","0.00","0.00","0.00","0.00","0.00","0.00"
"205117","2026-07-11","Air","U. S. AUTO CONTROLS PVT LTD ","PUNE","PANTNAGAR","U. S. AUTO CONTROLS PVT LTD ","HARIHARESHWAR AUTO TECH PRIVATE LIMITED","05","0.00","0.00","Auto Parts ","Client","NA","SANJIT","1","0.00","0.00","0.00","0.00","0.00","0.00"
"205118","2026-07-11","Road","U. S. AUTO CONTROLS PVT LTD ","PUNE","PANTNAGAR","U. S. AUTO CONTROLS PVT LTD ","METALFABTECH LLP","04","0.00","0.00","Auto Parts ","Client","NA","SANJIT","1","0.00","0.00","0.00","0.00","0.00","0.00"
"205119","2026-07-11","Road","U. S. AUTO CONTROLS PVT LTD ","PUNE","PANTNAGAR","U. S. AUTO CONTROLS PVT LTD ","HARIHARESHWAR AUTO TECH PRIVATE LIMITED","10","0.00","0.00","Auto Parts ","Client","NA","SANJIT","1","0.00","0.00","0.00","0.00","0.00","0.00"
"205120","2026-07-11","Air","STARWAYS PRECISIONS PVT. LTD. ","PUNE","SITARGANJ","STARWAYS PRECISIONS PVT. LTD. ","STARWAYS INDUSTRIES (SI)","05","0.00","0.00","Auto Parts ","Client","NA","Admin","1","0.00","0.00","0.00","0.00","0.00","0.00"
"205121","2026-07-11","Air","CRD COMPONENTS ","PUNE","CHENNAI","PREMOLC INDUSTRIES LLP","CRD COMPONENTS ","01","0.00","0.00","Auto Parts ","Client","NA","SANJIT","0","0.00","0.00","0.00","0.00","0.00","0.00"
"205122","2026-07-11","Train","STARWAYS INDUSTRIES- CHAKAN","PUNE","SITARGANJ","STARWAYS INDUSTRIES- CHAKAN","STARWAYS INDUSTRIES (SI)","35","0.00","0.00","Auto Parts ","Client","NA","SANJIT","1","0.00","0.00","0.00","0.00","0.00","0.00"
"205123","2026-07-11","Train","DALI SAMIR ENGG.PVT LTD-PUNE","PUNE","PANTNAGAR","SANSA AUTO ENGINEERING COMPANY - PUNE","DALI SAMIR ENGG PVT LTD- PTN","09","0.00","0.00","Auto Parts ","Client","NA","SANJIT","1","0.00","0.00","0.00","0.00","0.00","0.00"
"205124","2026-07-12","Train","STARWAYS INDUSTRIES- CHAKAN","PUNE","SITARGANJ","STARWAYS INDUSTRIES- CHAKAN","STARWAYS INDUSTRIES (SI)","35","0.00","0.00","Auto Parts ","Client","NA","SANJIT","1","0.00","0.00","0.00","0.00","0.00","0.00"
"205125","2026-07-12","Train","DALI SAMIR ENGG.PVT LTD-PUNE","PUNE","PANTNAGAR","SANSA AUTO ENGINEERING COMPANY - PUNE","DALI SAMIR ENGG PVT LTD- PTN","11","0.00","0.00","Auto Parts ","Client","NA","SANJIT","1","0.00","0.00","0.00","0.00","0.00","0.00"
"205126","2026-07-13","Road","SKY 4 PUNE","DELHI-STATION","PANTNAGAR","L & L PRODICTS INDIA PVT. LTD.","L & L PRODICTS INDIA PVT. LTD.","4","0.00","0.00","AUTO PART","Client",,"Admin","1","0.00","0.00","0.00","0.00","0.00","0.00"
"205127","2026-07-12","Road","SKY 4 PUNE","DELHI-STATION","PANTNAGAR","L & L PRODICTS INDIA PVT. LTD.","L & L PRODICTS INDIA PVT. LTD.","5","0.00","0.00","AUTO PART","Client",,"Admin","1","0.00","0.00","0.00","0.00","0.00","0.00"
"205128","2026-07-11","Road","SKY 4 PUNE","DELHI-STATION","PANTNAGAR","L & L PRODICTS INDIA PVT. LTD.","L & L PRODICTS INDIA PVT. LTD.","4","0.00","0.00","AUTO PART","Client",,"Admin","1","0.00","0.00","0.00","0.00","0.00","0.00"
"205129","2026-07-11","Road","SKY 4 PUNE","PANTNAGAR","SITARGANJ","SKY 4 PUNE","SKY 4 PANTNAGAR","2 PALET","0.00","0.00","AUTO PART","Client","SPL DELIVERY","Admin","1","0.00","0.00","0.00","0.00","0.00","0.00"
"205130","2026-07-13","Road","U. S. AUTO CONTROLS PVT LTD ","PUNE","PANTNAGAR","U. S. AUTO CONTROLS PVT LTD ","HARIHARESHWAR AUTO TECH PRIVATE LIMITED","06","0.00","0.00","Auto Parts ","Client","NA","SANJIT","1","0.00","0.00","0.00","0.00","0.00","0.00"
"205131","2026-07-13","Train","DALI SAMIR ENGG.PVT LTD-PUNE","PUNE","PANTNAGAR","S S INDUSTRIES ","DALI SAMIR ENGG PVT LTD- PTN","08","0.00","0.00","Auto Parts ","Client","NA","SANJIT","1","0.00","0.00","0.00","0.00","0.00","0.00"
"205132","2026-07-13","Air","STARWAYS INDUSTRIES- CHAKAN","PUNE","SITARGANJ","STARWAYS INDUSTRIES- CHAKAN","STARWAYS INDUSTRIES (SI)","17","0.00","0.00","Auto Parts ","Client","NA","SANJIT","1","0.00","0.00","0.00","0.00","0.00","0.00"
"205133","2026-07-13","Train","STARWAYS INDUSTRIES- CHAKAN","PUNE","SITARGANJ","STARWAYS INDUSTRIES- CHAKAN","STARWAYS INDUSTRIES (SI)","19","0.00","0.00","Auto Parts ","Client","NA","SANJIT","1","0.00","0.00","0.00","0.00","0.00","0.00"
"205134","2026-07-13","Air","PANORAMA AUTOMOTIVE IND. PVT. LTD.","PUNE","PANTNAGAR","SHRISAA ENTERPRISES ","PANORAMA AUTOMOTIVE IND. PVT. LTD.","02","0.00","0.00","Auto Parts ","Client","NA","SANJIT","1","0.00","0.00","0.00","0.00","0.00","0.00"
"205135","2026-07-13","Air","STARWAYS PRECISIONS PVT. LTD. ","PUNE","SITARGANJ","STARWAYS PRECISIONS PVT. LTD. ","STARWAYS INDUSTRIES (SI)","08","0.00","0.00","Auto Parts ","Client","NA","SANJIT","1","0.00","0.00","0.00","0.00","0.00","0.00"
"205136","2026-07-13","Train","STARWAYS INDUSTRIES- CHAKAN","PUNE","SITARGANJ","STARWAYS INDUSTRIES- CHAKAN","STARWAYS INDUSTRIES (SI)","35","0.00","0.00","Auto Parts ","Client","NA","SANJIT","1","0.00","0.00","0.00","0.00","0.00","0.00"
"205137","2026-07-13","Air","STARWAYS PRECISIONS PVT. LTD. ","AURANGABAD","SITARGANJ","STARWAYS PRECISIONS PVT. LTD. ","STARWAYS INDUSTRIES (SI)","01","0.00","0.00","Auto Parts ","Client","NA","SANJIT","1","0.00","0.00","0.00","0.00","0.00","0.00"
"205138","2026-06-30","Road","NOKA FRIEGHT CARRIERS PVT LTD","DELHI_AIRPORT-STATION","PANTNAGAR","NOKA FRIEGHT CARRIERS PVT LTD","NOKA FRIEGHT CARRIERS PVT LTD","1954","0.00","42280.00","AUTO PARTS","Client",,"Admin","1","0.00","0.00","0.00","0.00","0.00","0.00"
"205139","2026-06-30","Road","NOKA FRIEGHT CARRIERS PVT LTD","DELHI-AIRPORT","PANTNAGAR","NOKA FRIEGHT CARRIERS PVT LTD","NOKA FRIEGHT CARRIERS PVT LTD","624","0.00","11351.00","AUTO PARTS","Client",,"Admin","1","0.00","0.00","0.00","0.00","0.00","0.00"
"205140","2026-06-30","Road","NOKA FRIEGHT CARRIERS PVT LTD","DELHI-STATION","PANTNAGAR","NOKA FRIEGHT CARRIERS PVT LTD","NOKA FRIEGHT CARRIERS PVT LTD","1453","0.00","0.00","AUTO PARTS","Client",,"Admin","1","0.00","0.00","0.00","0.00","0.00","0.00"
"205141","2026-06-30","Road","SHIV TEMPO SERVICE ","DELHI-AIRPORT","PANTNAGAR","SHIV TEMPO SERVICE ","SHIV TEMPO SERVICE ","81","0.00","0.00","AUTO PARTS","Client",,"Admin","1","0.00","0.00","0.00","0.00","0.00","0.00"
"205142","2026-07-14","Air","STARWAYS PRECISIONS PVT. LTD. ","PUNE","SITARGANJ","STARWAYS PRECISIONS PVT. LTD. ","STARWAYS INDUSTRIES (SI)","02","0.00","0.00","Auto Parts ","Client","NA","SANJIT","1","0.00","0.00","0.00","0.00","0.00","0.00"
"205143","2026-07-14","Air","U. S. AUTO CONTROLS PVT LTD ","PUNE","PANTNAGAR","U. S. AUTO CONTROLS PVT LTD ","HARIHARESHWAR AUTO TECH PRIVATE LIMITED","06","0.00","0.00","Auto Parts ","Client","NA","SANJIT","1","0.00","0.00","0.00","0.00","0.00","0.00"
"205144","2026-07-14","Road","U. S. AUTO CONTROLS PVT LTD ","PUNE","PANTNAGAR","U. S. AUTO CONTROLS PVT LTD ","METALFABTECH LLP","04","0.00","0.00","Auto Parts ","Client","NA","SANJIT","1","0.00","0.00","0.00","0.00","0.00","0.00"
"205145","2026-07-14","Road","U. S. AUTO CONTROLS PVT LTD ","PUNE","PANTNAGAR","U. S. AUTO CONTROLS PVT LTD ","HARIHARESHWAR AUTO TECH PRIVATE LIMITED","08","0.00","0.00","Auto Parts ","Client","NA","SANJIT","1","0.00","0.00","0.00","0.00","0.00","0.00"
"205146","2026-07-14","Train","STARWAYS INDUSTRIES- CHAKAN","PUNE","SITARGANJ","STARWAYS INDUSTRIES- CHAKAN","STARWAYS INDUSTRIES (SI)","23","0.00","0.00","Auto Parts ","Client","NA","SANJIT","1","0.00","0.00","0.00","0.00","0.00","0.00"
"205147","2026-07-14","Air","STARWAYS INDUSTRIES- CHAKAN","PUNE","SITARGANJ","STARWAYS INDUSTRIES- CHAKAN","STARWAYS INDUSTRIES (SI)","01","0.00","0.00","Auto Parts ","Client","NA","SANJIT","1","0.00","0.00","0.00","0.00","0.00","0.00"
"205148","2026-07-14","Train","DALI SAMIR ENGG.PVT LTD-PUNE","PUNE","PANTNAGAR","SANSA AUTO ENGINEERING COMPANY - PUNE","DALI SAMIR ENGG PVT LTD- PTN","18","0.00","0.00","Auto Parts ","Client","NA","SANJIT","1","0.00","0.00","0.00","0.00","0.00","0.00"
"205149","2026-07-14","Air","STARWAYS PRECISIONS PVT. LTD. ","AURANGABAD","SITARGANJ","STARWAYS PRECISIONS PVT. LTD. ","STARWAYS INDUSTRIES (SI)","01","0.00","0.00","Auto Parts ","Client","NA","SANJIT","1","0.00","0.00","0.00","0.00","0.00","0.00"
"205150","2026-07-14","Air","REUTTER INNOVATIVE CLOSURE TECHNOLOGIES (P) LTD","CHENNAI","PUNE","REUTTER INNOVATIVE CLOSURE TECHNOLOGIES (P) LTD","VOSS AUTOMOTIVE INDIA PVT LTD ","01","0.00","0.00","Auto Parts ","Client","NA","SANJIT","1","0.00","0.00","0.00","0.00","0.00","0.00"
"205151","2026-07-14","Air","REUTTER INNOVATIVE CLOSURE TECHNOLOGIES (P) LTD","CHENNAI","PUNE","REUTTER INNOVATIVE CLOSURE TECHNOLOGIES (P) LTD","JAPTECH ENGICORP PVT LTD","01","0.00","0.00","Auto Parts ","Client","NA","SANJIT","1","0.00","0.00","0.00","0.00","0.00","0.00"
"205152","2026-07-14","Train","STARWAYS INDUSTRIES- CHAKAN","PUNE","SITARGANJ","STARWAYS INDUSTRIES- CHAKAN","STARWAYS INDUSTRIES (SI)","35","0.00","0.00","Auto Parts ","Client","NA","SANJIT","1","0.00","0.00","0.00","0.00","0.00","0.00"
"205153","2026-07-14","Air","SHREYA INDUSTRIES - PNQ","PUNE","PANTNAGAR","SHREYA INDUSTRIES - PNQ","SHREYA INDUSTRIES- PNT","24","0.00","0.00","AUTO PART","Client",,"SUNIL","1","0.00","0.00","0.00","0.00","0.00","0.00"
"205154","2026-07-15","Air","SHREYA INDUSTRIES - PNQ","PUNE","PANTNAGAR","SHREYA INDUSTRIES - PNQ","SHREYA INDUSTRIES- PNT","24","0.00","0.00","AUTO PART","Client",,"SUNIL","1","0.00","0.00","0.00","0.00","0.00","0.00"
"205155","2026-07-15","Road","SKY 4 PUNE","PANTNAGAR","PANTNAGAR","L & L PRODICTS INDIA PVT. LTD.","L & L PRODICTS INDIA PVT. LTD.","37","0.00","0.00","AUTO PART","Client",,"Admin","1","0.00","0.00","0.00","0.00","0.00","0.00"
"205156","2026-07-15","Road","SKY 4 PUNE","PANTNAGAR","PANTNAGAR","L & L PRODICTS INDIA PVT. LTD.","L & L PRODICTS INDIA PVT. LTD.","35","0.00","0.00","AUTO PART","Client",,"Admin","1","0.00","0.00","0.00","0.00","0.00","0.00"
"205157","2026-07-15","Road","SKY 4 PUNE","PANTNAGAR","PANTNAGAR","L & L PRODICTS INDIA PVT. LTD.","L & L PRODICTS INDIA PVT. LTD.","67","0.00","0.00","AUTO PART","Client",,"Admin","1","0.00","0.00","0.00","0.00","0.00","0.00"
"205158","2026-07-15","Road","CJ DARCL LOGISTICS LIMITED","DELHI","PANTNAGAR","LUMAX CORNAGLIA AUTO TECHNOLO - PNQ","LUMAX CORNAGLIA AUTO TECH- PTN","07","0.00","0.00","AUTO PART","Client",,"Admin","1","0.00","0.00","0.00","0.00","0.00","0.00"
"205159","2026-07-15","Road","SKY 4 PUNE","DELHI-AIRPORT","PANTNAGAR","SKS FASTENERS LTD.","DANA ANAND INDIA PVT LTD","30","0.00","0.00","AUTO PART","Client","SPL DELHI TO PNT","Admin","1","0.00","0.00","0.00","0.00","0.00","0.00"
"205160","2026-07-15","Air","STARWAYS PRECISIONS PVT. LTD. ","PUNE","SITARGANJ","STARWAYS PRECISIONS PVT. LTD. ","STARWAYS INDUSTRIES (SI)","01","0.00","0.00","Auto Parts ","Client","NA","SANJIT","1","0.00","0.00","0.00","0.00","0.00","0.00"
"205161","2026-07-15","Air","U. S. AUTO CONTROLS PVT LTD ","PUNE","PANTNAGAR","U. S. AUTO CONTROLS PVT LTD ","HARIHARESHWAR AUTO TECH PRIVATE LIMITED","03","0.00","0.00","Auto Parts ","Client","NA","SANJIT","1","0.00","0.00","0.00","0.00","0.00","0.00"
"205162","2026-07-15","Air","REUTTER INNOVATIVE CLOSURE TECHNOLOGIES (P) LTD","CHENNAI","PUNE","REUTTER INNOVATIVE CLOSURE TECHNOLOGIES (P) LTD","VOSS AUTOMOTIVE INDIA PVT LTD ","02","0.00","0.00","Auto Parts ","Client","NA","SANJIT","1","0.00","0.00","0.00","0.00","0.00","0.00"
"205163","2026-07-15","Train","STARWAYS INDUSTRIES- CHAKAN","PUNE","SITARGANJ","STARWAYS INDUSTRIES- CHAKAN","STARWAYS INDUSTRIES (SI)","30","0.00","0.00","Auto Parts ","Client","NA","SANJIT","1","0.00","0.00","0.00","0.00","0.00","0.00"
"205164","2026-07-15","Road","NOKA FRIEGHT CARRIERS PVT LTD","DELHI_AIRPORT-STATION","PANTNAGAR","NOKA FRIEGHT CARRIERS PVT LTD","NOKA FRIEGHT CARRIERS PVT LTD","893","0.00","19382.00","AUTO PARTS","Client",,"Admin","1","0.00","0.00","0.00","0.00","0.00","0.00"
"205165","2026-07-15","Road","NOKA FRIEGHT CARRIERS PVT LTD","DELHI-AIRPORT","PANTNAGAR","NOKA FRIEGHT CARRIERS PVT LTD","NOKA FRIEGHT CARRIERS PVT LTD","189","0.00","2977.00","AUTO PARTS","Client",,"Admin","1","0.00","0.00","0.00","0.00","0.00","0.00"
"205166","2026-07-15","Road","NOKA FRIEGHT CARRIERS PVT LTD","DELHI-STATION","PANTNAGAR","NOKA FRIEGHT CARRIERS PVT LTD","NOKA FRIEGHT CARRIERS PVT LTD","869","0.00","0.00","AUTO PARTS","Client",,"Admin","1","0.00","0.00","0.00","0.00","0.00","0.00"
"205167","2026-07-16","Air","BELRISE INDUSTRIES LTD UNIT -IX","PUNE","PANTNAGAR","A1 ENGINEERS ","BELRISE INDUSTRIES LTD UNIT -IX","02","0.00","0.00","Auto Parts ","Client","NA","SANJIT","1","0.00","0.00","0.00","0.00","0.00","0.00"
"205168","2026-07-15","Air","BELRISE INDUSTRIES LTD UNIT -IX","AURANGABAD","PANTNAGAR","BADVE AUTOCOMPS PVT LTD 1K","BELRISE INDUSTRIES LTD UNIT -IX","03","0.00","0.00","Auto Parts ","Client","NA","SANJIT","1","0.00","0.00","0.00","0.00","0.00","0.00"
"205169","2026-07-16","Air","SHREYA INDUSTRIES - PNQ","PUNE","PANTNAGAR","SHREYA INDUSTRIES - PNQ","SHREYA INDUSTRIES- PNT","30","0.00","0.00","AUTO PART","Client",,"SUNIL","1","0.00","0.00","0.00","0.00","0.00","0.00"
"205170","2026-07-16","Train","HIMALAYAN AUTO ERA PVT LTD","PANTNAGAR","PUNE","HIMALAYAN AUTO ERA PVT LTD","DYNARC SYSTEMS PVT LTD","15 ","0.00","0.00","AUTO PART","Client",,"SUNIL","1","0.00","0.00","0.00","0.00","0.00","0.00"
"205171","2026-07-10","Air","REUTTER INNOVATIVE CLOSURE TECHNOLOGIES (P) LTD","CHENNAI","JAMSHEDPUR","REUTTER INNOVATIVE CLOSURE TECHNOLOGIES (P) LTD","VIJAYSHREE AUTOCOM LTD","8","0.00","225.00","AUTO PARTS","Client",,"Admin","1","0.00","0.00","0.00","0.00","0.00","0.00"
"205172","2026-07-16","Train","DALI SAMIR ENGG.PVT LTD-PUNE","PUNE","PANTNAGAR","SANSA AUTO ENGINEERING COMPANY - PUNE","DALI SAMIR ENGG PVT LTD- PTN","11","0.00","0.00","Auto Parts ","Client","NA","SANJIT","1","0.00","0.00","0.00","0.00","0.00","0.00"
"205173","2026-07-17","Road","U. S. AUTO CONTROLS PVT LTD ","PUNE","PANTNAGAR","U. S. AUTO CONTROLS PVT LTD ","METALFABTECH LLP","04","0.00","0.00","Auto Parts ","Client","NA","SANJIT","1","0.00","0.00","0.00","0.00","0.00","0.00"
"205174","2026-07-17","Road","U. S. AUTO CONTROLS PVT LTD ","PUNE","PANTNAGAR","U. S. AUTO CONTROLS PVT LTD ","HARIHARESHWAR AUTO TECH PRIVATE LIMITED","05","0.00","0.00","Auto Parts ","Client","NA","SANJIT","1","0.00","0.00","0.00","0.00","0.00","0.00"
"205175","2026-07-17","Air","BELRISE INDUSTRIES LTD UNIT -IX","PUNE","PANTNAGAR","BADVE AUTOCOMPS PVT LTD-II","BELRISE INDUSTRIES LTD UNIT -IX","08","0.00","0.00","Auto Parts ","Client","NA","SANJIT","1","0.00","0.00","0.00","0.00","0.00","0.00"
"205176","2026-07-17","Train","STARWAYS INDUSTRIES- CHAKAN","PUNE","SITARGANJ","STARWAYS INDUSTRIES- CHAKAN","STARWAYS INDUSTRIES (SI)","49","0.00","0.00","Auto Parts ","Client","NA","SANJIT","1","0.00","0.00","0.00","0.00","0.00","0.00"
"205177","2026-07-17","Air","STARWAYS PRECISIONS PVT. LTD. ","PUNE","SITARGANJ","STARWAYS PRECISIONS PVT. LTD. ","STARWAYS INDUSTRIES (SI)","01","0.00","0.00","Auto Parts ","Client","NA","SANJIT","1","0.00","0.00","0.00","0.00","0.00","0.00"
"205178","2026-07-17","Air","BELRISE INDUSTRIES LTD UNIT -IX","AURANGABAD","PANTNAGAR","BADVE AUTOCOMPS PVT LTD 1K","BELRISE INDUSTRIES LTD UNIT -IX","02","0.00","0.00","Auto Parts ","Client","NA","Admin","1","0.00","0.00","0.00","0.00","0.00","0.00"
"205179","2026-07-17","Train","STARWAYS INDUSTRIES- CHAKAN","PUNE","SITARGANJ","STARWAYS INDUSTRIES- CHAKAN","STARWAYS INDUSTRIES (SI)","35","0.00","0.00","Auto Parts ","Client","NA","SUNIL","1","0.00","0.00","0.00","0.00","0.00","0.00"
"205180","2026-07-18","Air","STARWAYS INDUSTRIES- CHAKAN","PUNE","SITARGANJ","RUPKANT INDUSTRIES ","STARWAYS INDUSTRIES (SI)","01","0.00","0.00","Auto Parts ","Client","NA","Admin","1","0.00","0.00","0.00","0.00","0.00","0.00"
"205181","2026-07-18","Road","U. S. AUTO CONTROLS PVT LTD ","PUNE","PANTNAGAR","U. S. AUTO CONTROLS PVT LTD ","HARIHARESHWAR AUTO TECH PRIVATE LIMITED","08","0.00","0.00","Auto Parts ","Client","NA","SANJIT","1","0.00","0.00","0.00","0.00","0.00","0.00"
"205182","2026-07-17","Road","U. S. AUTO CONTROLS PVT LTD ","PANTNAGAR","PUNE","HARIHARESHWAR AUTO TECH PRIVATE LIMITED","U. S. AUTO CONTROLS PVT LTD ","18 BAG","0.00","0.00","AUTO PART","Client",,"Admin","0","0.00","0.00","0.00","0.00","0.00","0.00"
"205183","2026-07-18","Air","STARWAYS PRECISIONS PVT. LTD. ","PUNE","SITARGANJ","STARWAYS PRECISIONS PVT. LTD. ","STARWAYS INDUSTRIES (SI)","02","0.00","0.00","Auto Parts ","Client","NA","SANJIT","1","0.00","0.00","0.00","0.00","0.00","0.00"
"205184","2026-07-18","Train","STARWAYS INDUSTRIES- CHAKAN","PUNE","SITARGANJ","STARWAYS INDUSTRIES- CHAKAN","STARWAYS INDUSTRIES (SI)","35","0.00","0.00","Auto Parts ","Client","NA","SANJIT","1","0.00","0.00","0.00","0.00","0.00","0.00"
"205185","2026-07-18","Air","BELRISE INDUSTRIES LTD UNIT -IX","PUNE","PANTNAGAR","BADVE AUTOCOMPS PVT LTD-II","BELRISE INDUSTRIES LTD ","06","0.00","0.00","Auto Parts ","Client","NA","Admin","1","0.00","0.00","0.00","0.00","0.00","0.00"
"205186","2026-07-19","Air","SHREYA INDUSTRIES - PNQ","PUNE","PANTNAGAR","SHREYA INDUSTRIES - PNQ","SHREYA INDUSTRIES- PNT","30","0.00","0.00","AUTO PART","Client",,"SUNIL","1","0.00","0.00","0.00","0.00","0.00","0.00"
"205187","2026-07-18","Train","DALI SAMIR ENGG.PVT LTD-PUNE","PUNE","PANTNAGAR","SANSA AUTO ENGINEERING COMPANY - PUNE","DALI SAMIR ENGG PVT LTD- PTN","25","0.00","0.00","Auto Parts ","Client","NA","SANJIT","1","0.00","0.00","0.00","0.00","0.00","0.00"
"205188","2026-07-19","Air","BELRISE INDUSTRIES LTD UNIT -IX","AURANGABAD","PANTNAGAR","TIRUMALA MULTI TECHNOLOGIES ","BELRISE INDUSTRIES LTD ","01","0.00","0.00","Auto Parts ","Client","NA","Admin","1","0.00","0.00","0.00","0.00","0.00","0.00"
"205189","2026-07-19","Train","STARWAYS INDUSTRIES- CHAKAN","PUNE","SITARGANJ","STARWAYS INDUSTRIES- CHAKAN","STARWAYS INDUSTRIES (SI)","35","0.00","0.00","Auto Parts ","Client","NA","SANJIT","1","0.00","0.00","0.00","0.00","0.00","0.00"
"205190","2026-07-20","Road","SKY 4 PUNE","DELHI-STATION","PANTNAGAR","L & L PRODICTS INDIA PVT. LTD.","L & L PRODICTS INDIA PVT. LTD.","42","0.00","0.00","AUTO PART","Client",,"SUNIL","0","0.00","0.00","0.00","0.00","0.00","0.00"
"205191","2026-07-20","Road","SKY 4 PUNE","PANTNAGAR","PANTNAGAR","L & L PRODICTS INDIA PVT. LTD.","L & L PRODICTS INDIA PVT. LTD.","8","0.00","0.00","AUTO PART","Client",,"SUNIL","1","0.00","0.00","0.00","0.00","0.00","0.00"
"205192","2026-07-20","Road","SKY 4 PUNE","DELHI-STATION","PANTNAGAR","L & L PRODICTS INDIA PVT. LTD.","AUTOMOTIVE STAMPING AND ASSEMBLY LTD.","02","0.00","0.00","AUTO PART","Client",,"SUNIL","1","0.00","0.00","0.00","0.00","0.00","0.00"
"205193","2026-07-20","Air","SHREYA INDUSTRIES - PNQ","PUNE","PANTNAGAR","SHREYA INDUSTRIES - PNQ","SHREYA INDUSTRIES- PNT","30","0.00","0.00","AUTO PART","Client",,"SUNIL","1","0.00","0.00","0.00","0.00","0.00","0.00"
"205194","2026-07-19","Train","DALI SAMIR ENGG.PVT LTD-PUNE","PUNE","PANTNAGAR","SANSA AUTO ENGINEERING COMPANY - PUNE","DALI SAMIR ENGG PVT LTD- PTN","07","0.00","0.00","Auto Parts ","Client","NA","SANJIT","1","0.00","0.00","0.00","0.00","0.00","0.00"
"205195","2026-07-20","Road","U. S. AUTO CONTROLS PVT LTD ","PUNE","PANTNAGAR","U. S. AUTO CONTROLS PVT LTD ","HARIHARESHWAR AUTO TECH PRIVATE LIMITED","11","0.00","0.00","Auto Parts ","Client","NA","SANJIT","1","0.00","0.00","0.00","0.00","0.00","0.00"
"205196","2026-07-20","Air","U. S. AUTO CONTROLS PVT LTD ","PUNE","BANGALORE","U. S. AUTO CONTROLS PVT LTD ","NEEL METAL PRODUCTS LTD","04","0.00","0.00","Auto Parts ","Client","NA","SANJIT","1","0.00","0.00","0.00","0.00","0.00","0.00"
"205197","2026-07-20","Air","BELRISE INDUSTRIES LTD UNIT -IX","AURANGABAD","PANTNAGAR","TIRUMALA MULTI TECHNOLOGIES ","BELRISE INDUSTRIES LTD UNIT -IX","05","0.00","0.00","Auto Parts ","Client","NA","SANJIT","1","0.00","0.00","0.00","0.00","0.00","0.00"
"205198","2026-07-20","Air","PANORAMA AUTOMOTIVE IND. PVT. LTD.","PUNE","PANTNAGAR","SHRISAA ENTERPRISES ","PANORAMA AUTOMOTIVE IND. PVT. LTD.","02","0.00","0.00","Auto Parts ","Client","NA","SANJIT","1","0.00","0.00","0.00","0.00","0.00","0.00"
"205199","2026-07-20","Train","PANORAMA AUTOMOTIVE IND. PVT. LTD.","PUNE","PANTNAGAR","RK INDUSTRIES ","PANORAMA AUTOMOTIVE IND. PVT. LTD.","04","0.00","0.00","Auto Parts ","Client","NA","SANJIT","1","0.00","0.00","0.00","0.00","0.00","0.00"
"205200","2026-07-20","Air","STARWAYS PRECISIONS PVT. LTD. ","PUNE","SITARGANJ","STARWAYS PRECISIONS PVT. LTD. ","STARWAYS INDUSTRIES (SI)","06","0.00","0.00","Auto Parts ","Client","NA","SANJIT","1","0.00","0.00","0.00","0.00","0.00","0.00"
"205201","2026-07-20","Train","STARWAYS INDUSTRIES- CHAKAN","PUNE","SITARGANJ","STARWAYS INDUSTRIES- CHAKAN","STARWAYS INDUSTRIES (SI)","35","0.00","0.00","Auto Parts ","Client","NA","SANJIT","1","0.00","0.00","0.00","0.00","0.00","0.00"
"205202","2026-07-21","Road","SKY 4 PUNE","PANTNAGAR","PANTNAGAR","L & L PRODICTS INDIA PVT. LTD.","L & L PRODICTS INDIA PVT. LTD.","30","0.00","0.00","AUTO PART","Client",,"SUNIL","1","0.00","0.00","0.00","0.00","0.00","0.00"
"205203","2026-07-21","Road","SKY 4 PUNE","PANTNAGAR","PANTNAGAR","L & L PRODICTS INDIA PVT. LTD.","L & L PRODICTS INDIA PVT. LTD.","22","0.00","0.00","AUTO PART","Client",,"SUNIL","1","0.00","0.00","0.00","0.00","0.00","0.00"
"205204","2026-07-20","Train","DALI SAMIR ENGG.PVT LTD-PUNE","PUNE","PANTNAGAR","SANSA AUTO ENGINEERING COMPANY - PUNE","DALI SAMIR ENGG PVT LTD- PTN","08","0.00","0.00","Auto Parts ","Client","NA","SANJIT","1","0.00","0.00","0.00","0.00","0.00","0.00"
"205205","2026-07-21","Train","STARWAYS INDUSTRIES- CHAKAN","PUNE","SITARGANJ","STARWAYS INDUSTRIES- CHAKAN","STARWAYS INDUSTRIES (SI)","07","0.00","0.00","Auto Parts ","Client","NA","SANJIT","1","0.00","0.00","0.00","0.00","0.00","0.00"
"205206","2026-07-21","Air","STARWAYS PRECISIONS PVT. LTD. ","PUNE","SITARGANJ","STARWAYS PRECISIONS PVT. LTD. ","STARWAYS INDUSTRIES (SI)","01","0.00","0.00","Auto Parts ","Client","NA","SANJIT","1","0.00","0.00","0.00","0.00","0.00","0.00"
"205207","2026-07-21","Air","BELRISE INDUSTRIES LTD UNIT -IX","AURANGABAD","PANTNAGAR","BADVE AUTOCOMPS PVT LTD 1K","BELRISE INDUSTRIES LTD UNIT -IX","07","0.00","0.00","Auto Parts ","Client","NA","Admin","1","0.00","0.00","0.00","0.00","0.00","0.00"
"205208","2026-07-21","Air","CRD COMPONENTS ","PUNE","CHENNAI","PREMOLC INDUSTRIES LLP","CRD COMPONENTS ","01","0.00","0.00","Auto Parts ","Client","NA","SANJIT","0","0.00","0.00","0.00","0.00","0.00","0.00"
"205209","2026-07-21","Train","STARWAYS INDUSTRIES- CHAKAN","PUNE","SITARGANJ","STARWAYS INDUSTRIES- CHAKAN","STARWAYS INDUSTRIES (SI)","35","0.00","0.00","Auto Parts ","Client","NA","SANJIT","1","0.00","0.00","0.00","0.00","0.00","0.00"
"205210","2026-07-22","Road","SKY 4 PUNE","DELHI-AIRPORT","PANTNAGAR","L & L PRODICTS INDIA PVT. LTD.","L & L PRODICTS INDIA PVT. LTD.","25","0.00","0.00","AUTO PART","Client",,"SUNIL","1","0.00","0.00","0.00","0.00","0.00","0.00"
"205211","2026-07-22","Air","SHREYA INDUSTRIES - PNQ","PUNE","PANTNAGAR","SHREYA INDUSTRIES - PNQ","SHREYA INDUSTRIES- PNT","30","0.00","0.00","AUTO PART","Client",,"SUNIL","1","0.00","0.00","0.00","0.00","0.00","0.00"
"205212","2026-07-22","Air","STARWAYS INDUSTRIES- CHAKAN","PUNE","SITARGANJ","STARWAYS INDUSTRIES- CHAKAN","STARWAYS INDUSTRIES (SI)","01","0.00","0.00","Auto Parts ","Client","NA","SANJIT","1","0.00","0.00","0.00","0.00","0.00","0.00"
"205213","2026-07-22","Train","STARWAYS INDUSTRIES- CHAKAN","PUNE","SITARGANJ","STARWAYS INDUSTRIES- CHAKAN","STARWAYS INDUSTRIES (SI)","11","0.00","0.00","Auto Parts ","Client","NA","SANJIT","1","0.00","0.00","0.00","0.00","0.00","0.00"
"205214","2026-07-22","Air","BELRISE INDUSTRIES LTD UNIT -IX","PUNE","PANTNAGAR","A S INDUSTRIES","BELRISE INDUSTRIES LTD UNIT -IX","03","0.00","0.00","Auto Parts ","Client","NA","SANJIT","1","0.00","0.00","0.00","0.00","0.00","0.00"
"205215","2026-07-22","Air","U. S. AUTO CONTROLS PVT LTD ","PUNE","PANTNAGAR","U. S. AUTO CONTROLS PVT LTD ","HARIHARESHWAR AUTO TECH PRIVATE LIMITED","08","0.00","0.00","Auto Parts ","Client","NA","SANJIT","1","0.00","0.00","0.00","0.00","0.00","0.00"
"205216","2026-07-22","Air","STARWAYS PRECISIONS PVT. LTD. ","PUNE","SITARGANJ","STARWAYS PRECISIONS PVT. LTD. ","STARWAYS INDUSTRIES (SI)","06","0.00","0.00","Auto Parts ","Client","NA","SANJIT","1","0.00","0.00","0.00","0.00","0.00","0.00"
"205217","2026-07-22","Train","STARWAYS INDUSTRIES- CHAKAN","PUNE","SITARGANJ","STARWAYS INDUSTRIES- CHAKAN","STARWAYS INDUSTRIES (SI)","35","0.00","0.00","Auto Parts ","Client","NA","SANJIT","1","0.00","0.00","0.00","0.00","0.00","0.00"
"205218","2026-07-23","Air","HIMALAYAN AUTO ERA PVT LTD","RAJKOT","PANTNAGAR","DHAVAL STEEL FORGE","HIMALAYAN AUTO ERA PVT LTD","7","0.00","0.00","AUTO PARTS ","Client",,"Admin","1","0.00","0.00","0.00","0.00","0.00","0.00"
"205219","2026-07-23","Road","SHREYA INDUSTRIES - PNQ","PUNE","PANTNAGAR","SHREYA INDUSTRIES - PNQ","SHREYA INDUSTRIES- PNT","30","0.00","0.00","AUTO PART","Client",,"SUNIL","1","0.00","0.00","0.00","0.00","0.00","0.00"
"205220","2026-07-23","Air","BELRISE INDUSTRIES LTD UNIT -IX","AURANGABAD","PANTNAGAR","BADVE AUTOCOMPS PVT LTD 1K","BELRISE INDUSTRIES LTD UNIT -IX","9","0.00","0.00","AUTO PARTS","Client",,"Admin","1","0.00","0.00","0.00","0.00","0.00","0.00"
"205221","2026-07-23","Road","U. S. AUTO CONTROLS PVT LTD ","PUNE","PANTNAGAR","U. S. AUTO CONTROLS PVT LTD ","HARIHARESHWAR AUTO TECH PRIVATE LIMITED","21","0.00","0.00","Auto Parts ","Client","NA","SANJIT","1","0.00","0.00","0.00","0.00","0.00","0.00"
"205222","2026-07-23","Air","BELRISE INDUSTRIES LTD UNIT -IX","PUNE","PANTNAGAR","A1 ENGINEERS ","BELRISE INDUSTRIES LTD UNIT -IX","14","0.00","0.00","Auto Parts ","Client","NA","SUNIL","1","0.00","0.00","0.00","0.00","0.00","0.00"
"205223","2026-07-23","Train","STARWAYS PRECISIONS PVT. LTD. ","PUNE","SITARGANJ","STARWAYS PRECISIONS PVT. LTD. ","STARWAYS INDUSTRIES (SI)","12","0.00","0.00","Auto Parts ","Client","NA","SANJIT","1","0.00","0.00","0.00","0.00","0.00","0.00"
"205224","2026-07-23","Air","STARWAYS PRECISIONS PVT. LTD. ","PUNE","SITARGANJ","STARWAYS PRECISIONS PVT. LTD. ","STARWAYS INDUSTRIES (SI)","06","0.00","0.00","Auto Parts ","Client","NA","SANJIT","1","0.00","0.00","0.00","0.00","0.00","0.00"
"205225","2026-07-23","Air","U. S. AUTO CONTROLS PVT LTD ","PUNE","PANTNAGAR","U. S. AUTO CONTROLS PVT LTD ","HARIHARESHWAR AUTO TECH PRIVATE LIMITED","04","0.00","0.00","Auto Parts ","Client","NA","SANJIT","1","0.00","0.00","0.00","0.00","0.00","0.00"
"205226","2026-07-24","Air","STARWAYS INDUSTRIES- CHAKAN","PUNE","SITARGANJ","STARWAYS INDUSTRIES- CHAKAN","STARWAYS INDUSTRIES (SI)","02","0.00","0.00","Auto Parts ","Client","NA","SANJIT","1","0.00","0.00","0.00","0.00","0.00","0.00"
"205227","2026-07-24","Air","U. S. AUTO CONTROLS PVT LTD ","PUNE","PANTNAGAR","U. S. AUTO CONTROLS PVT LTD ","HARIHARESHWAR AUTO TECH PRIVATE LIMITED","07","0.00","0.00","Auto Parts ","Client","NA","SANJIT","1","0.00","0.00","0.00","0.00","0.00","0.00"
"205228","2026-07-24","Train","STARWAYS PRECISIONS PVT. LTD. ","PUNE","SITARGANJ","STARWAYS PRECISIONS PVT. LTD. ","STARWAYS INDUSTRIES (SI)","01","0.00","0.00","Auto Parts ","Client","NA","SANJIT","1","0.00","0.00","0.00","0.00","0.00","0.00"
"205229","2026-07-24","Train","STARWAYS INDUSTRIES- CHAKAN","PUNE","SITARGANJ","STARWAYS INDUSTRIES- CHAKAN","STARWAYS INDUSTRIES (SI)","35","0.00","0.00","Auto Parts ","Client","NA","SANJIT","1","0.00","0.00","0.00","0.00","0.00","0.00"
"205230","2026-07-24","Air","BELRISE INDUSTRIES LTD UNIT -IX","AURANGABAD","PANTNAGAR","BADVE AUTOCOMPS PVT LTD 1K","BELRISE INDUSTRIES LTD UNIT -IX","11","0.00","0.00","Auto Parts ","Client","Sai Shraddha Precision - 01 Bag ","SANJIT","1","0.00","0.00","0.00","0.00","0.00","0.00"
"205231","2026-07-24","Air","SHREYA INDUSTRIES - PNQ","PUNE","PANTNAGAR","SHREYA INDUSTRIES - PNQ","SHREYA INDUSTRIES- PNT","30","0.00","0.00","AUTO PARTS ","Client",,"Admin","1","0.00","0.00","0.00","0.00","0.00","0.00"
"205232","2026-07-22","Train","DALI SAMIR ENGG.PVT LTD-PUNE","PUNE","PANTNAGAR","SANSA AUTO ENGINEERING COMPANY - PUNE","DALI SAMIR ENGG PVT LTD- PTN","04","0.00","0.00","AUTO PART","Client",,"SUNIL","1","0.00","0.00","0.00","0.00","0.00","0.00"
"205233","2026-07-25","Road","SKY 4 PUNE","DELHI-STATION","PANTNAGAR","L & L PRODICTS INDIA PVT. LTD.","L & L PRODICTS INDIA PVT. LTD.","04","0.00","0.00","AUTO PART","Client",,"SUNIL","1","0.00","0.00","0.00","0.00","0.00","0.00"
"205234","2026-07-25","Air","STARWAYS INDUSTRIES- CHAKAN","PUNE","SITARGANJ","RUPKANT INDUSTRIES ","STARWAYS INDUSTRIES (SI)","01","0.00","0.00","Auto Parts ","Client","NA","Admin","1","0.00","0.00","0.00","0.00","0.00","0.00"
"205235","2026-07-25","Road","U. S. AUTO CONTROLS PVT LTD ","PUNE","PANTNAGAR","U. S. AUTO CONTROLS PVT LTD ","HARIHARESHWAR AUTO TECH PRIVATE LIMITED","07","0.00","0.00","Auto Parts ","Client","NA","SANJIT","1","0.00","0.00","0.00","0.00","0.00","0.00"
"205236","2026-07-25","Road","U. S. AUTO CONTROLS PVT LTD ","PANTNAGAR","PUNE","HARIHARESHWAR AUTO TECH PRIVATE LIMITED","U. S. AUTO CONTROLS PVT LTD ","20 BAG","0.00","0.00","AUTO PART","Client",,"SUNIL","1","0.00","0.00","0.00","0.00","0.00","0.00"
"205237","2026-07-25","Train","STARWAYS INDUSTRIES- CHAKAN","PUNE","SITARGANJ","STARWAYS INDUSTRIES- CHAKAN","STARWAYS INDUSTRIES (SI)","18","0.00","0.00","Auto Parts ","Client","NA","SANJIT","1","0.00","0.00","0.00","0.00","0.00","0.00"
"205238","2026-07-25","Train","STARWAYS PRECISIONS PVT. LTD. ","PUNE","SITARGANJ","STARWAYS PRECISIONS PVT. LTD. ","STARWAYS INDUSTRIES (SI)","01","0.00","0.00","Auto Parts ","Client","NA","SANJIT","1","0.00","0.00","0.00","0.00","0.00","0.00"
"205239","2026-07-25","Air","PANORAMA AUTOMOTIVE IND. PVT. LTD.","PUNE","PANTNAGAR","PANORAMA AUTOMOTIVE IND. PVT. LTD.","TATA MOTORS LIMITED ","02","0.00","0.00","Auto Parts ","Client","Bill to Panorama Automotive Ind. Pvt. Ltd. - Pune","SANJIT","1","0.00","0.00","0.00","0.00","0.00","0.00"
"205240","2026-07-25","Air","REUTTER INNOVATIVE CLOSURE TECHNOLOGIES (P) LTD","PUNE","CHENNAI","CRD COMPONENTS ","REUTTER INNOVATIVE CLOSURE TECHNOLOGIES (P) LTD","01","0.00","0.00","Auto Parts ","Client","NA","SANJIT","1","0.00","0.00","0.00","0.00","0.00","0.00"
"205241","2026-07-25","Air","U. S. AUTO CONTROLS PVT LTD ","PUNE","PANTNAGAR","U. S. AUTO CONTROLS PVT LTD ","HARIHARESHWAR AUTO TECH PRIVATE LIMITED","10","0.00","0.00","Auto Parts ","Client","NA","SANJIT","1","0.00","0.00","0.00","0.00","0.00","0.00"
"205242","2026-07-25","Train","STARWAYS INDUSTRIES- CHAKAN","PUNE","SITARGANJ","STARWAYS INDUSTRIES- CHAKAN","STARWAYS INDUSTRIES (SI)","35","0.00","0.00","Auto Parts ","Client","NA","SANJIT","1","0.00","0.00","0.00","0.00","0.00","0.00"
"205243","2026-07-26","Road","SHREYA INDUSTRIES - PNQ","PUNE","PANTNAGAR","SHREYA INDUSTRIES - PNQ","SHREYA INDUSTRIES- PNT","30","0.00","0.00","Auto Parts ","Client","NA","SANJIT","1","0.00","0.00","0.00","0.00","0.00","0.00"
"205244","2026-07-26","Air","STARWAYS PRECISIONS PVT. LTD. ","PUNE","SITARGANJ","STARWAYS PRECISIONS PVT. LTD. ","STARWAYS INDUSTRIES (SI)","03","0.00","0.00","Auto Parts ","Client","NA","SANJIT","1","0.00","0.00","0.00","0.00","0.00","0.00"
"205245","2026-07-26","Air","STARWAYS INDUSTRIES- CHAKAN","PUNE","SITARGANJ","RUPKANT INDUSTRIES ","STARWAYS INDUSTRIES (SI)","01","0.00","0.00","Auto Parts ","Client","NA","Admin","1","0.00","0.00","0.00","0.00","0.00","0.00"
"205246","2026-07-26","Air","BELRISE INDUSTRIES LTD UNIT -IX","AURANGABAD","PANTNAGAR","BADVE AUTOCOMPS PVT LTD 1K","BELRISE INDUSTRIES LTD UNIT -IX","10","0.00","0.00","Auto Parts ","Client","NA","SANJIT","1","0.00","0.00","0.00","0.00","0.00","0.00"
"205247","2026-07-26","Air","U. S. AUTO CONTROLS PVT LTD ","PUNE","PANTNAGAR","U. S. AUTO CONTROLS PVT LTD ","HARIHARESHWAR AUTO TECH PRIVATE LIMITED","06","0.00","0.00","Auto Parts ","Client","NA","SANJIT","1","0.00","0.00","0.00","0.00","0.00","0.00"
"205248","2026-07-26","Train","STARWAYS INDUSTRIES- CHAKAN","PUNE","SITARGANJ","STARWAYS INDUSTRIES- CHAKAN","STARWAYS INDUSTRIES (SI)","35","0.00","0.00","Auto Parts ","Client","NA","SANJIT","1","0.00","0.00","0.00","0.00","0.00","0.00"
"205249","2026-07-27","Road","SKY 4 PUNE","DELHI-STATION","PANTNAGAR","L & L PRODICTS INDIA PVT. LTD.","L & L PRODICTS INDIA PVT. LTD.","17","0.00","0.00","AUTO PART","Client",,"SUNIL","1","0.00","0.00","0.00","0.00","0.00","0.00"
"205250","2026-07-27","Road","SKY 4 PUNE","PANTNAGAR","PANTNAGAR","L & L PRODICTS INDIA PVT. LTD.","L & L PRODICTS INDIA PVT. LTD.","4","0.00","0.00","AUTO PART","Client","AUTOMOTIVE SIDCUL","SUNIL","1","0.00","0.00","0.00","0.00","0.00","0.00"
"205251","2026-07-27","Train","DALI SAMIR ENGG.PVT LTD-PUNE","PUNE","PANTNAGAR","DALI SAMIR ENGG.PVT LTD-PUNE","DALI SAMIR ENGG PVT LTD- PTN","25","0.00","0.00","Auto Parts ","Client","NA","SANJIT","1","0.00","0.00","0.00","0.00","0.00","0.00"
"205252","2026-07-27","Road","U. S. AUTO CONTROLS PVT LTD ","PUNE","PANTNAGAR","U. S. AUTO CONTROLS PVT LTD ","HARIHARESHWAR AUTO TECH PRIVATE LIMITED","07","0.00","0.00","Auto Parts ","Client","NA","SANJIT","1","0.00","0.00","0.00","0.00","0.00","0.00"
"205253","2026-07-27","Air","BELRISE INDUSTRIES LTD UNIT -IX","PUNE","PANTNAGAR","A1 STAMPINGS","BELRISE INDUSTRIES LTD UNIT -IX","04","0.00","0.00","Auto Parts ","Client","NA","SANJIT","1","0.00","0.00","0.00","0.00","0.00","0.00"
"205254","2026-07-27","Air","BELRISE INDUSTRIES LTD UNIT -IX","AURANGABAD","PANTNAGAR","BADVE AUTOCOMPS PVT LTD 1K","BELRISE INDUSTRIES LTD UNIT -IX","16","0.00","0.00","Auto Parts ","Client","NA","Admin","1","0.00","0.00","0.00","0.00","0.00","0.00"
"205255","2026-07-27","Train","DALI SAMIR ENGG.PVT LTD-PUNE","PUNE","PANTNAGAR","SANSA AUTO ENGINEERING COMPANY - PUNE","DALI SAMIR ENGG PVT LTD- PTN","11","0.00","0.00","Auto Parts ","Client","NA","Admin","1","0.00","0.00","0.00","0.00","0.00","0.00"
"205256","2026-07-27","Air","STARWAYS PRECISIONS PVT. LTD. ","PUNE","SITARGANJ","STARWAYS PRECISIONS PVT. LTD. ","STARWAYS INDUSTRIES (SI)","01","0.00","0.00","Auto Parts ","Client","NA","SANJIT","1","0.00","0.00","0.00","0.00","0.00","0.00"
"205257","2026-07-27","Air","U. S. AUTO CONTROLS PVT LTD ","PUNE","PANTNAGAR","U. S. AUTO CONTROLS PVT LTD ","HARIHARESHWAR AUTO TECH PRIVATE LIMITED","03","0.00","0.00","Auto Parts ","Client","NA","SANJIT","1","0.00","0.00","0.00","0.00","0.00","0.00"
"205258","2026-07-27","Train","STARWAYS INDUSTRIES- CHAKAN","PUNE","SITARGANJ","STARWAYS INDUSTRIES- CHAKAN","STARWAYS INDUSTRIES (SI)","35","0.00","0.00","Auto Parts ","Client","NA","SANJIT","1","0.00","0.00","0.00","0.00","0.00","0.00"
"205259","2026-07-27","Air","BELRISE INDUSTRIES LTD UNIT -IX","PUNE","PANTNAGAR","BADVE AUTOCOMPS PVT LTD-II","BELRISE INDUSTRIES LTD UNIT -IX","10","0.00","0.00","Auto Parts ","Client","SIMMONDS MARSHALL LIMITED 2 BAG AFTER PACKING TOTAL 11 PKG","SANJIT","1","0.00","0.00","0.00","0.00","0.00","0.00"
"205260","2026-07-28","Road","SHREYA INDUSTRIES - PNQ","PUNE","PANTNAGAR","SHREYA INDUSTRIES - PNQ","SHREYA INDUSTRIES- PNT","30","0.00","0.00","Auto Parts ","Client","NA ","Admin","1","0.00","0.00","0.00","0.00","0.00","0.00"
"205261","2026-07-28","Train","HIMALAYAN AUTO ERA PVT LTD","PANTNAGAR","PUNE","HIMALAYAN AUTO ERA PVT LTD","VENKATESH AUTOMOBILE PVT LTD","5","0.00","0.00","AUTO PARTS","Client",,"Admin","1","0.00","0.00","0.00","0.00","0.00","0.00"
"205262","2026-07-28","Air","STARWAYS INDUSTRIES- CHAKAN","PUNE","SITARGANJ","STARWAYS INDUSTRIES- CHAKAN","STARWAYS INDUSTRIES (SI)","01","0.00","0.00","Auto Parts ","Client","NA","SANJIT","1","0.00","0.00","0.00","0.00","0.00","0.00"
"205263","2026-07-28","Air","STARWAYS PRECISIONS PVT. LTD. ","PUNE","SITARGANJ","STARWAYS PRECISIONS PVT. LTD. ","STARWAYS INDUSTRIES (SI)","05","0.00","0.00","Auto Parts ","Client","NA","SANJIT","1","0.00","0.00","0.00","0.00","0.00","0.00"
"205264","2026-07-28","Train","STARWAYS PRECISIONS PVT. LTD. ","PUNE","SITARGANJ","STARWAYS PRECISIONS PVT. LTD. ","STARWAYS INDUSTRIES (SI)","07","0.00","0.00","Auto Parts ","Client","NA","SANJIT","1","0.00","0.00","0.00","0.00","0.00","0.00"
"205265","2026-07-28","Train","STARWAYS INDUSTRIES- CHAKAN","PUNE","SITARGANJ","STARWAYS INDUSTRIES- CHAKAN","STARWAYS INDUSTRIES (SI)","35","0.00","0.00","Auto Parts ","Client","NA","SANJIT","1","0.00","0.00","0.00","0.00","0.00","0.00"
"205266","2026-07-28","Air","U. S. AUTO CONTROLS PVT LTD ","PUNE","PANTNAGAR","U. S. AUTO CONTROLS PVT LTD ","HARIHARESHWAR AUTO TECH PRIVATE LIMITED","16","0.00","0.00","Auto Parts ","Client","NA","SANJIT","1","0.00","0.00","0.00","0.00","0.00","0.00"
"205267","2026-07-28","Air","BELRISE INDUSTRIES LTD UNIT -IX","AURANGABAD","PANTNAGAR","BADVE AUTOCOMPS PVT LTD 1K","BELRISE INDUSTRIES LTD UNIT -IX","20","0.00","0.00","Auto Parts ","Client","NA","SANJIT","1","0.00","0.00","0.00","0.00","0.00","0.00"
"205268","2026-07-29","Air","SHREYA INDUSTRIES - PNQ","PUNE","PANTNAGAR","SHREYA INDUSTRIES - PNQ","SHREYA INDUSTRIES- PNT","30","0.00","0.00","AUTO PARTS ","Client",,"Admin","1","0.00","0.00","0.00","0.00","0.00","0.00"
"205269","2026-07-28","Air","TISS-KGK SECURITY SYSTEMS PVT LTD","BANGALORE","PUNE","TISS-KGK SECURITY SYSTEMS PVT LTD","DALI SAMIR ENGG.PVT LTD-PUNE","3","0.00","0.00","AUTO PARTS ","Client",,"Admin","1","0.00","0.00","0.00","0.00","0.00","0.00"
"205270","2026-07-29","Air","TISS-KGK SECURITY SYSTEMS PVT LTD","BANGALORE","PUNE","TISS-KGK SECURITY SYSTEMS PVT LTD","DALI SAMIR ENGG.PVT LTD-PUNE","4","0.00","0.00","Auto parts ","Client",,"Admin","1","0.00","0.00","0.00","0.00","0.00","0.00"
"205271","2026-07-29","Air","STARWAYS PRECISIONS PVT. LTD. ","PUNE","SITARGANJ","STARWAYS PRECISIONS PVT. LTD. ","STARWAYS INDUSTRIES (SI)","01","0.00","0.00","Auto Parts ","Client","NA","SANJIT","1","0.00","0.00","0.00","0.00","0.00","0.00"
"205272","2026-07-29","Air","STARWAYS PRECISIONS PVT. LTD. ","PUNE","SITARGANJ","STARWAYS PRECISIONS PVT. LTD. ","ADVIK HI-TECH PVT LTD","01","0.00","0.00","Auto Parts ","Client","NA","SANJIT","1","0.00","0.00","0.00","0.00","0.00","0.00"
"205273","2026-07-29","Train","DALI SAMIR ENGG.PVT LTD-PUNE","PUNE","PANTNAGAR","SANSA AUTO ENGINEERING COMPANY - PUNE","DALI SAMIR ENGG PVT LTD- PTN","04","0.00","0.00","Auto Parts ","Client","NA","SANJIT","1","0.00","0.00","0.00","0.00","0.00","0.00"
"205274","2026-07-29","Air","BELRISE INDUSTRIES LTD UNIT -IX","AURANGABAD","PANTNAGAR","BADVE AUTOCOMPS PVT LTD 1K","BELRISE INDUSTRIES LTD UNIT -IX","10","0.00","0.00","Auto Parts ","Client","NA","SANJIT","1","0.00","0.00","0.00","0.00","0.00","0.00"
"205275","2026-07-29","Train","STARWAYS INDUSTRIES- CHAKAN","PUNE","SITARGANJ","STARWAYS INDUSTRIES- CHAKAN","STARWAYS INDUSTRIES (SI)","25","0.00","0.00","Auto Parts ","Client","NA","SANJIT","1","0.00","0.00","0.00","0.00","0.00","0.00"
"205276","2026-07-29","Air","BELRISE INDUSTRIES LTD UNIT -IX","PUNE","PANTNAGAR","BADVE AUTOCOMPS PVT LTD-II","BELRISE INDUSTRIES LTD UNIT -IX","04","0.00","0.00","Auto Parts ","Client","PICKUP IN BAMBOLI PLANT PUNE","SANJIT","1","0.00","0.00","0.00","0.00","0.00","0.00"
"205277","2026-07-29","Road","U. S. AUTO CONTROLS PVT LTD ","PUNE","PANTNAGAR","U. S. AUTO CONTROLS PVT LTD ","HARIHARESHWAR AUTO TECH PRIVATE LIMITED","10","0.00","0.00","Auto Parts ","Client","NA","SANJIT","1","0.00","0.00","0.00","0.00","0.00","0.00"
"205278","2026-07-29","Road","SKY 4 PUNE","PANTNAGAR","PANTNAGAR","L & L PRODICTS INDIA PVT. LTD.","L & L PRODICTS INDIA PVT. LTD.","06","0.00","0.00","AUTO PART","Client","AUTOMOTIVE SIDCUL","SUNIL","1","0.00","0.00","0.00","0.00","0.00","0.00"
"205279","2026-07-29","Road","SKY 4 PUNE","DELHI-STATION","PANTNAGAR","L & L PRODICTS INDIA PVT. LTD.","L & L PRODICTS INDIA PVT. LTD.","21","0.00","0.00","AUTO PART","Client",,"SUNIL","1","0.00","0.00","0.00","0.00","0.00","0.00"
"205280","2026-07-30","Air","SHREYA INDUSTRIES - PNQ","PUNE","PANTNAGAR","SHREYA INDUSTRIES - PNQ","SHREYA INDUSTRIES- PNT","30","0.00","0.00","Auto Parts ","Client","NA","SANJIT","1","0.00","0.00","0.00","0.00","0.00","0.00"
"205281","2026-07-30","Road","SKY 4 PUNE","DELHI-STATION","PANTNAGAR","L & L PRODICTS INDIA PVT. LTD.","L & L PRODICTS INDIA PVT. LTD.","02","0.00","0.00","AUTO PART","Client",,"SUNIL","1","0.00","0.00","0.00","0.00","0.00","0.00"
"205282","2026-07-30","Air","U. S. AUTO CONTROLS PVT LTD ","PUNE","PANTNAGAR","U. S. AUTO CONTROLS PVT LTD ","HARIHARESHWAR AUTO TECH PRIVATE LIMITED","22","0.00","0.00","Auto Parts ","Client","NA","SANJIT","1","0.00","0.00","0.00","0.00","0.00","0.00"
"205283","2026-07-30","Road","U. S. AUTO CONTROLS PVT LTD ","PUNE","PANTNAGAR","U. S. AUTO CONTROLS PVT LTD ","HARIHARESHWAR AUTO TECH PRIVATE LIMITED","06","0.00","0.00","Auto Parts ","Client","NA","SANJIT","1","0.00","0.00","0.00","0.00","0.00","0.00"
"205284","2026-07-30","Train","STARWAYS INDUSTRIES- CHAKAN","PUNE","SITARGANJ","STARWAYS INDUSTRIES- CHAKAN","STARWAYS INDUSTRIES (SI)","18","0.00","0.00","Auto Parts ","Client","NA","SANJIT","1","0.00","0.00","0.00","0.00","0.00","0.00"
"205285","2026-07-30","Air","STARWAYS PRECISIONS PVT. LTD. ","PUNE","SITARGANJ","STARWAYS PRECISIONS PVT. LTD. ","STARWAYS INDUSTRIES (SI)","02","0.00","0.00","Auto Parts ","Client","NA","SANJIT","1","0.00","0.00","0.00","0.00","0.00","0.00"
"205286","2026-07-30","Air","BELRISE INDUSTRIES LTD UNIT -IX","PUNE","PANTNAGAR","SAI SHRADDHA PRECISION","BELRISE INDUSTRIES LTD UNIT -IX","01","0.00","0.00","Auto Parts ","Client","PICKUP IN BADVE AUTOCOMPS MAHALUNGE PLANT PUNE ","SANJIT","1","0.00","0.00","0.00","0.00","0.00","0.00"
"205287","2026-07-30","Air","BELRISE INDUSTRIES LTD UNIT -IX","PUNE","PANTNAGAR","BADVE AUTOCOMPS PVT LTD-II","BELRISE INDUSTRIES LTD UNIT -IX","12","0.00","0.00","Auto Parts ","Client","PICKUP IN BADVE AUTOCOMPS BAMBOLI PLANT PUNE ","SANJIT","1","0.00","0.00","0.00","0.00","0.00","0.00"
"205288","2026-07-31","Road","SKY 4 PUNE","PANTNAGAR","PANTNAGAR","L & L PRODICTS INDIA PVT. LTD.","L & L PRODICTS INDIA PVT. LTD.","37","0.00","0.00","AUTO PART","Client",,"SUNIL","1","0.00","0.00","0.00","0.00","0.00","0.00"
"205289","2026-07-31","Air","STARWAYS PRECISIONS PVT. LTD. ","PUNE","SITARGANJ","STARWAYS PRECISIONS PVT. LTD. ","STARWAYS INDUSTRIES (SI)","04","0.00","0.00","Auto Parts ","Client","NA","SANJIT","1","0.00","0.00","0.00","0.00","0.00","0.00"
"205290","2026-07-31","Air","BELRISE INDUSTRIES LTD UNIT -IX","AURANGABAD","PANTNAGAR","BADVE AUTOCOMPS PVT LTD 1K","BELRISE INDUSTRIES LTD UNIT -IX","10","0.00","0.00","Auto Parts ","Client","NA","SANJIT","1","0.00","0.00","0.00","0.00","0.00","0.00"
"205291","2026-07-31","Air","BELRISE INDUSTRIES LTD UNIT -IX","PUNE","PANTNAGAR","BADVE AUTOCOMPS PVT LTD-II","BELRISE INDUSTRIES LTD UNIT -IX","06","0.00","0.00","Auto Parts ","Client","NA","SANJIT","1","0.00","0.00","0.00","0.00","0.00","0.00"
"205292","2026-08-01","Road","SHREYA INDUSTRIES - PNQ","PUNE","PANTNAGAR","SHREYA INDUSTRIES - PNQ","SHREYA INDUSTRIES- PNT","36","0.00","0.00","AUTO PART","Client",,"SUNIL","0","0.00","0.00","0.00","0.00","0.00","0.00"
"205293","2026-08-01","Road","SKY 4 PUNE","DELHI-STATION","PANTNAGAR","L & L PRODICTS INDIA PVT. LTD.","L & L PRODICTS INDIA PVT. LTD.","12","0.00","0.00","AUTO PART","Client",,"SUNIL","0","0.00","0.00","0.00","0.00","0.00","0.00"
"205294","2026-08-01","Train","STARWAYS INDUSTRIES (SI)","PUNE","SITARGANJ","RUPKANT INDUSTRIES ","STARWAYS INDUSTRIES (SI)","01","0.00","0.00","Auto Parts ","Client","NA","SANJIT","0","0.00","0.00","0.00","0.00","0.00","0.00"
"205295","2026-08-01","Air","STARWAYS PRECISIONS PVT. LTD. ","PUNE","SITARGANJ","STARWAYS PRECISIONS PVT. LTD. ","STARWAYS INDUSTRIES (SI)","02","0.00","0.00","Auto Parts ","Client","NA","SANJIT","0","0.00","0.00","0.00","0.00","0.00","0.00"
"205296","2026-08-01","Air","U. S. AUTO CONTROLS PVT LTD ","PUNE","PANTNAGAR","U. S. AUTO CONTROLS PVT LTD ","HARIHARESHWAR AUTO TECH PRIVATE LIMITED","14","0.00","0.00","Auto Parts ","Client","NA","SANJIT","0","0.00","0.00","0.00","0.00","0.00","0.00"
"205297","2026-08-01","Air","BELRISE INDUSTRIES LTD UNIT -IX","AURANGABAD","PANTNAGAR","DHANANJAY AUTO CRAFT PVT.LTD - I","BELRISE INDUSTRIES LTD UNIT -IX","10","0.00","0.00","Auto Parts ","Client","NA","SANJIT","0","0.00","0.00","0.00","0.00","0.00","0.00"
"205298","2026-08-01","Air","BELRISE INDUSTRIES LTD UNIT -IX","AURANGABAD","PANTNAGAR","BADVE AUTOCOMPS PVT LTD 1K","BELRISE INDUSTRIES LTD UNIT -IX","07","0.00","0.00","Auto Parts ","Client","NA","SANJIT","0","0.00","0.00","0.00","0.00","0.00","0.00"
"205299","2026-08-02","Air","BELRISE INDUSTRIES LTD UNIT -IX","PUNE","PANTNAGAR","BADVE AUTOCOMPS PVT LTD-II","BELRISE INDUSTRIES LTD UNIT -IX","03","0.00","0.00","Auto Parts ","Client","NA","SUNIL","0","0.00","0.00","0.00","0.00","0.00","0.00"
"205300","2026-08-02","Air","BELRISE INDUSTRIES LTD UNIT -IX","PUNE","PANTNAGAR","BADVE AUTOCOMPS PVT LTD-II","BELRISE INDUSTRIES LTD UNIT -IX","15","0.00","0.00","Auto Parts ","Client","NA","SUNIL","0","0.00","0.00","0.00","0.00","0.00","0.00"
"205301","2026-08-02","Air","REUTTER INNOVATIVE CLOSURE TECHNOLOGIES (P) LTD","PUNE","CHENNAI","CRD COMPONENTS ","REUTTER INNOVATIVE CLOSURE TECHNOLOGIES (P) LTD","01","0.00","0.00","Auto Parts ","Client","Pickup in Premolc company Pune, Narhe","SANJIT","0","0.00","0.00","0.00","0.00","0.00","0.00"
"205302","2026-08-02","Train","DALI SAMIR ENGG.PVT LTD-PUNE","PUNE","PANTNAGAR","SANSA AUTO ENGINEERING COMPANY - PUNE","DALI SAMIR ENGG PVT LTD- PTN","08","0.00","0.00","Auto Parts ","Client","NA","SANJIT","0","0.00","0.00","0.00","0.00","0.00","0.00"
"205303","2026-08-02","Air","BELRISE INDUSTRIES LTD UNIT -IX","PUNE","PANTNAGAR","PJ AUTOMATION SOLUTIONS ","BELRISE INDUSTRIES LTD UNIT -IX","01","0.00","0.00","Auto Parts ","Client","NA","SANJIT","0","0.00","0.00","0.00","0.00","0.00","0.00"
"205304","2026-08-02","Train","SKY 4 PUNE","PUNE","PANTNAGAR","L & L PRODICTS INDIA PVT. LTD.","L & L PRODICTS INDIA PVT. LTD.","02","0.00","0.00","AUTO PART","Client",,"SUNIL","0","0.00","0.00","0.00","0.00","0.00","0.00"
"205305","2026-08-03","Air","SKY 4 PUNE","PUNE","PANTNAGAR","L & L PRODICTS INDIA PVT. LTD.","L & L PRODICTS INDIA PVT. LTD.","46","0.00","0.00","AUTO PART","Client",,"SUNIL","0","0.00","0.00","0.00","0.00","0.00","0.00"
"205306","2026-08-03","Road","SHREYA INDUSTRIES - PNQ","PUNE","PANTNAGAR","SHREYA INDUSTRIES - PNQ","SHREYA INDUSTRIES- PNT","20","0.00","0.00","AUTO PART","Client",,"SUNIL","0","0.00","0.00","0.00","0.00","0.00","0.00"
"205307","2026-08-03","Road","SHREYA INDUSTRIES - PNQ","PUNE","PANTNAGAR","SHREYA INDUSTRIES - PNQ","SHREYA INDUSTRIES- PNT","16","0.00","0.00","AUTO PART","Client",,"SUNIL","0","0.00","0.00","0.00","0.00","0.00","0.00"
"205308","2026-08-03","Air","DALI SAMIR ENGG.PVT LTD-PUNE","PUNE","PANTNAGAR","SANSA AUTO ENGINEERING COMPANY - PUNE","DALI SAMIR ENGG PVT LTD- PTN","04","0.00","0.00","Auto Parts ","Client","NA","SANJIT","0","0.00","0.00","0.00","0.00","0.00","0.00"
"205309","2026-08-03","Air","DALI SAMIR ENGG.PVT LTD-PUNE","PUNE","PANTNAGAR","SANSA AUTO ENGINEERING COMPANY - PUNE","DALI SAMIR ENGG PVT LTD- PTN","02","0.00","0.00","Auto Parts ","Client","NA","SANJIT","0","0.00","0.00","0.00","0.00","0.00","0.00"
"205310","2026-08-03","Air","DALI SAMIR ENGG.PVT LTD-PUNE","PUNE","PANTNAGAR","SANSA AUTO ENGINEERING COMPANY - PUNE","DALI SAMIR ENGG PVT LTD- PTN","02","0.00","0.00","Auto Parts ","Client","NA","SANJIT","0","0.00","0.00","0.00","0.00","0.00","0.00"
"205311","2026-08-03","Air","STARWAYS INDUSTRIES- CHAKAN","PUNE","SITARGANJ","STARWAYS INDUSTRIES- CHAKAN","STARWAYS INDUSTRIES (SI)","01","0.00","0.00","Auto Parts ","Client","NA","SANJIT","0","0.00","0.00","0.00","0.00","0.00","0.00"
"205312","2026-08-03","Air","STARWAYS PRECISIONS PVT. LTD. ","PUNE","SITARGANJ","STARWAYS PRECISIONS PVT. LTD. ","STARWAYS INDUSTRIES (SI)","02","0.00","0.00","Auto Parts ","Client","NA","SANJIT","0","0.00","0.00","0.00","0.00","0.00","0.00"
"205313","2026-08-03","Train","STARWAYS PRECISIONS PVT. LTD. ","PUNE","SITARGANJ","STARWAYS PRECISIONS PVT. LTD. ","STARWAYS INDUSTRIES (SI)","08","0.00","0.00","Auto Parts ","Client","NA","SANJIT","0","0.00","0.00","0.00","0.00","0.00","0.00"
"205314","2026-08-03","Air","U. S. AUTO CONTROLS PVT LTD ","PUNE","PANTNAGAR","U. S. AUTO CONTROLS PVT LTD ","HARIHARESHWAR AUTO TECH PRIVATE LIMITED","10","0.00","0.00","Auto Parts ","Client","NA","SANJIT","0","0.00","0.00","0.00","0.00","0.00","0.00"
"205315","2026-08-04","Train","DALI SAMIR ENGG.PVT LTD-PUNE","PUNE","PANTNAGAR","SANSA AUTO ENGINEERING COMPANY - PUNE","DALI SAMIR ENGG PVT LTD- PTN","09","0.00","0.00","Auto Parts ","Client","NA","SANJIT","0","0.00","0.00","0.00","0.00","0.00","0.00"
"205316","2026-08-04","Air","U. S. AUTO CONTROLS PVT LTD ","PUNE","PANTNAGAR","U. S. AUTO CONTROLS PVT LTD ","HARIHARESHWAR AUTO TECH PRIVATE LIMITED","11","0.00","0.00","Auto Parts ","Client","NA","SANJIT","0","0.00","0.00","0.00","0.00","0.00","0.00"
"205317","2026-08-05","Air","SHREYA INDUSTRIES - PNQ","PUNE","PANTNAGAR","SHREYA INDUSTRIES - PNQ","SHREYA INDUSTRIES- PNT","36","0.00","0.00","Auto parts ","Client",,"SUNIL","0","0.00","0.00","0.00","0.00","0.00","0.00"
"205318","2026-08-03","Air","BELRISE INDUSTRIES LTD UNIT -IX","PUNE","PANTNAGAR","BADVE AUTOCOMPS PVT LTD-II","BELRISE INDUSTRIES LTD UNIT -IX","11","0.00","0.00","AUTO PARTS","Client",,"Admin","0","0.00","0.00","0.00","0.00","0.00","0.00"
"205319","2026-08-04","Air","BELRISE INDUSTRIES LTD UNIT -IX","AURANGABAD","PANTNAGAR","BADVE AUTOCOMPS PVT LTD 1K","BELRISE INDUSTRIES LTD UNIT -IX","16","0.00","0.00","AUTO PARTS","Client",,"Admin","0","0.00","0.00","0.00","0.00","0.00","0.00"
"205320","2026-08-04","Air","BELRISE INDUSTRIES LTD UNIT -IX","PUNE","PANTNAGAR","BADVE AUTOCOMPS PVT LTD-II","BELRISE INDUSTRIES LTD UNIT -IX","9","0.00","0.00","AUTO PARTS","Client","NA","Admin","0","0.00","0.00","0.00","0.00","0.00","0.00"
"205321","2026-08-04","Air","HIMALAYAN AUTO ERA PVT LTD","NASIK","PANTNAGAR","MD INDUSTRIES","HIMALAYAN AUTO ERA PVT LTD","3","0.00","0.00","AUTO PARTS","Client",,"Admin","0","0.00","0.00","0.00","0.00","0.00","0.00"
"205322","2026-08-03","Air","SKY 4 PUNE","PUNE","PANTNAGAR","L & L PRODICTS INDIA PVT. LTD.","L & L PRODICTS INDIA PVT. LTD.","18","0.00","0.00","AUTO PART","Client",,"SUNIL","0","0.00","0.00","0.00","0.00","0.00","0.00"
"205323","2026-08-05","Road","SKY 4 PUNE","PUNE","PANTNAGAR","L & L PRODICTS INDIA PVT. LTD.","L & L PRODICTS INDIA PVT. LTD.","15","0.00","0.00","AUTO PART","Client",,"SUNIL","0","0.00","0.00","0.00","0.00","0.00","0.00"
"205324","2026-08-05","Air","U. S. AUTO CONTROLS PVT LTD ","PUNE","PANTNAGAR","U. S. AUTO CONTROLS PVT LTD ","HARIHARESHWAR AUTO TECH PRIVATE LIMITED","09","0.00","0.00","Auto Parts ","Client","NA","SANJIT","0","0.00","0.00","0.00","0.00","0.00","0.00"
"205325","2026-08-05","Air","DALI SAMIR ENGG.PVT LTD-PUNE","PUNE","PANTNAGAR","SANSA AUTO ENGINEERING COMPANY - PUNE","DALI SAMIR ENGG PVT LTD- PTN","04","0.00","0.00","Auto Parts ","Client","NA","SANJIT","0","0.00","0.00","0.00","0.00","0.00","0.00"
"205326","2026-08-05","Air","DALI SAMIR ENGG.PVT LTD-PUNE","PUNE","PANTNAGAR","SANSA AUTO ENGINEERING COMPANY - PUNE","DALI SAMIR ENGG PVT LTD- PTN","03","0.00","0.00","Auto Parts ","Client","NA","SUNIL","0","0.00","0.00","0.00","0.00","0.00","0.00"
"205327","2026-08-05","Train","PANORAMA AUTOMOTIVE IND. PVT. LTD.","PUNE","PANTNAGAR","POLE STAR AUTO","PANORAMA AUTOMOTIVE IND. PVT. LTD.","03","0.00","0.00","Auto Parts ","Client","NA","SANJIT","0","0.00","0.00","0.00","0.00","0.00","0.00"
"205328","2026-08-05","Air","SKY 4 PUNE","PUNE","PANTNAGAR","L & L PRODICTS INDIA PVT. LTD.","L & L PRODICTS INDIA PVT. LTD.","23","0.00","0.00","AUTO PART","Client",,"SUNIL","0","0.00","0.00","0.00","0.00","0.00","0.00"
"205329","2026-08-06","Air","SKY 4 PUNE","PUNE","PANTNAGAR","L & L PRODICTS INDIA PVT. LTD.","L & L PRODICTS INDIA PVT. LTD.","27","0.00","0.00","AUTO PART","Client",,"SUNIL","0","0.00","0.00","0.00","0.00","0.00","0.00"
"205330","2026-08-05","Air","BELRISE INDUSTRIES LTD UNIT -IX","AURANGABAD","PANTNAGAR","BADVE AUTOCOMPS PVT LTD 1K","BELRISE INDUSTRIES LTD UNIT -IX","07","0.00","0.00","Auto Parts ","Client","NA","SANJIT","0","0.00","0.00","0.00","0.00","0.00","0.00"
"205331","2026-08-06","Road","U. S. AUTO CONTROLS PVT LTD ","PUNE","PANTNAGAR","U. S. AUTO CONTROLS PVT LTD ","METALFABTECH LLP","04","0.00","0.00","Auto Parts ","Client","NA","SANJIT","0","0.00","0.00","0.00","0.00","0.00","0.00"
"205332","2026-08-06","Air","U. S. AUTO CONTROLS PVT LTD ","PUNE","PANTNAGAR","U. S. AUTO CONTROLS PVT LTD ","HARIHARESHWAR AUTO TECH PRIVATE LIMITED","02","0.00","0.00","Auto Parts ","Client","NA","SANJIT","0","0.00","0.00","0.00","0.00","0.00","0.00"
"205333","2026-08-06","Road","U. S. AUTO CONTROLS PVT LTD ","PUNE","PANTNAGAR","U. S. AUTO CONTROLS PVT LTD ","HARIHARESHWAR AUTO TECH PRIVATE LIMITED","05","0.00","0.00","Auto Parts ","Client","NA","SANJIT","0","0.00","0.00","0.00","0.00","0.00","0.00"
"205334","2026-08-05","Air","BELRISE INDUSTRIES LTD UNIT -IX","AURANGABAD","PANTNAGAR","MAHAVIR ENGINEERING WORKS ","BELRISE INDUSTRIES LTD UNIT -IX","02","0.00","0.00","Auto Parts ","Client","NA","SANJIT","0","0.00","0.00","0.00","0.00","0.00","0.00"
"205335","2026-08-05","Air","BELRISE INDUSTRIES LTD UNIT -IX","PUNE","PANTNAGAR","AMEYA INDUSTRIES","BELRISE INDUSTRIES LTD UNIT -IX","10","0.00","0.00","AUTO PARTS","Client",,"Admin","0","0.00","0.00","0.00","0.00","0.00","0.00"
"205336","2026-08-06","Train","DALI SAMIR ENGG.PVT LTD-PUNE","PUNE","PANTNAGAR","DALI SAMIR ENGG.PVT LTD-PUNE","DALI SAMIR ENGG PVT LTD- PTN","04","0.00","0.00","Auto Parts ","Client","NA","SANJIT","0","0.00","0.00","0.00","0.00","0.00","0.00"
"205337","2026-08-05","Air","BELRISE INDUSTRIES LTD UNIT -IX","PUNE","PANTNAGAR","BADVE AUTOCOMPS PVT LTD-II","BELRISE INDUSTRIES LTD UNIT -IX","04","0.00","0.00","Auto Parts ","Client","PICKUP IN NIGS INDIA PRIVATE LIMITED NANEKARWADI, PUNE PLANT ","SANJIT","0","0.00","0.00","0.00","0.00","0.00","0.00"
"205338","2026-08-05","Air","BELRISE INDUSTRIES LTD UNIT -IX","PUNE","PANTNAGAR","BADVE AUTOCOMPS PVT LTD-II","BELRISE INDUSTRIES LTD UNIT -IX","09","0.00","0.00","Auto Parts ","Client","PICKUP IN NIGS INDIA PRIVATE LIMITED NANEKARWADI, PUNE PLANT ","SANJIT","0","0.00","0.00","0.00","0.00","0.00","0.00"
"205339","2026-07-31","Road","NOKA FRIEGHT CARRIERS PVT LTD","DELHI_AIRPORT-STATION","PANTNAGAR","NOKA FRIEGHT CARRIERS PVT LTD","NOKA FRIEGHT CARRIERS PVT LTD","1597","0.00","31435.00","AUTO PARTS","Client",,"Admin","1","0.00","0.00","0.00","0.00","0.00","0.00"
"205340","2026-08-07","Road","SHREYA INDUSTRIES - PNQ","PUNE","PANTNAGAR","SHREYA INDUSTRIES - PNQ","SHREYA INDUSTRIES- PNT","30","0.00","0.00","AUTO PART","Client",,"SUNIL","0","0.00","0.00","0.00","0.00","0.00","0.00"
"205341","2026-08-06","Air","BELRISE INDUSTRIES LTD UNIT -IX","AURANGABAD","PANTNAGAR","BADVE AUTOCOMPS PVT LTD-II","BELRISE INDUSTRIES LTD UNIT -IX","10","0.00","0.00","AUTO PARTS","Client",,"Admin","0","0.00","0.00","0.00","0.00","0.00","0.00"
"205342","2026-08-07","Train","HIMALAYAN AUTO ERA PVT LTD","PUNE","PANTNAGAR","ATHARVA FOUNDRIES PVT. LTD.","HIMALAYAN AUTO ERA PVT LTD","20","0.00","0.00","Auto Parts ","Client","PICKUP IN DHIMESH INDUSTRIES AANANDI PHATA, PUNE PLANT ","SANJIT","0","0.00","0.00","0.00","0.00","0.00","0.00"
"205343","2026-08-07","Air","BELRISE INDUSTRIES LTD UNIT -IX","PUNE","PANTNAGAR","PJ AUTOMATION SOLUTIONS ","BELRISE INDUSTRIES LTD UNIT -IX","01","0.00","0.00","Auto Parts ","Client","NA","SANJIT","0","0.00","0.00","0.00","0.00","0.00","0.00"
"205344","2026-08-07","Train","DALI SAMIR ENGG.PVT LTD-PUNE","PUNE","PANTNAGAR","SANSA AUTO ENGINEERING COMPANY - PUNE","DALI SAMIR ENGG PVT LTD- PTN","04","0.00","0.00","Auto Parts ","Client","NA","SANJIT","0","0.00","0.00","0.00","0.00","0.00","0.00"
"205345","2026-08-07","Air","U. S. AUTO CONTROLS PVT LTD ","PUNE","PANTNAGAR","U. S. AUTO CONTROLS PVT LTD ","HARIHARESHWAR AUTO TECH PRIVATE LIMITED","12","0.00","0.00","Auto Parts ","Client","NA","SANJIT","0","0.00","0.00","0.00","0.00","0.00","0.00"
"205346","2026-08-07","Air","BELRISE INDUSTRIES LTD UNIT -IX","PUNE","PANTNAGAR","PJ AUTOMATION SOLUTIONS ","BELRISE INDUSTRIES LTD UNIT -IX","01","0.00","0.00","Auto Parts ","Client","NA","SANJIT","0","0.00","0.00","0.00","0.00","0.00","0.00"
"205347","2026-08-07","Air","BELRISE INDUSTRIES LTD UNIT -IX","PANTNAGAR","PUNE","BELRISE INDUSTRIES LTD UNIT -IX","BADVE AUTOCOMPS PVT LTD-II","10 BAG","0.00","0.00","AUTO PARTS","Client",,"Admin","0","0.00","0.00","0.00","0.00","0.00","0.00"
"205348","2026-08-07","Air","U. S. AUTO CONTROLS PVT LTD ","ROHTAK","PUNE","SHRI RAM INDUSTRIES ","HARIHARESHWAR AUTO TECH PRIVATE LIMITED","04","0.00","0.00","Auto Parts ","Client","DELIVERY POINT U.S. AUTO CONTROLS PVT LTD DEHU, PUNE PLANT ","SANJIT","0","0.00","0.00","0.00","0.00","0.00","0.00"
"205349","2026-08-08","Road Express","HIMALAYAN AUTO ERA PVT LTD","PUNE","PANTNAGAR","FRACTMET ENGINEERING LLP","HIMALAYAN AUTO ERA PVT LTD","12","0.00","0.00","Auto Parts ","Client","NA","SANJIT","0","0.00","0.00","0.00","0.00","0.00","0.00"
"205350","2026-08-08","Road","SHREYA INDUSTRIES - PNQ","PUNE","PANTNAGAR","SHREYA INDUSTRIES - PNQ","SHREYA INDUSTRIES- PNT","30","0.00","0.00","Auto Parts ","Client","NA","SANJIT","0","0.00","0.00","0.00","0.00","0.00","0.00"
"205351","2026-08-08","Train","DALI SAMIR ENGG.PVT LTD-PUNE","PUNE","PANTNAGAR","SANSA AUTO ENGINEERING COMPANY - PUNE","DALI SAMIR ENGG PVT LTD- PTN","07","0.00","0.00","Auto Parts ","Client","NA","Admin","0","0.00","0.00","0.00","0.00","0.00","0.00"
"205352","2026-08-08","Air","BELRISE INDUSTRIES LTD UNIT -IX","PANTNAGAR","PUNE","BELRISE INDUSTRIES LTD UNIT -IX","BADVE AUTOCOMPS PVT LTD-II","10 BAGS","0.00","0.00","AUTO PART","Client",,"SUNIL","0","0.00","0.00","0.00","0.00","0.00","0.00"
"205353","2026-08-08","Air","U. S. AUTO CONTROLS PVT LTD ","PUNE","PANTNAGAR","U. S. AUTO CONTROLS PVT LTD ","HARIHARESHWAR AUTO TECH PRIVATE LIMITED","11","0.00","0.00","Auto Parts ","Client","NA","SANJIT","0","0.00","0.00","0.00","0.00","0.00","0.00"
"205354","2026-08-06","Train","DALI SAMIR ENGG.PVT LTD-PUNE","PUNE","PANTNAGAR","SANSA AUTO ENGINEERING COMPANY - PUNE","DALI SAMIR ENGG PVT LTD- PTN","04","0.00","0.00","AUTO PART","Client",,"SUNIL","0","0.00","0.00","0.00","0.00","0.00","0.00"
"205355","2026-08-09","Air","BELRISE INDUSTRIES LTD UNIT -IX","PANTNAGAR","PUNE","BELRISE INDUSTRIES LTD UNIT -IX","BADVE AUTOCOMPS PVT LTD-II","13 BAGS","0.00","0.00","AUTO PARTS","Client",,"Admin","0","0.00","0.00","0.00","0.00","0.00","0.00"
"205356","2026-08-05","Train","ASHA INDUSTRIES","AURANGABAD","PANTNAGAR","ASHA INDUSTRIES","BELRISE INDUSTRIES LTD UNIT -IX","01","0.00","0.00","Auto Parts ","Client","NA","SANJIT","0","0.00","0.00","0.00","0.00","0.00","0.00"
"205357","2026-08-09","Air","U. S. AUTO CONTROLS PVT LTD ","PUNE","PANTNAGAR","U. S. AUTO CONTROLS PVT LTD ","HARIHARESHWAR AUTO TECH PRIVATE LIMITED","05","0.00","0.00","Auto Parts ","Client","NA","SANJIT","0","0.00","0.00","0.00","0.00","0.00","0.00"
"205358","2026-08-09","Train","PANORAMA AUTOMOTIVE IND. PVT. LTD.","PUNE","PANTNAGAR","SHREE KAPUR INDUSTRIES ","PANORAMA AUTOMOTIVE IND. PVT. LTD.","04","0.00","0.00","Auto Parts ","Client","NA","SANJIT","0","0.00","0.00","0.00","0.00","0.00","0.00"
"205359","2026-08-10","Road","SKY 4 PUNE","DELHI-STATION","PANTNAGAR","SKY 4 PUNE","SKY 4 PANTNAGAR","23","0.00","0.00","Auto parts ","Client",,"Admin","0","0.00","0.00","0.00","0.00","0.00","0.00"
"205360","2026-08-10","Road","SKY 4 PUNE","DELHI-AIRPORT","PANTNAGAR","L & L PRODICTS INDIA PVT. LTD.","L & L PRODICTS INDIA PVT. LTD.","6","0.00","0.00","AUTO PARTS","Client",,"Admin","0","0.00","0.00","0.00","0.00","0.00","0.00"
"205361","2026-09-10","Air","SKY 4 PUNE","PUNE","PANTNAGAR","THAKUR PLASTICS -","ROOP POLYMERS LIMITED","5","0.00","0.00","AUTO PART","Client",,"SUNIL","0","0.00","0.00","0.00","0.00","0.00","0.00"
"205362","2026-08-10","Road","SHREYA INDUSTRIES - PNQ","PUNE","PANTNAGAR","SHREYA INDUSTRIES - PNQ","SHREYA INDUSTRIES- PNT","30","0.00","0.00","Auto Parts ","Client","NA","SANJIT","0","0.00","0.00","0.00","0.00","0.00","0.00"
"205363","2026-08-10","Road","JAY BALAJI LOGISTICS ","PANTNAGAR","DELHI","JAY BALAJI LOGISTICS ","JAY BALAJI LOGISTICS ","18","205.00","205.00","AUTO PARTS ","Client",,"Admin","0","1025.00","100.00","0.00","0.00","0.00","0.00"
"205364","2026-08-10","Air","BELRISE INDUSTRIES LTD UNIT -IX","PUNE","PANTNAGAR","BADVE AUTOCOMPS PVT LTD-II","BELRISE INDUSTRIES LTD UNIT -IX","10","0.00","0.00","Auto Parts ","Client","NA","SANJIT","0","0.00","0.00","0.00","0.00","0.00","0.00"
"205365","2026-08-10","Air","BELRISE INDUSTRIES LTD UNIT -IX","PUNE","PANTNAGAR","BADVE AUTOCOMPS PVT LTD-II","BELRISE INDUSTRIES LTD UNIT -IX","15","0.00","0.00","Auto Parts ","Client","NA","SANJIT","0","0.00","0.00","0.00","0.00","0.00","0.00"
"205366","2026-08-10","Air","BELRISE INDUSTRIES LTD UNIT -IX","AURANGABAD","PANTNAGAR","DHANANJAY AUTO CRAFT PVT.LTD - I","BELRISE INDUSTRIES LTD UNIT -IX","20","0.00","0.00","Auto Parts ","Client","NA","SANJIT","0","0.00","0.00","0.00","0.00","0.00","0.00"
"205367","2026-08-10","Air","U. S. AUTO CONTROLS PVT LTD ","PUNE","PANTNAGAR","U. S. AUTO CONTROLS PVT LTD ","HARIHARESHWAR AUTO TECH PRIVATE LIMITED","13","0.00","0.00","Auto Parts ","Client","NA","SANJIT","0","0.00","0.00","0.00","0.00","0.00","0.00"
"205368","2026-08-11","Road","U. S. AUTO CONTROLS PVT LTD ","PUNE","PANTNAGAR","U. S. AUTO CONTROLS PVT LTD ","HARIHARESHWAR AUTO TECH PRIVATE LIMITED","05","0.00","0.00","Auto Parts ","Client","NA","SANJIT","0","0.00","0.00","0.00","0.00","0.00","0.00"
"205369","2026-08-11","Air","SKY 4 PUNE","PUNE","PANTNAGAR","L & L PRODICTS INDIA PVT. LTD.","L & L PRODICTS INDIA PVT. LTD.","01","0.00","0.00","AUTO PART","Client",,"SUNIL","0","0.00","0.00","0.00","0.00","0.00","0.00"
"205370","2026-08-11","Road Express","HIMALAYAN AUTO ERA PVT LTD","PUNE","PANTNAGAR","ATHARVA FOUNDRIES PVT. LTD.","HIMALAYAN AUTO ERA PVT LTD","20","0.00","0.00","Auto Parts ","Client","NA","SANJIT","0","0.00","0.00","0.00","0.00","0.00","0.00"
"205373","2026-08-11","Road","SHREYA INDUSTRIES - PNQ","PUNE","PANTNAGAR","SHREYA INDUSTRIES - PNQ","SHREYA INDUSTRIES- PNT","30","0.00","0.00","Auto Parts ","Client","NA","SANJIT","0","0.00","0.00","0.00","0.00","0.00","0.00"
"205372","2026-08-11","Air","AOR LOGISTICS PRIVATE LIMITED ","DELHI-AIRPORT","PUNE","RUDRA CASTING PRIVATE LIMITED ","STANLEY BLACK AND DECKER INDIA PVT. LTD.","16","0.00","0.00","AUTO PARTS ","Client","AIRPORT DELIVERY ","Admin","0","0.00","0.00","0.00","0.00","0.00","0.00"
"205374","2026-08-11","Air","U. S. AUTO CONTROLS PVT LTD ","PANTNAGAR","PUNE","HARIHARESHWAR AUTO TECH PRIVATE LIMITED","U. S. AUTO CONTROLS PVT LTD ","08 BAGS","0.00","0.00","AUTO PART","Client",,"SUNIL","0","0.00","0.00","0.00","0.00","0.00","0.00"
"205375","2026-08-11","Air","BELRISE INDUSTRIES LTD UNIT -IX","PANTNAGAR","PUNE","BELRISE INDUSTRIES LTD UNIT -IX","BADVE AUTOCOMPS PVT LTD-II","21 BAGS","0.00","0.00","AUTO PART","Client",,"SUNIL","0","0.00","0.00","0.00","0.00","0.00","0.00"
"205371","2026-08-11","Air","DALI SAMIR ENGG.PVT LTD-PUNE","PUNE","PANTNAGAR","SANSA AUTO ENGINEERING COMPANY - PUNE","DALI SAMIR ENGG PVT LTD- PTN","02","0.00","0.00","Auto Parts ","Client","NA","SANJIT","0","0.00","0.00","0.00","0.00","0.00","0.00"
"205376","2026-08-11","Air","U. S. AUTO CONTROLS PVT LTD ","PUNE","PANTNAGAR","U. S. AUTO CONTROLS PVT LTD ","HARIHARESHWAR AUTO TECH PRIVATE LIMITED","07","0.00","0.00","Auto Parts ","Client","NA","SANJIT","0","0.00","0.00","0.00","0.00","0.00","0.00"
"205377","2026-08-11","Air","BELRISE INDUSTRIES LTD UNIT -IX","PUNE","PANTNAGAR","BADVE AUTOCOMPS PVT LTD-II","BELRISE INDUSTRIES LTD UNIT -IX","11","0.00","0.00","Auto Parts ","Client","NA","SANJIT","0","0.00","0.00","0.00","0.00","0.00","0.00"
"205378","2026-08-11","Air","BELRISE INDUSTRIES LTD UNIT -IX","PUNE","PANTNAGAR","BADVE AUTOCOMPS PVT LTD-II","BELRISE INDUSTRIES LTD UNIT -IX","10","0.00","0.00","Auto Parts ","Client","NA","SANJIT","0","0.00","0.00","0.00","0.00","0.00","0.00"
"205379","2026-08-12","Road","SKY 4 PUNE","DELHI-AIRPORT","PANTNAGAR","L & L PRODICTS INDIA PVT. LTD.","L & L PRODICTS INDIA PVT. LTD.","25","0.00","0.00","AUTO PARTS","Client",,"Admin","0","0.00","0.00","0.00","0.00","0.00","0.00"
"205380","2026-08-12","Road","SKY 4 PUNE","DELHI-STATION","PANTNAGAR","L & L PRODICTS INDIA PVT. LTD.","L & L PRODICTS INDIA PVT. LTD.","35","0.00","0.00","AUTO PARTS","Client",,"Admin","0","0.00","0.00","0.00","0.00","0.00","0.00"
"205381","2026-08-12","Air","DALI SAMIR ENGG.PVT LTD-PUNE","PUNE","PANTNAGAR","SANSA AUTO ENGINEERING COMPANY - PUNE","DALI SAMIR ENGG PVT LTD- PTN","02","0.00","0.00","Auto Parts ","Client","NA","SUNIL","0","0.00","0.00","0.00","0.00","0.00","0.00"
"205382","2026-08-13","Road","SHREYA INDUSTRIES - PNQ","PUNE","PANTNAGAR","SHREYA INDUSTRIES - PNQ","SHREYA INDUSTRIES- PNT","30","0.00","30.00","AUTO PARTS","Client",,"Admin","0","0.00","0.00","0.00","0.00","0.00","0.00"
"205383","2026-08-12","Air","U. S. AUTO CONTROLS PVT LTD ","PUNE","PANTNAGAR","U. S. AUTO CONTROLS PVT LTD ","HARIHARESHWAR AUTO TECH PRIVATE LIMITED","05","0.00","0.00","Auto Parts ","Client","NA","SANJIT","0","0.00","0.00","0.00","0.00","0.00","0.00"
"205384","2026-08-13","Road","U. S. AUTO CONTROLS PVT LTD ","PUNE","PANTNAGAR","U. S. AUTO CONTROLS PVT LTD ","METALFABTECH LLP","04","0.00","0.00","Auto Parts ","Client","NA","SANJIT","0","0.00","0.00","0.00","0.00","0.00","0.00"
"205385","2026-08-13","Road","SKY 4 PUNE","PUNE","PANTNAGAR","L & L PRODICTS INDIA PVT. LTD.","L & L PRODICTS INDIA PVT. LTD.","18","0.00","0.00","AUTO PART","Client",,"SUNIL","0","0.00","0.00","0.00","0.00","0.00","0.00"
"205386","2026-08-13","Road","SHREYA INDUSTRIES - PNQ","PUNE","PANTNAGAR","SHREYA INDUSTRIES - PNQ","SHREYA INDUSTRIES- PNT","30","0.00","0.00","AUTO PARTS ","Client",,"Admin","0","0.00","0.00","0.00","0.00","0.00","0.00"
"205387","2026-08-13","Air","U. S. AUTO CONTROLS PVT LTD ","PUNE","PANTNAGAR","U. S. AUTO CONTROLS PVT LTD ","HARIHARESHWAR AUTO TECH PRIVATE LIMITED","06","0.00","0.00","Auto Parts ","Client","NA","SANJIT","0","0.00","0.00","0.00","0.00","0.00","0.00"
"205388","2026-08-12","Air","BELRISE INDUSTRIES LTD UNIT -IX","PUNE","PANTNAGAR","BADVE AUTOCOMPS PVT LTD-II","BELRISE INDUSTRIES LTD UNIT -IX","25 BOX","0.00","0.00","AUTO PART","Client",,"SUNIL","0","0.00","0.00","0.00","0.00","0.00","0.00"
"205389","2026-08-14","Road","U. S. AUTO CONTROLS PVT LTD ","PUNE","PANTNAGAR","U. S. AUTO CONTROLS PVT LTD ","HARIHARESHWAR AUTO TECH PRIVATE LIMITED","08","0.00","0.00","Auto Parts ","Client","NA","SANJIT","0","0.00","0.00","0.00","0.00","0.00","0.00"
"205390","2026-08-14","Road","U. S. AUTO CONTROLS PVT LTD ","PUNE","PANTNAGAR","U. S. AUTO CONTROLS PVT LTD ","METALFABTECH LLP","04","0.00","0.00","Auto Parts ","Client","NA","SANJIT","0","0.00","0.00","0.00","0.00","0.00","0.00"
"205391","2026-08-12","Air","BELRISE INDUSTRIES LTD UNIT -IX","PUNE","PANTNAGAR","BADVE AUTOCOMPS PVT LTD-II","BELRISE INDUSTRIES LTD UNIT -IX","25","0.00","0.00","Auto Parts ","Client","NA","SANJIT","0","0.00","0.00","0.00","0.00","0.00","0.00"
"205392","2026-08-13","Air","BELRISE INDUSTRIES LTD UNIT -IX","PUNE","PANTNAGAR","BADVE AUTOCOMPS PVT LTD-II","BELRISE INDUSTRIES LTD UNIT -IX","16","0.00","0.00","Auto Parts ","Client","NA","SANJIT","0","0.00","0.00","0.00","0.00","0.00","0.00"
"205393","2026-08-14","Road","DALI SAMIR ENGG.PVT LTD-PUNE","PANTNAGAR","PUNE","DALI SAMIR ENGG PVT LTD- PTN","DALI SAMIR ENGG.PVT LTD-PUNE","2","0.00","3000.00","DG SET","Client",,"Admin","0","0.00","0.00","0.00","0.00","0.00","0.00"
"205394","2026-08-14","Road","SKY 4 PUNE","PUNE","PANTNAGAR","L & L PRODICTS INDIA PVT. LTD.","L & L PRODICTS INDIA PVT. LTD.","10","0.00","0.00","AUTO PART","Client",,"SUNIL","0","0.00","0.00","0.00","0.00","0.00","0.00"
"205395","2026-08-14","Air","HIMALAYAN AUTO ERA PVT LTD","PUNE","PANTNAGAR","VENKATESH AUTOMOBILE PVT LTD","HIMALAYAN AUTO ERA PVT LTD","150","0.00","0.00","Auto Parts ","Client","NA","SANJIT","1","0.00","0.00","0.00","0.00","0.00","0.00"
"205396","2026-08-14","Air","BELRISE INDUSTRIES LTD UNIT -IX","PUNE","PANTNAGAR","BADVE AUTOCOMPS PVT LTD-II","BELRISE INDUSTRIES LTD UNIT -IX","16","0.00","0.00","Auto Parts ","Client","NA","SANJIT","0","0.00","0.00","0.00","0.00","0.00","0.00"
"205397","2026-08-14","Air","U. S. AUTO CONTROLS PVT LTD ","PUNE","PANTNAGAR","U. S. AUTO CONTROLS PVT LTD ","HARIHARESHWAR AUTO TECH PRIVATE LIMITED","07","0.00","0.00","Auto Parts ","Client","NA","SANJIT","0","0.00","0.00","0.00","0.00","0.00","0.00"
"205398","2026-08-15","Road","SPEED KING EXPRESS","DELHI-AIRPORT","PANTNAGAR","SPEED KING EXPRESS","SPEED KING EXPRESS","112","0.00","0.00","AUTO PARTS","Client",,"Admin","1","0.00","0.00","0.00","0.00","0.00","0.00"
"205399","2026-08-15","Train","PANORAMA AUTOMOTIVE IND. PVT. LTD.","PUNE","PANTNAGAR","S. M. ENTERPRISES ","PANORAMA AUTOMOTIVE IND. PVT. LTD.","03","0.00","0.00","Auto Parts ","Client","NA","SANJIT","0","0.00","0.00","0.00","0.00","0.00","0.00"
"205400","2026-08-14","Air","SKY 4 PUNE","PUNE","PANTNAGAR","L & L PRODICTS INDIA PVT. LTD.","L & L PRODICTS INDIA PVT. LTD.","08","0.00","0.00","AUTO PART","Client","SPL","SUNIL","0","0.00","0.00","0.00","0.00","0.00","0.00"
"205401","2026-08-16","Air","HIMALAYAN AUTO ERA PVT LTD","PUNE","PANTNAGAR","VENKATESH AUTOMOBILE PVT LTD","HIMALAYAN AUTO ERA PVT LTD","08","0.00","0.00","Auto Parts ","Client","NA","SANJIT","0","0.00","0.00","0.00","0.00","0.00","0.00"
"205402","2026-08-16","Train","DALI SAMIR ENGG.PVT LTD-PUNE","PUNE","PANTNAGAR","SANSA AUTO ENGINEERING COMPANY - PUNE","DALI SAMIR ENGG PVT LTD- PTN","04","0.00","0.00","Auto Parts ","Client","NA","SANJIT","0","0.00","0.00","0.00","0.00","0.00","0.00"
"205403","2026-08-16","Air","U. S. AUTO CONTROLS PVT LTD ","PUNE","PANTNAGAR","U. S. AUTO CONTROLS PVT LTD ","HARIHARESHWAR AUTO TECH PRIVATE LIMITED","04","0.00","0.00","Auto Parts ","Client","NA","SANJIT","0","0.00","0.00","0.00","0.00","0.00","0.00"
"205404","2026-08-16","Air","BELRISE INDUSTRIES LTD UNIT -IX","PUNE","PANTNAGAR","BADVE AUTOCOMPS PVT LTD-II","BELRISE INDUSTRIES LTD UNIT -IX","16","0.00","0.00","Auto Parts ","Client","NA","SANJIT","0","0.00","0.00","0.00","0.00","0.00","0.00"
"205405","2026-08-16","Air","BELRISE INDUSTRIES LTD UNIT -IX","PUNE","PANTNAGAR","BADVE AUTOCOMPS PVT LTD-II","BELRISE INDUSTRIES LTD UNIT -IX","04","0.00","0.00","Auto Parts ","Client","NA","SANJIT","0","0.00","0.00","0.00","0.00","0.00","0.00"
"205406","2026-08-17","Road","SHREYA INDUSTRIES - PNQ","PUNE","PANTNAGAR","SHREYA INDUSTRIES - PNQ","SHREYA INDUSTRIES- PNT","30","0.00","0.00","AUTO PARTS ","Client",,"Admin","0","0.00","0.00","0.00","0.00","0.00","0.00"
"205407","2026-08-17","Train","SKY 4 PUNE","PUNE","PANTNAGAR","L & L PRODICTS INDIA PVT. LTD.","L & L PRODICTS INDIA PVT. LTD.","12","0.00","0.00","AUTO PART","Client",,"SUNIL","0","0.00","0.00","0.00","0.00","0.00","0.00"
"205408","2026-08-17","Road","U. S. AUTO CONTROLS PVT LTD ","PUNE","PANTNAGAR","U. S. AUTO CONTROLS PVT LTD ","HARIHARESHWAR AUTO TECH PRIVATE LIMITED","10","0.00","0.00","Auto Parts ","Client","NA","SANJIT","0","0.00","0.00","0.00","0.00","0.00","0.00"
"205409","2026-08-17","Air","U. S. AUTO CONTROLS PVT LTD ","PUNE","PANTNAGAR","U. S. AUTO CONTROLS PVT LTD ","HARIHARESHWAR AUTO TECH PRIVATE LIMITED","10","0.00","0.00","Auto Parts ","Client","NA","SANJIT","0","0.00","0.00","0.00","0.00","0.00","0.00"
"205410","2026-08-18","Road","SHREYA INDUSTRIES - PNQ","PUNE","PANTNAGAR","SHREYA INDUSTRIES - PNQ","SHREYA INDUSTRIES- PNT","30","0.00","0.00","Na","Client","NA","SANJIT","0","0.00","0.00","0.00","0.00","0.00","0.00"
"205411","2026-08-16","Train","AOR LOGISTICS PRIVATE LIMITED ","DELHI-STATION","PUNE","AOR LOGISTICS PRIVATE LIMITED ","AOR LOGISTICS PRIVATE LIMITED ","10","0.00","0.00","AUTO PARTS","Client",,"Admin","0","0.00","0.00","0.00","0.00","0.00","0.00"
"205412","2026-08-18","Road","SHREYA INDUSTRIES - PNQ","PANTNAGAR","PUNE","SHREYA INDUSTRIES- PNT","SHREYA INDUSTRIES - PNQ","2485","0.00","0.00","AUTO PART","Client",,"SUNIL","0","0.00","0.00","0.00","0.00","0.00","0.00"
"205413","2026-08-17","Air","BELRISE INDUSTRIES LTD UNIT -IX","PUNE","PANTNAGAR","BADVE AUTOCOMPS PVT LTD-II","BELRISE INDUSTRIES LTD UNIT -IX","14","0.00","0.00","Auto Parts ","Client","NA","SANJIT","0","0.00","0.00","0.00","0.00","0.00","0.00"
"205414","2026-08-18","Train","DALI SAMIR ENGG.PVT LTD-PUNE","PUNE","PANTNAGAR","SANSA AUTO ENGINEERING COMPANY - PUNE","DALI SAMIR ENGG PVT LTD- PTN","05","0.00","0.00","Auto Parts ","Client","NA","SANJIT","0","0.00","0.00","0.00","0.00","0.00","0.00"
"205415","2026-08-18","Train","HIMALAYAN AUTO ERA PVT LTD","PUNE","PANTNAGAR","ATHARVA FOUNDRIES PVT. LTD.","HIMALAYAN AUTO ERA PVT LTD","16","0.00","0.00","Auto Parts ","Client","NA","SANJIT","0","0.00","0.00","0.00","0.00","0.00","0.00"
"205416","2026-08-18","Road Express","HIMALAYAN AUTO ERA PVT LTD","PUNE","PANTNAGAR","ATHARVA FOUNDRIES PVT. LTD.","HIMALAYAN AUTO ERA PVT LTD","16","0.00","0.00","Auto Parts ","Client","NA","SANJIT","0","0.00","0.00","0.00","0.00","0.00","0.00"
"205417","2026-08-18","Air","HIMALAYAN AUTO ERA PVT LTD","PUNE","PANTNAGAR","VENKATESH AUTOMOBILE PVT LTD","HIMALAYAN AUTO ERA PVT LTD","05","0.00","0.00","Auto Parts ","Client","NA","SANJIT","0","0.00","0.00","0.00","0.00","0.00","0.00"
"205418","2026-08-18","Train","HIMALAYAN AUTO ERA PVT LTD","PUNE","PANTNAGAR","VENKATESH AUTOMOBILE PVT LTD","HIMALAYAN AUTO ERA PVT LTD","26","0.00","0.00","Auto Parts ","Client","NA","SANJIT","0","0.00","0.00","0.00","0.00","0.00","0.00"
"205419","2026-08-18","Air","BELRISE INDUSTRIES LTD UNIT-14","PUNE","PANTNAGAR","SIMMONDS MARSHALL LIMITED ","BELRISE INDUSTRIES LTD UNIT-14","07","0.00","0.00","Auto Parts ","Client","NA","SANJIT","0","0.00","0.00","0.00","0.00","0.00","0.00"
"205420","2026-08-18","Air","U. S. AUTO CONTROLS PVT LTD ","PUNE","PANTNAGAR","U. S. AUTO CONTROLS PVT LTD ","HARIHARESHWAR AUTO TECH PRIVATE LIMITED","05","0.00","0.00","Auto Parts ","Client","NA","SANJIT","0","0.00","0.00","0.00","0.00","0.00","0.00"
"205421","2026-08-19","Road","SHREYA INDUSTRIES - PNQ","PUNE","PANTNAGAR","SHREYA INDUSTRIES - PNQ","SHREYA INDUSTRIES- PNT","30","0.00","0.00","Auto Parts ","Client","NA","SANJIT","0","0.00","0.00","0.00","0.00","0.00","0.00"
"205422","2026-08-19","Road","U. S. AUTO CONTROLS PVT LTD ","PUNE","PANTNAGAR","U. S. AUTO CONTROLS PVT LTD ","HARIHARESHWAR AUTO TECH PRIVATE LIMITED","09","0.00","0.00","Auto Parts ","Client","NA","SANJIT","0","0.00","0.00","0.00","0.00","0.00","0.00"
"205423","2026-08-19","Train","DALI SAMIR ENGG.PVT LTD-PUNE","PUNE","PANTNAGAR","SANSA AUTO ENGINEERING COMPANY - PUNE","DALI SAMIR ENGG PVT LTD- PTN","08","0.00","0.00","Auto Parts ","Client","NA","SANJIT","0","0.00","0.00","0.00","0.00","0.00","0.00"
"205424","2026-08-19","Air","U. S. AUTO CONTROLS PVT LTD ","PUNE","PANTNAGAR","U. S. AUTO CONTROLS PVT LTD ","HARIHARESHWAR AUTO TECH PRIVATE LIMITED","12","0.00","0.00","Auto Parts ","Client","NA","SANJIT","0","0.00","0.00","0.00","0.00","0.00","0.00"
"205425","2026-08-19","Air","BELRISE INDUSTRIES LTD UNIT -IX","PUNE","PANTNAGAR","BADVE AUTOCOMPS PVT LTD-II","BELRISE INDUSTRIES LTD UNIT -IX","24","0.00","0.00","Auto Parts ","Client","NA","SANJIT","0","0.00","0.00","0.00","0.00","0.00","0.00"
"205426","2026-08-19","Air","BELRISE INDUSTRIES LTD UNIT -IX","PUNE","PANTNAGAR","BADVE AUTOCOMPS PVT LTD-II","BELRISE INDUSTRIES LTD UNIT -IX","17","0.00","0.00","Auto Parts ","Client","NA","SANJIT","0","0.00","0.00","0.00","0.00","0.00","0.00"
"205427","2026-08-20","Road","U. S. AUTO CONTROLS PVT LTD ","PUNE","PANTNAGAR","U. S. AUTO CONTROLS PVT LTD ","HARIHARESHWAR AUTO TECH PRIVATE LIMITED","02","0.00","0.00","MACHINERY ","Client","NA","SANJIT","0","0.00","0.00","0.00","0.00","0.00","0.00"
"205428","2026-08-20","Road","SHREYA INDUSTRIES - PNQ","PUNE","PANTNAGAR","SHREYA INDUSTRIES - PNQ","SHREYA INDUSTRIES- PNT","30","0.00","0.00","Auto Parts ","Client","NA","SANJIT","0","0.00","0.00","0.00","0.00","0.00","0.00"
"205429","2026-08-20","Air","BELRISE INDUSTRIES LTD UNIT -IX","PUNE","PANTNAGAR","BADVE AUTOCOMPS PVT LTD-II","BELRISE INDUSTRIES LTD UNIT -IX","15","0.00","0.00","Auto Parts ","Client","NA","SANJIT","0","0.00","0.00","0.00","0.00","0.00","0.00"
"205430","2026-08-20","Air","TISS-KGK SECURITY SYSTEMS PVT LTD","BANGALORE","JAMSHEDPUR","TISS-KGK SECURITY SYSTEMS PVT LTD","BAPL ROTOTECH PVT. LTD.","13","0.00","0.00","AUTOPARTS","Client",,"Admin","0","0.00","0.00","0.00","0.00","0.00","0.00"
"205431","2026-08-20","Train","TISS-KGK SECURITY SYSTEMS PVT LTD","BANGALORE","JAMSHEDPUR","TISS-KGK SECURITY SYSTEMS PVT LTD","BAPL ROTOTECH PVT. LTD.","13","0.00","0.00","AUTOPARTS ","Client",,"Admin","0","0.00","0.00","0.00","0.00","0.00","0.00"
"205432","2026-07-31","Road","SHIV TEMPO SERVICE ","DELHI-AIRPORT","PANTNAGAR","SHIV TEMPO SERVICE ","SHIV TEMPO SERVICE ","15","0.00","0.00","AUTO PARTS","Client",,"Admin","1","0.00","0.00","0.00","0.00","0.00","0.00"
