invoice,invoice_date,client,origin,destination,mode,awb,awb_date,box,weight,rate,frieght,awb_charge,pickup,delivery,special_delivery,other_charge,gst
MCPL/25-26/0246,01-12-2025,STARWAYS INDUSTRIES- CHAKAN,PUNE,STG,TRAIN,203887,25-11-2025,20-Bag,370,20,7400,100,500,1000,0,0,YES
MCPL/25-26/0246,01-12-2025,STARWAYS INDUSTRIES- CHAKAN,PUNE,STG,TRAIN,203884,24-11-2025,70-Bag,1330,20,26600,100,500,1000,0,0,YES
MCPL/25-26/0245,01-12-2025,STARWAYS INDUSTRIES- CHAKAN,PUNE,STG,AIR,203780,01-11-2025,1Bag+1Box,50,65,3250,100,500,1000,0,0,YES
MCPL/25-26/0245,01-12-2025,STARWAYS INDUSTRIES- CHAKAN,PUNE,STG,AIR,203797,06-11-2025,20-Bag,400,65,26000,100,500,1000,0,0,YES
MCPL/25-26/0245,01-12-2025,STARWAYS INDUSTRIES- CHAKAN,PUNE,STG,AIR,203790,04-11-2025,15-Bag,280,65,18200,100,500,1000,0,0,YES
MCPL/25-26/0245,01-12-2025,STARWAYS INDUSTRIES- CHAKAN,PUNE,STG,AIR,203808,07-11-2025,20,400,65,26000,100,500,1000,0,0,YES
MCPL/25-26/0245,01-12-2025,STARWAYS INDUSTRIES- CHAKAN,PUNE,STG,AIR,203799,06-11-2025,4-Bag,120,65,7800,100,500,1000,0,0,YES
MCPL/25-26/0245,01-12-2025,STARWAYS INDUSTRIES- CHAKAN,PUNE,STG,AIR,203811,08-11-2025,1,50,65,3250,100,500,1000,0,0,YES
MCPL/25-26/0245,01-12-2025,STARWAYS INDUSTRIES- CHAKAN,PUNE,STG,AIR,203820,10-11-2025,9,250,65,16250,100,500,1000,0,0,YES
MCPL/25-26/0245,01-12-2025,STARWAYS INDUSTRIES- CHAKAN,PUNE,STG,AIR,203822,10-11-2025,20,400,65,26000,100,500,1000,0,0,YES
MCPL/25-26/0245,01-12-2025,STARWAYS INDUSTRIES- CHAKAN,PUNE,STG,AIR,203844,15-11-2025,1,50,65,3250,100,500,1000,0,0,YES
MCPL/25-26/0245,01-12-2025,STARWAYS INDUSTRIES- CHAKAN,PUNE,STG,AIR,203834,13-11-2025,5,150,65,9750,100,500,1000,0,0,YES
MCPL/25-26/0245,01-12-2025,STARWAYS INDUSTRIES- CHAKAN,PUNE,STG,AIR,203856,18-11-2025,1,50,65,3250,100,500,1000,0,0,YES
MCPL/25-26/0245,01-12-2025,STARWAYS INDUSTRIES- CHAKAN,PUNE,STG,AIR,203865,20-11-2025,10-Bag,750,65,48750,100,500,1000,0,0,YES
MCPL/25-26/0245,01-12-2025,STARWAYS INDUSTRIES- CHAKAN,PUNE,STG,AIR,203870,21-11-2025,1-Bag,50,65,3250,100,500,1000,0,0,YES
MCPL/25-26/0245,01-12-2025,STARWAYS INDUSTRIES- CHAKAN,PUNE,STG,AIR,203874,22-11-2025,1-Bag,50,65,3250,100,500,1000,0,0,YES
MCPL/25-26/0245,01-12-2025,STARWAYS INDUSTRIES- CHAKAN,PUNE,STG,AIR,203878,24-11-2025,11-Bag,200,65,13000,100,500,1000,0,0,YES
MCPL/25-26/0245,01-12-2025,STARWAYS INDUSTRIES- CHAKAN,PUNE,STG,AIR,203889,26-11-2025,12-Bag,300,65,19500,100,500,1000,0,0,YES
MCPL/25-26/0245,01-12-2025,STARWAYS INDUSTRIES- CHAKAN,PUNE,STG,AIR,203901,28-11-2025,8Bag+1Box,150,65,9750,100,500,1000,0,0,YES
MCPL/25-26/0245,01-12-2025,STARWAYS INDUSTRIES- CHAKAN,PUNE,STG,AIR,203905,29-11-2025,1-Bag,50,65,3250,100,500,1000,0,0,YES
MCPL/25-26/0246,01-12-2025,STARWAYS INDUSTRIES- CHAKAN,PUNE,STG,TRAIN,203779,01-11-2025,15-Bag,280,20,5600,100,500,1000,0,0,YES
MCPL/25-26/0246,01-12-2025,STARWAYS INDUSTRIES- CHAKAN,PUNE,STG,TRAIN,203788,04-11-2025,20-Bag,520,20,10400,100,500,1000,0,0,YES
MCPL/25-26/0246,01-12-2025,STARWAYS INDUSTRIES- CHAKAN,PUNE,STG,TRAIN,203800,06-11-2025,13-Bag,380,20,7600,100,500,1000,0,0,YES
MCPL/25-26/0246,01-12-2025,STARWAYS INDUSTRIES- CHAKAN,PUNE,STG,TRAIN,203810,08-11-2025,19,550,20,11000,100,500,1000,0,0,YES
MCPL/25-26/0246,01-12-2025,STARWAYS INDUSTRIES- CHAKAN,PUNE,STG,TRAIN,203817,08-11-2025,20,370,20,7400,100,500,1000,0,0,YES
MCPL/25-26/0246,01-12-2025,STARWAYS INDUSTRIES- CHAKAN,PUNE,STG,TRAIN,203821,10-11-2025,36-Bag,790,20,15800,100,500,1000,0,0,YES
MCPL/25-26/0246,01-12-2025,STARWAYS INDUSTRIES- CHAKAN,PUNE,STG,TRAIN,203823,10-11-2025,20,370,20,7400,100,500,1000,0,0,YES
MCPL/25-26/0246,01-12-2025,STARWAYS INDUSTRIES- CHAKAN,PUNE,STG,TRAIN,203830,11-11-2025,25,480,20,9600,100,500,1000,0,0,YES
MCPL/25-26/0246,01-12-2025,STARWAYS INDUSTRIES- CHAKAN,PUNE,STG,TRAIN,203833,12-11-2025,25,480,20,9600,100,500,1000,0,0,YES
MCPL/25-26/0246,01-12-2025,STARWAYS INDUSTRIES- CHAKAN,PUNE,STG,TRAIN,203837,14-11-2025,25,480,20,9600,100,500,1000,0,0,YES
MCPL/25-26/0246,01-12-2025,STARWAYS INDUSTRIES- CHAKAN,PUNE,STG,TRAIN,203846,15-11-2025,6,160,20,3200,100,500,1000,0,0,YES
MCPL/25-26/0246,01-12-2025,STARWAYS INDUSTRIES- CHAKAN,PUNE,STG,TRAIN,203847,15-11-2025,25,480,20,9600,100,500,1000,0,0,YES
MCPL/25-26/0246,01-12-2025,STARWAYS INDUSTRIES- CHAKAN,PUNE,STG,TRAIN,203852,16-11-2025,40,740,20,14800,100,500,1000,0,0,YES
MCPL/25-26/0246,01-12-2025,STARWAYS INDUSTRIES- CHAKAN,PUNE,STG,TRAIN,203857,18-11-2025,15,440,20,8800,100,500,1000,0,0,YES
MCPL/25-26/0246,01-12-2025,STARWAYS INDUSTRIES- CHAKAN,PUNE,STG,TRAIN,203864,20-11-2025,10-Bag,280,20,5600,100,500,1000,0,0,YES
MCPL/25-26/0246,01-12-2025,STARWAYS INDUSTRIES- CHAKAN,PUNE,STG,TRAIN,203867,21-11-2025,40-Bag,740,20,14800,100,500,1000,0,0,YES
MCPL/25-26/0246,01-12-2025,STARWAYS INDUSTRIES- CHAKAN,PUNE,STG,TRAIN,203871,21-11-2025,4-Bag,150,20,3000,100,500,1000,0,0,YES
MCPL/25-26/0244,30-11-2025,U. S. AUTO CONTROLS PVT LTD,PUNE,PANTNAGAR,AIR,203906,29-11-2025,1-Bag,50,56,2800,100,500,1000,0,0,YES
MCPL/25-26/0244,30-11-2025,U. S. AUTO CONTROLS PVT LTD,PUNE,PANTNAGAR,AIR,203781,01-11-2025,7-Bag,120,56,6720,100,500,1000,0,0,YES
MCPL/25-26/0244,30-11-2025,U. S. AUTO CONTROLS PVT LTD,PUNE,PANTNAGAR,AIR,203783,02-11-2025,6-Bag,110,56,6160,100,500,1000,0,0,YES
MCPL/25-26/0244,30-11-2025,U. S. AUTO CONTROLS PVT LTD,PUNE,PANTNAGAR,AIR,203793,04-11-2025,6-Bag,100,56,5600,100,500,1000,0,0,YES
MCPL/25-26/0244,30-11-2025,U. S. AUTO CONTROLS PVT LTD,PUNE,PANTNAGAR,AIR,203802,06-11-2025,5-Bag,90,56,5040,100,500,1000,0,0,YES
MCPL/25-26/0244,30-11-2025,U. S. AUTO CONTROLS PVT LTD,PUNE,PANTNAGAR,AIR,203815,08-11-2025,5,120,56,6720,100,500,1000,0,0,YES
MCPL/25-26/0244,30-11-2025,U. S. AUTO CONTROLS PVT LTD,PUNE,PANTNAGAR,AIR,203825,10-11-2025,8,135,56,7560,100,500,1000,0,0,YES
MCPL/25-26/0244,30-11-2025,U. S. AUTO CONTROLS PVT LTD,PUNE,PANTNAGAR,AIR,203832,12-11-2025,7,130,56,7280,100,500,1000,0,0,YES
MCPL/25-26/0244,30-11-2025,U. S. AUTO CONTROLS PVT LTD,PUNE,PANTNAGAR,AIR,203843,15-11-2025,8,160,56,8960,100,500,1000,0,0,YES
MCPL/25-26/0244,30-11-2025,U. S. AUTO CONTROLS PVT LTD,PUNE,PANTNAGAR,AIR,203902,28-11-2025,1-Bag,50,56,2800,100,500,1000,0,0,YES
MCPL/25-26/0243,30-11-2025,Shreya Industries - PNQ,PUNE,PANTNAGAR,ROAD,203896,27-11-2025,40,40,375,15000,100,0,0,0,0,YES
MCPL/25-26/0243,30-11-2025,Shreya Industries - PNQ,PUNE,PANTNAGAR,ROAD,203876,24-11-2025,40,40,375,15000,100,0,0,0,0,YES
MCPL/25-26/0242,30-11-2025,Shreya Industries - PNQ,PUNE,PANTNAGAR,ROAD,203854,19-11-2025,40,40,375,15000,100,0,0,0,0,YES
MCPL/25-26/0243,30-11-2025,Shreya Industries - PNQ,PUNE,PANTNAGAR,ROAD,203866,21-11-2025,40,40,375,15000,100,0,0,0,0,YES
MCPL/25-26/0242,30-11-2025,Shreya Industries - PNQ,PUNE,PANTNAGAR,ROAD,203845,17-11-2025,40,40,375,15000,100,0,0,0,0,YES
MCPL/25-26/0242,30-11-2025,Shreya Industries - PNQ,PUNE,PANTNAGAR,ROAD,203831,12-11-2025,40,40,375,15000,100,0,0,0,0,YES
MCPL/25-26/0241,30-11-2025,Shreya Industries - PNQ,PUNE,PANTNAGAR,ROAD,203816,10-11-2025,40,40,375,15000,100,0,0,0,0,YES
MCPL/25-26/0241,30-11-2025,Shreya Industries - PNQ,PUNE,PANTNAGAR,ROAD,203804,07-11-2025,40,40,375,15000,100,0,0,0,0,YES
MCPL/25-26/0241,30-11-2025,Shreya Industries - PNQ,PUNE,PANTNAGAR,ROAD,203787,04-11-2025,40,40,375,15000,100,0,0,0,0,YES
MCPL/25-26/0240,30-11-2025,HIMALAYAN AUTO ERA PVT LTD,PUNE,PANTNAGAR,TRAIN,203897,27-11-2025,16,384,28,10752,100,0,0,0,0,YES
MCPL/25-26/0241,30-11-2025,Shreya Industries - PNQ,PUNE,PANTNAGAR,ROAD,203778,01-11-2025,24,24,375,9000,100,0,0,0,0,YES
MCPL/25-26/0239,30-11-2025,HIMALAYAN AUTO ERA PVT LTD,PUNE,PANTNAGAR,TRAIN,203798,06-11-2025,20,480,28,13440,100,0,0,7000,0,YES
MCPL/25-26/0240,30-11-2025,HIMALAYAN AUTO ERA PVT LTD,PUNE,PANTNAGAR,TRAIN,203838,15-11-2025,20,480,28,13440,100,0,0,0,0,YES
MCPL/25-26/0238,30-11-2025,HIMALAYAN AUTO ERA PVT LTD,PUNE,PANTNAGAR,ROAD-EXPRESS,203872,22-11-2025,16,288,25,7200,100,0,0,0,0,YES
MCPL/25-26/0238,30-11-2025,HIMALAYAN AUTO ERA PVT LTD,PUNE,PANTNAGAR,ROAD-EXPRESS,203826,11-11-2025,15,300,25,7500,100,0,0,0,0,YES
MCPL/25-26/0238,30-11-2025,HIMALAYAN AUTO ERA PVT LTD,PUNE,PANTNAGAR,ROAD-EXPRESS,203795,05-11-2025,12,432,25,10800,100,0,0,0,0,YES
MCPL/25-26/0237,30-11-2025,HIMALAYAN AUTO ERA PVT LTD,PUNE,PANTNAGAR,AIR,203868,21-11-2025,6-Nos,144,78,11232,100,0,0,7000,0,YES
MCPL/25-26/0237,30-11-2025,HIMALAYAN AUTO ERA PVT LTD,PUNE,PANTNAGAR,AIR,203863,20-11-2025,8,180,78,14040,100,0,0,0,0,YES
MCPL/25-26/0236,30-11-2025,HIMALAYAN AUTO ERA PVT LTD,PUNE,PANTNAGAR,AIR,203789,04-11-2025,8-Nos,240,78,18720,100,0,0,0,0,YES
MCPL/25-26/0236,30-11-2025,HIMALAYAN AUTO ERA PVT LTD,PUNE,PANTNAGAR,AIR,203801,06-11-2025,6,144,78,11232,100,0,0,0,0,YES
MCPL/25-26/0235,30-11-2025,DALI SAMIR ENGG.PVT LTD-PUNE,PUNE,PANTNAGAR,TRAIN,203853,17-11-2025,5,125,18,2250,0,1000,500,0,0,YES
MCPL/25-26/0235,30-11-2025,DALI SAMIR ENGG.PVT LTD-PUNE,PUNE,PANTNAGAR,TRAIN,203818,09-11-2025,5,125,18,2250,0,1000,500,0,0,YES
MCPL/25-26/0235,30-11-2025,DALI SAMIR ENGG.PVT LTD-PUNE,PUNE,PANTNAGAR,TRAIN,203828,11-11-2025,4,100,18,1800,0,1000,500,0,0,YES
MCPL/25-26/0235,30-11-2025,DALI SAMIR ENGG.PVT LTD-PUNE,PUNE,PANTNAGAR,TRAIN,203814,08-11-2025,9,225,18,4050,0,1000,500,0,0,YES
MCPL/25-26/0234,30-11-2025,DALI SAMIR ENGG.PVT LTD-PUNE,PUNE,PANTNAGAR,TRAIN,203809,07-11-2025,5,125,18,2250,0,1000,500,0,0,YES
MCPL/25-26/0234,30-11-2025,DALI SAMIR ENGG.PVT LTD-PUNE,PUNE,PANTNAGAR,TRAIN,203803,06-11-2025,6-Box,150,18,2700,0,1000,500,0,0,YES
MCPL/25-26/0234,30-11-2025,DALI SAMIR ENGG.PVT LTD-PUNE,PUNE,PANTNAGAR,TRAIN,203791,04-11-2025,16-Box,400,18,7200,0,1000,500,0,0,YES
MCPL/25-26/0234,30-11-2025,DALI SAMIR ENGG.PVT LTD-PUNE,PUNE,PANTNAGAR,TRAIN,203786,03-11-2025,8-Box,200,18,3600,0,1000,500,0,0,YES
MCPL/25-26/0232,30-11-2025,DALI SAMIR ENGG.PVT LTD-PUNE,PUNE,PANTNAGAR,AIR,203827,11-11-2025,2,50,80,4000,0,1000,500,0,0,YES
MCPL/25-26/0233,30-11-2025,DALI SAMIR ENGG.PVT LTD-PUNE,PUNE,PANTNAGAR,AIR,203824,10-11-2025,2,50,80,4000,0,1000,0,6000,0,YES
MCPL/25-26/0232,30-11-2025,DALI SAMIR ENGG.PVT LTD-PUNE,PUNE,PANTNAGAR,AIR,203813,08-11-2025,2,50,80,4000,0,1000,500,0,0,YES
MCPL/25-26/0231,30-11-2025,CJ DARCL LOGISTICS LIMITED,PANTNAGAR,DELHI,ROAD,203898,27-11-2025,30,0,0,7300,0,0,0,0,0,YES
MCPL/25-26/0231,30-11-2025,CJ DARCL LOGISTICS LIMITED,PANTNAGAR,DELHI,ROAD,203911,29-11-2025,32,0,0,7300,0,0,0,0,0,YES
MCPL/25-26/0231,30-11-2025,CJ DARCL LOGISTICS LIMITED,PANTNAGAR,DELHI,ROAD,203891,26-11-2025,11,0,0,7300,0,0,0,0,0,YES
MCPL/25-26/0231,30-11-2025,CJ DARCL LOGISTICS LIMITED,PANTNAGAR,DELHI,ROAD,203855,17-11-2025,61,0,0,7300,0,0,0,0,0,YES
MCPL/25-26/0230,30-11-2025,CJ DARCL LOGISTICS LIMITED,DELHI,PANTNAGAR,ROAD,203903,28-11-2025,4,0,0,2300,0,0,0,0,0,YES
MCPL/25-26/0231,30-11-2025,CJ DARCL LOGISTICS LIMITED,PANTNAGAR,DELHI,ROAD,203840,15-11-2025,28,0,0,7300,0,0,0,0,0,YES
MCPL/25-26/0230,30-11-2025,CJ DARCL LOGISTICS LIMITED,DELHI,PANTNAGAR,ROAD,203892,26-11-2025,4,0,0,4500,0,0,0,0,0,YES
MCPL/25-26/0230,30-11-2025,CJ DARCL LOGISTICS LIMITED,DELHI,PANTNAGAR,ROAD,203850,17-11-2025,3,0,0,2300,0,0,0,0,0,YES
MCPL/25-26/0228,20-11-2025,SINGLA FORGING PVT LTD- RTQ,PANTNAGAR,PUNE,AIR,203836,14-11-2025,15,100,90,9000,100,0,1500,0,0,YES
MCPL/25-26/0229,25-11-2025,Belrise Industries Ltd Unit -IX,PANTNAGAR,AURANGABAD,AIR,203806,07-11-2025,1,100,60,6000,0,1000,1200,0,0,YES
MCPL/25-26/0227,20-11-2025,SINGLA FORGING PVT LTD- RTQ,PANTNAGAR,AURANGABAD,AIR,203841,15-11-2025,100,470,90,42300,100,0,1500,0,0,YES
MCPL/25-26/0225,07-11-2025,"BELRISE INDUSTRIES LTD,UNIT-12",NOIDA,PANTNAGAR,ROAD,203706,11-10-2025,2,0,0,0,100,0,0,13000,0,YES
MCPL/25-26/0225,07-11-2025,"BELRISE INDUSTRIES LTD,UNIT-12",NOIDA,PANTNAGAR,ROAD,203467,27-08-2025,9,0,0,0,100,0,0,13000,0,YES
MCPL/25-26/0225,07-11-2025,"BELRISE INDUSTRIES LTD,UNIT-12",NOIDA,PANTNAGAR,ROAD,203472,28-08-2025,7,0,0,0,100,0,0,13000,0,YES
MCPL/25-26/0225,07-11-2025,"BELRISE INDUSTRIES LTD,UNIT-12",NOIDA,PANTNAGAR,ROAD,203464,27-08-2025,8,0,0,0,100,0,0,13000,0,YES
MCPL/25-26/0225,07-11-2025,"BELRISE INDUSTRIES LTD,UNIT-12",NOIDA,PANTNAGAR,ROAD,203459,26-08-2025,8,0,0,0,100,0,0,13000,0,YES
MCPL/25-26/0225,07-11-2025,"BELRISE INDUSTRIES LTD,UNIT-12",NOIDA,PANTNAGAR,ROAD,203447,24-08-2025,5,0,0,0,100,0,0,13000,0,YES
MCPL/25-26/0225,07-11-2025,"BELRISE INDUSTRIES LTD,UNIT-12",NOIDA,PANTNAGAR,ROAD,203445,24-08-2025,8,0,0,0,100,0,0,13000,0,YES
MCPL/25-26/0225,07-11-2025,"BELRISE INDUSTRIES LTD,UNIT-12",NOIDA,PANTNAGAR,ROAD,203446,24-08-2025,6,0,0,0,100,0,0,11000,0,YES
MCPL/25-26/0225,07-11-2025,"BELRISE INDUSTRIES LTD,UNIT-12",NOIDA,PANTNAGAR,ROAD,203441,23-08-2025,6,0,0,0,100,0,0,11000,0,YES
MCPL/25-26/0225,07-11-2025,"BELRISE INDUSTRIES LTD,UNIT-12",NOIDA,PANTNAGAR,ROAD,203434,22-08-2025,6,0,0,0,100,0,0,11000,0,YES
MCPL/25-26/0224,07-11-2025,"BELRISE INDUSTRIES LTD,UNIT-12",PANTNAGAR,NDA,ROAD,203458,25-08-2025,8,0,0,0,100,0,0,9000,0,YES
MCPL/25-26/0224,07-11-2025,"BELRISE INDUSTRIES LTD,UNIT-12",PANTNAGAR,NDA,ROAD,203465,27-08-2025,6,0,0,0,100,0,0,9000,0,YES
MCPL/25-26/0224,07-11-2025,"BELRISE INDUSTRIES LTD,UNIT-12",PANTNAGAR,NDA,ROAD,203444,23-08-2025,8,0,0,0,100,0,0,9000,0,YES
MCPL/25-26/0223,07-11-2025,"BELRISE INDUSTRIES LTD,UNIT-12",FARIDABAD,PANTNAGAR,ROAD,203620,12-09-2025,42,0,0,0,100,0,0,14000,0,YES
MCPL/25-26/0223,07-11-2025,"BELRISE INDUSTRIES LTD,UNIT-12",FARIDABAD,PANTNAGAR,ROAD,203553,06-09-2025,52,0,0,0,100,0,0,14000,0,YES
MCPL/25-26/0223,07-11-2025,"BELRISE INDUSTRIES LTD,UNIT-12",FARIDABAD,PANTNAGAR,ROAD,203491,31-08-2025,26,7,0,0,100,0,0,14000,0,YES
MCPL/25-26/0223,07-11-2025,"BELRISE INDUSTRIES LTD,UNIT-12",FARIDABAD,PANTNAGAR,ROAD,203247,20-07-2025,3,0,0,0,100,0,0,9000,0,YES
MCPL/25-26/0223,07-11-2025,"BELRISE INDUSTRIES LTD,UNIT-12",FARIDABAD,PANTNAGAR,ROAD,203490,30-08-2025,3,0,0,0,100,0,0,7500,0,YES
MCPL/25-26/0223,07-11-2025,"BELRISE INDUSTRIES LTD,UNIT-12",FARIDABAD,PANTNAGAR,ROAD,203245,20-07-2025,3,0,0,0,100,0,0,9000,1800,YES
MCPL/25-26/0223,07-11-2025,"BELRISE INDUSTRIES LTD,UNIT-12",FARIDABAD,PANTNAGAR,ROAD,203246,20-07-2025,2,0,0,0,100,0,0,9000,0,YES
MCPL/25-26/0223,07-11-2025,"BELRISE INDUSTRIES LTD,UNIT-12",FARIDABAD,PANTNAGAR,ROAD,203243,20-07-2025,14,0,0,0,100,0,0,0,0,YES
MCPL/25-26/0223,07-11-2025,"BELRISE INDUSTRIES LTD,UNIT-12",FARIDABAD,PANTNAGAR,ROAD,203231,18-07-2025,LOOSE,0,0,0,100,0,0,9000,1800,YES
MCPL/25-26/0222,01-11-2025,STARWAYS PRECISIONS PVT. LTD.,PUNE,STG,AIR,203774,30-10-2025,3-Bag,80,65,5200,100,500,1000,0,0,YES
MCPL/25-26/0222,01-11-2025,STARWAYS PRECISIONS PVT. LTD.,PUNE,STG,AIR,203761,28-10-2025,5-Bag,120,65,7800,100,0,1000,0,0,YES
MCPL/25-26/0222,01-11-2025,STARWAYS PRECISIONS PVT. LTD.,PUNE,STG,AIR,203766,29-10-2025,4-Bag,50,65,3250,100,500,1000,0,0,YES
MCPL/25-26/0222,01-11-2025,STARWAYS PRECISIONS PVT. LTD.,PUNE,STG,AIR,203760,28-10-2025,1-Bag,50,65,3250,100,500,1000,0,0,YES
MCPL/25-26/0222,01-11-2025,STARWAYS PRECISIONS PVT. LTD.,PUNE,STG,AIR,203742,19-10-2025,2-Bag,50,65,3250,100,500,1000,0,0,YES
MCPL/25-26/0222,01-11-2025,STARWAYS PRECISIONS PVT. LTD.,PUNE,STG,AIR,203753,26-10-2025,1-Bag,50,65,3250,100,500,1000,0,0,YES
MCPL/25-26/0222,01-11-2025,STARWAYS PRECISIONS PVT. LTD.,PUNE,STG,AIR,203740,18-10-2025,2-Bag,50,65,3250,100,500,1000,0,0,YES
MCPL/25-26/0222,01-11-2025,STARWAYS PRECISIONS PVT. LTD.,PUNE,STG,AIR,203729,16-10-2025,16-Bag,360,65,23400,100,500,1000,0,0,YES
MCPL/25-26/0222,01-11-2025,STARWAYS PRECISIONS PVT. LTD.,PUNE,STG,AIR,203725,15-10-2025,5-Bag,135,65,8775,100,500,1000,0,0,YES
MCPL/25-26/0222,01-11-2025,STARWAYS PRECISIONS PVT. LTD.,PUNE,STG,AIR,203715,13-10-2025,7-Bag,180,65,11700,100,500,1000,0,0,YES
MCPL/25-26/0222,01-11-2025,STARWAYS PRECISIONS PVT. LTD.,PUNE,STG,AIR,203698,09-10-2025,2-Bag,50,65,3250,100,500,1000,0,0,YES
MCPL/25-26/0222,01-11-2025,STARWAYS PRECISIONS PVT. LTD.,PUNE,STG,AIR,203704,10-10-2025,3-Bag,100,65,6500,100,500,1000,0,0,YES
MCPL/25-26/0222,01-11-2025,STARWAYS PRECISIONS PVT. LTD.,PUNE,STG,AIR,203693,08-10-2025,15-Bag,330,65,21450,100,500,1000,0,0,YES
MCPL/25-26/0222,01-11-2025,STARWAYS PRECISIONS PVT. LTD.,PUNE,STG,AIR,203671,05-10-2025,3-Bag,110,65,7150,100,500,1000,0,0,YES
MCPL/25-26/0222,01-11-2025,STARWAYS PRECISIONS PVT. LTD.,PUNE,STG,AIR,203666,03-10-2025,1-Bag,50,65,3250,100,0,1000,0,0,YES
MCPL/25-26/0222,01-11-2025,STARWAYS PRECISIONS PVT. LTD.,PUNE,STG,AIR,203664,03-10-2025,1-Bag,50,65,3250,100,500,1000,0,0,YES
MCPL/25-26/0221,01-11-2025,STARWAYS PRECISIONS PVT. LTD.,AURANGABAD,STG,AIR,203692,07-10-2025,1,50,65,3250,100,6500,2500,0,0,YES
MCPL/25-26/0221,01-11-2025,STARWAYS PRECISIONS PVT. LTD.,AURANGABAD,STG,AIR,203688,06-10-2025,1,50,65,3250,100,6500,2500,0,0,YES
MCPL/25-26/0221,01-11-2025,STARWAYS PRECISIONS PVT. LTD.,AURANGABAD,STG,AIR,203673,05-10-2025,1-Bag,55,65,3575,100,6500,2500,0,0,YES
MCPL/25-26/0221,01-11-2025,STARWAYS PRECISIONS PVT. LTD.,AURANGABAD,STG,AIR,203672,04-10-2025,2-Bag,75,65,4875,100,6500,2500,0,0,YES
MCPL/25-26/0221,01-11-2025,STARWAYS PRECISIONS PVT. LTD.,AURANGABAD,STG,AIR,203657,01-10-2025,2-Bag,85,65,5525,100,6500,2500,0,0,YES
MCPL/25-26/0220,01-11-2025,STARWAYS PRECISIONS PVT. LTD.,PUNE,STG,TRAIN,203752,26-10-2025,10-Pkt,100,20,2000,100,0,1000,0,0,YES
MCPL/25-26/0220,01-11-2025,STARWAYS PRECISIONS PVT. LTD.,PUNE,STG,TRAIN,203716,13-10-2025,10-Pkt,100,20,2000,100,0,1000,0,0,YES
MCPL/25-26/0220,01-11-2025,STARWAYS PRECISIONS PVT. LTD.,PUNE,STG,TRAIN,203686,07-10-2025,10-Pkt,100,20,2000,100,500,1000,0,0,YES
MCPL/25-26/0220,01-11-2025,STARWAYS PRECISIONS PVT. LTD.,PUNE,STG,TRAIN,203663,03-10-2025,30-Pkt,230,20,4600,100,500,1000,0,0,YES
MCPL/25-26/0219,01-11-2025,STARWAYS INDUSTRIES- CHAKAN,PUNE,STG,AIR,203772,30-10-2025,15-Bag,380,65,24700,100,500,1000,0,0,YES
MCPL/25-26/0219,01-11-2025,STARWAYS INDUSTRIES- CHAKAN,PUNE,STG,AIR,203764,29-10-2025,1-Bag,50,65,3250,100,500,1000,0,0,YES
MCPL/25-26/0219,01-11-2025,STARWAYS INDUSTRIES- CHAKAN,PUNE,STG,AIR,203749,25-10-2025,6-Bag,140,65,9100,100,500,1000,0,0,YES
MCPL/25-26/0219,01-11-2025,STARWAYS INDUSTRIES- CHAKAN,PUNE,STG,AIR,203743,20-10-2025,13Bag+1Box,330,65,21450,100,500,1000,0,0,YES
MCPL/25-26/0219,01-11-2025,STARWAYS INDUSTRIES- CHAKAN,PUNE,STG,AIR,203739,18-10-2025,21Bag+1Box,525,65,34125,100,500,1000,0,0,YES
MCPL/25-26/0219,01-11-2025,STARWAYS INDUSTRIES- CHAKAN,PUNE,STG,AIR,203736,17-10-2025,5-Bag,110,65,7150,100,500,1000,0,0,YES
MCPL/25-26/0219,01-11-2025,STARWAYS INDUSTRIES- CHAKAN,PUNE,STG,AIR,203732,17-10-2025,14Bag+1BOX,375,65,24375,100,500,1000,0,0,YES
MCPL/25-26/0219,01-11-2025,STARWAYS INDUSTRIES- CHAKAN,PUNE,STG,AIR,203722,15-10-2025,11-Bag,310,65,20150,100,500,1000,0,0,YES
MCPL/25-26/0219,01-11-2025,STARWAYS INDUSTRIES- CHAKAN,PUNE,STG,AIR,203720,15-10-2025,8-Bag,240,65,15600,100,500,1000,0,0,YES
MCPL/25-26/0219,01-11-2025,STARWAYS INDUSTRIES- CHAKAN,PUNE,STG,AIR,203713,13-10-2025,11Bag+1Box,330,65,21450,100,500,1000,0,0,YES
MCPL/25-26/0219,01-11-2025,STARWAYS INDUSTRIES- CHAKAN,PUNE,STG,AIR,203700,10-10-2025,1-Box,50,65,3250,100,500,1000,0,0,YES
MCPL/25-26/0219,01-11-2025,STARWAYS INDUSTRIES- CHAKAN,PUNE,STG,AIR,203694,09-10-2025,11-Bag,235,65,15275,100,500,1000,0,0,YES
MCPL/25-26/0219,01-11-2025,STARWAYS INDUSTRIES- CHAKAN,PUNE,STG,AIR,203685,07-10-2025,9-Bag,210,65,13650,100,500,1000,0,0,YES
MCPL/25-26/0219,01-11-2025,STARWAYS INDUSTRIES- CHAKAN,PUNE,STG,AIR,203661,01-10-2025,6-Bag,175,65,11375,100,500,1000,0,0,YES
MCPL/25-26/0218,01-11-2025,STARWAYS INDUSTRIES- CHAKAN,PUNE,STG,TRAIN,203776,31-10-2025,29-Bag,930,20,18600,100,500,1000,0,0,YES
MCPL/25-26/0218,01-11-2025,STARWAYS INDUSTRIES- CHAKAN,PUNE,STG,TRAIN,203771,30-10-2025,31-Bag,875,20,17500,100,500,1000,0,0,YES
MCPL/25-26/0218,01-11-2025,STARWAYS INDUSTRIES- CHAKAN,PUNE,STG,TRAIN,203765,29-10-2025,24-Bag,420,20,8400,100,500,1000,0,0,YES
MCPL/25-26/0218,01-11-2025,STARWAYS INDUSTRIES- CHAKAN,PUNE,STG,TRAIN,203751,26-10-2025,20-Bag,375,20,7500,100,500,1000,0,0,YES
MCPL/25-26/0218,01-11-2025,STARWAYS INDUSTRIES- CHAKAN,PUNE,STG,TRAIN,203748,25-10-2025,24-Bag,650,20,13000,100,500,1000,0,0,YES
MCPL/25-26/0218,01-11-2025,STARWAYS INDUSTRIES- CHAKAN,PUNE,STG,TRAIN,203759,28-10-2025,28-Bag,700,20,14000,100,500,1000,0,0,YES
MCPL/25-26/0218,01-11-2025,STARWAYS INDUSTRIES- CHAKAN,PUNE,STG,TRAIN,203695,09-10-2025,2-Bag,100,20,2000,100,500,1000,0,0,YES
MCPL/25-26/0218,01-11-2025,STARWAYS INDUSTRIES- CHAKAN,PUNE,STG,TRAIN,203684,07-10-2025,7-Bag,165,20,3300,100,500,1000,0,0,YES
MCPL/25-26/0218,01-11-2025,STARWAYS INDUSTRIES- CHAKAN,PUNE,STG,TRAIN,203681,06-10-2025,4-Bag,100,20,2000,100,500,1000,0,0,YES
MCPL/25-26/0217,01-11-2025,STARWAYS INDUSTRIES (SI),PUNE,STG,AIR,203670,05-10-2025,1-Box,50,65,3250,100,500,1000,0,0,YES
MCPL/25-26/0216,31-10-2025,U. S. AUTO CONTROLS PVT LTD,PUNE,PANTNAGAR,AIR,203769,29-10-2025,7-Bag,120,56,6720,100,500,1000,0,0,YES
MCPL/25-26/0216,31-10-2025,U. S. AUTO CONTROLS PVT LTD,PUNE,PANTNAGAR,AIR,203757,27-10-2025,8-Bag,150,56,8400,100,500,1000,0,0,YES
MCPL/25-26/0216,31-10-2025,U. S. AUTO CONTROLS PVT LTD,PUNE,PANTNAGAR,AIR,203744,23-10-2025,8-Bag,160,56,8960,100,500,1000,0,0,YES
MCPL/25-26/0216,31-10-2025,U. S. AUTO CONTROLS PVT LTD,PUNE,PANTNAGAR,AIR,203750,25-10-2025,9-Bag,175,56,9800,100,500,1000,0,0,YES
MCPL/25-26/0216,31-10-2025,U. S. AUTO CONTROLS PVT LTD,PUNE,PANTNAGAR,AIR,203741,18-10-2025,7-Bag,120,56,6720,100,500,1000,0,0,YES
MCPL/25-26/0216,31-10-2025,U. S. AUTO CONTROLS PVT LTD,PUNE,PANTNAGAR,AIR,203724,15-10-2025,5-Bag,100,56,5600,100,500,1000,0,0,YES
MCPL/25-26/0216,31-10-2025,U. S. AUTO CONTROLS PVT LTD,PUNE,PANTNAGAR,AIR,203730,16-10-2025,6-Bag,120,56,6720,100,500,1000,0,0,YES
MCPL/25-26/0216,31-10-2025,U. S. AUTO CONTROLS PVT LTD,PUNE,PANTNAGAR,AIR,203719,14-10-2025,4-Bag,75,56,4200,100,500,1000,0,0,YES
MCPL/25-26/0216,31-10-2025,U. S. AUTO CONTROLS PVT LTD,PUNE,PANTNAGAR,AIR,203710,12-10-2025,6-Bag,110,56,6160,100,500,1000,0,0,YES
MCPL/25-26/0216,31-10-2025,U. S. AUTO CONTROLS PVT LTD,PUNE,PANTNAGAR,AIR,203718,13-10-2025,7-Bag,150,56,8400,100,500,1000,0,0,YES
MCPL/25-26/0216,31-10-2025,U. S. AUTO CONTROLS PVT LTD,PUNE,PANTNAGAR,AIR,203709,11-10-2025,9-Bag,170,56,9520,100,500,1000,0,0,YES
MCPL/25-26/0216,31-10-2025,U. S. AUTO CONTROLS PVT LTD,PUNE,PANTNAGAR,AIR,203687,07-10-2025,8-Bag,175,56,9800,100,500,1000,0,0,YES
MCPL/25-26/0216,31-10-2025,U. S. AUTO CONTROLS PVT LTD,PUNE,PANTNAGAR,AIR,203697,09-10-2025,11-Bag,210,56,11760,100,500,1000,0,0,YES
MCPL/25-26/0216,31-10-2025,U. S. AUTO CONTROLS PVT LTD,PUNE,PANTNAGAR,AIR,203669,05-10-2025,8-Bag,160,56,8960,100,500,1000,0,0,YES
MCPL/25-26/0216,31-10-2025,U. S. AUTO CONTROLS PVT LTD,PUNE,PANTNAGAR,AIR,203660,01-10-2025,6-Bag,120,56,6720,100,500,1000,0,0,YES
MCPL/25-26/0216,31-10-2025,U. S. AUTO CONTROLS PVT LTD,PUNE,PANTNAGAR,AIR,203665,03-10-2025,6-Bag,110,56,6160,100,500,1000,0,0,YES
MCPL/25-26/0215,31-10-2025,Shreya Industries - PNQ,PUNE,PANTNAGAR,ROAD,203775,31-10-2025,24,24,375,9000,100,0,0,0,0,YES
MCPL/25-26/0215,31-10-2025,Shreya Industries - PNQ,PUNE,PANTNAGAR,ROAD,203770,30-10-2025,24,24,375,9000,100,0,0,0,0,YES
MCPL/25-26/0215,31-10-2025,Shreya Industries - PNQ,PUNE,PANTNAGAR,ROAD,203758,28-10-2025,24,24,375,9000,100,0,0,0,0,YES
MCPL/25-26/0215,31-10-2025,Shreya Industries - PNQ,PUNE,PANTNAGAR,ROAD,203762,29-10-2025,24,24,375,9000,100,0,0,0,0,YES
MCPL/25-26/0215,31-10-2025,Shreya Industries - PNQ,PUNE,PANTNAGAR,ROAD,203754,27-10-2025,24,24,375,9000,100,0,0,0,0,YES
MCPL/25-26/0214,31-10-2025,Shreya Industries - PNQ,PUNE,PANTNAGAR,ROAD,203738,18-10-2025,20,20,375,7500,100,0,0,0,0,YES
MCPL/25-26/0214,31-10-2025,Shreya Industries - PNQ,PUNE,PANTNAGAR,ROAD,203726,16-10-2025,44,44,375,16500,100,0,0,0,0,YES
MCPL/25-26/0214,31-10-2025,Shreya Industries - PNQ,PUNE,PANTNAGAR,ROAD,203737,18-10-2025,30,30,375,11250,100,0,0,0,0,YES
MCPL/25-26/0214,31-10-2025,Shreya Industries - PNQ,PUNE,PANTNAGAR,ROAD,203714,13-10-2025,44,44,375,16500,100,0,0,0,0,YES
MCPL/25-26/0213,31-10-2025,Shreya Industries - PNQ,PUNE,PANTNAGAR,ROAD,203699,10-10-2025,44,44,375,16500,100,0,0,0,0,YES
MCPL/25-26/0213,31-10-2025,Shreya Industries - PNQ,PUNE,PANTNAGAR,ROAD,203689,08-10-2025,44,44,375,16500,100,0,0,0,0,YES
MCPL/25-26/0213,31-10-2025,Shreya Industries - PNQ,PUNE,PANTNAGAR,ROAD,203667,04-10-2025,44,44,375,16500,100,0,0,0,0,YES
MCPL/25-26/0212,31-10-2025,PRECIFAST PRIVATE LIMITED,PUNE,PANTNAGAR,TRAIN,203708,11-10-2025,8-Box,180,20,3600,100,500,1500,0,0,YES
MCPL/25-26/0211,31-10-2025,HIMALAYAN AUTO ERA PVT LTD,PUNE,PANTNAGAR,AIR,203734,17-10-2025,4-Box,80,78,6240,100,0,0,0,0,YES
MCPL/25-26/0212,31-10-2025,PRECIFAST PRIVATE LIMITED,PUNE,PANTNAGAR,TRAIN,203668,05-10-2025,10-Box,120,20,2400,100,500,1500,0,0,YES
MCPL/25-26/0211,31-10-2025,HIMALAYAN AUTO ERA PVT LTD,PUNE,PANTNAGAR,AIR,203690,08-10-2025,5,90,78,7020,100,0,0,7000,0,YES
MCPL/25-26/0210,31-10-2025,HIMALAYAN AUTO ERA PVT LTD,PUNE,PANTNAGAR,TRAIN,203691,08-10-2025,6,100,28,2800,100,0,0,0,0,YES
MCPL/25-26/0209,31-10-2025,HIMALAYAN AUTO ERA PVT LTD,PUNE,PANTNAGAR,ROAD-EXPRESS,203658,01-10-2025,12,288,25,7200,100,0,0,0,0,YES
MCPL/25-26/0209,31-10-2025,HIMALAYAN AUTO ERA PVT LTD,PUNE,PANTNAGAR,ROAD-EXPRESS,203701,10-10-2025,9-Bag,250,25,6250,100,0,0,0,0,YES
MCPL/25-26/0209,31-10-2025,HIMALAYAN AUTO ERA PVT LTD,PUNE,PANTNAGAR,ROAD-EXPRESS,203728,16-10-2025,20-Nos,480,25,12000,100,0,0,0,0,YES
MCPL/25-26/0209,31-10-2025,HIMALAYAN AUTO ERA PVT LTD,PUNE,PANTNAGAR,ROAD-EXPRESS,203773,30-10-2025,10-Nos,250,25,6250,100,0,0,0,0,YES
MCPL/25-26/0208,31-10-2025,DALI SAMIR ENGG.PVT LTD-PUNE,PUNE,PANTNAGAR,TRAIN,203777,31-10-2025,8-Box,200,18,3600,0,1000,500,0,0,YES
MCPL/25-26/0208,31-10-2025,DALI SAMIR ENGG.PVT LTD-PUNE,PUNE,PANTNAGAR,TRAIN,203768,29-10-2025,4-Box,100,18,1800,0,1000,500,0,0,YES
MCPL/25-26/0207,31-10-2025,DALI SAMIR ENGG.PVT LTD-PUNE,PUNE,PANTNAGAR,AIR,203767,29-10-2025,2-Box,50,80,4000,0,1000,500,0,0,YES
MCPL/25-26/0206,31-10-2025,ASHA INDUSTRIES,AURANGABAD,PANTNAGAR,TRAIN,203717,13-10-2025,4-Bag,120,18,2160,100,1000,1000,0,0,YES
MCPL/25-26/0204,25-10-2025,Belrise Industries Ltd Unit -IX,DELHI,PANTNAGAR,ROAD,203696,07-10-2025,14,0,0,0,100,0,1000,0,0,YES
MCPL/25-26/0203,25-10-2025,Belrise Industries Ltd Unit -IX,PUNE,PANTNAGAR,TRAIN,203712,13-10-2025,50-Bag,750,16,12000,100,500,1000,0,0,YES
MCPL/25-26/0204,25-10-2025,Belrise Industries Ltd Unit -IX,DELHI,PANTNAGAR,ROAD,203674,04-10-2025,2,0,0,0,100,0,1000,0,0,YES
MCPL/25-26/0203,25-10-2025,Belrise Industries Ltd Unit -IX,PUNE,PANTNAGAR,TRAIN,203707,11-10-2025,65,975,16,15600,100,500,1000,0,0,YES
MCPL/25-26/0203,25-10-2025,Belrise Industries Ltd Unit -IX,PUNE,PANTNAGAR,TRAIN,203702,10-10-2025,50-Bag,750,16,12000,100,500,1000,0,0,YES
MCPL/25-26/0203,25-10-2025,Belrise Industries Ltd Unit -IX,PUNE,PANTNAGAR,TRAIN,203680,06-10-2025,50-Bag,750,16,12000,100,500,1000,0,0,YES
MCPL/25-26/0202,25-10-2025,Belrise Industries Ltd Unit -IX,PANTNAGAR,AURANGABAD,AIR,203745,24-10-2025,3,155,60,9300,100,1000,1200,0,0,YES
MCPL/25-26/0201,25-10-2025,Belrise Industries Ltd Unit -IX,PUNE,PANTNAGAR,AIR,203723,15-10-2025,100-Bag,1500,60,90000,100,500,0,9000,0,YES
MCPL/25-26/0201,25-10-2025,Belrise Industries Ltd Unit -IX,PUNE,PANTNAGAR,AIR,203727,16-10-2025,100-Bag,1500,60,90000,100,500,0,9000,0,YES
MCPL/25-26/0201,25-10-2025,Belrise Industries Ltd Unit -IX,PUNE,PANTNAGAR,AIR,203735,17-10-2025,50-Bag,800,60,48000,100,500,0,8000,0,YES
MCPL/25-26/0200,01-10-2025,HIMALAYAN AUTO ERA PVT LTD,PANTNAGAR,PUNE,ROAD-EXPRESS,203632,26-09-2025,11,440,25,11000,100,0,0,0,0,YES
MCPL/25-26/0199,01-10-2025,HIMALAYAN AUTO ERA PVT LTD,PUNE,PANTNAGAR,ROAD-EXPRESS,203599,19-09-2025,12,300,25,7500,100,0,0,0,0,YES
MCPL/25-26/0205,25-10-2025,Belrise Industries Ltd Unit -IX,DELHI,PANTNAGAR,ROAD,203617,22-09-2025,10,0,0,0,100,0,1000,0,0,YES
MCPL/25-26/0205,25-10-2025,Belrise Industries Ltd Unit -IX,DELHI,PANTNAGAR,ROAD,203618,22-09-2025,3,0,0,0,100,0,1000,0,0,YES
MCPL/25-26/0196,01-10-2025,Shreya Industries - PNQ,PUNE,PANTNAGAR,ROAD,203647,29-09-2025,44,44,375,16500,100,0,0,0,0,YES
MCPL/25-26/0205,25-10-2025,Belrise Industries Ltd Unit -IX,DELHI,PANTNAGAR,ROAD,203675,18-09-2025,1,0,0,0,100,0,1000,0,0,YES
MCPL/25-26/0196,01-10-2025,Shreya Industries - PNQ,PUNE,PANTNAGAR,ROAD,203624,25-09-2025,44,44,375,16500,100,0,0,0,0,YES
MCPL/25-26/0195,01-10-2025,Shreya Industries - PNQ,PUNE,PANTNAGAR,ROAD,203619,23-09-2025,24,24,375,9000,100,0,0,0,0,YES
MCPL/25-26/0195,01-10-2025,Shreya Industries - PNQ,PUNE,PANTNAGAR,ROAD,203608,22-09-2025,24,24,375,9000,100,0,0,0,0,YES
MCPL/25-26/0195,01-10-2025,Shreya Industries - PNQ,PUNE,PANTNAGAR,ROAD,203584,16-09-2025,24,24,375,9000,100,0,0,0,0,YES
MCPL/25-26/0193,01-10-2025,Shreya Industries - PNQ,PUNE,PANTNAGAR,AIR,203598,19-09-2025,24,960,60,57600,100,0,4000,0,0,YES
MCPL/25-26/0194,01-10-2025,Shreya Industries - PNQ,PUNE,PANTNAGAR,AIR,203601,20-09-2025,24,960,60,57600,100,0,4000,0,0,YES
MCPL/25-26/0192,01-10-2025,DALI SAMIR ENGG.PVT LTD-PUNE,PUNE,PANTNAGAR,TRAIN,203607,20-09-2025,6-Box,150,18,2700,0,1000,500,0,0,YES
MCPL/25-26/0192,01-10-2025,DALI SAMIR ENGG.PVT LTD-PUNE,PUNE,PANTNAGAR,TRAIN,203600,19-09-2025,6-Box,150,18,2700,0,1000,500,0,0,YES
MCPL/25-26/0192,01-10-2025,DALI SAMIR ENGG.PVT LTD-PUNE,PUNE,PANTNAGAR,TRAIN,203587,16-09-2025,8-Box,200,18,3600,0,1000,500,0,0,YES
MCPL/25-26/0226,07-11-2025,"BELRISE INDUSTRIES LTD,UNIT-7E",PUNE,PANTNAGAR,TRAIN,203588,17-09-2025,22-Bag,550,16,8800,100,500,1000,0,0,YES
MCPL/25-26/0226,07-11-2025,"BELRISE INDUSTRIES LTD,UNIT-7E",PUNE,PANTNAGAR,TRAIN,203594,18-09-2025,17-Bag,425,16,6800,100,500,1000,0,0,YES
MCPL/25-26/0226,07-11-2025,"BELRISE INDUSTRIES LTD,UNIT-7E",PUNE,PANTNAGAR,TRAIN,203621,24-09-2025,25-Bag,625,16,10000,100,500,1000,0,0,YES
MCPL/25-26/0226,07-11-2025,"BELRISE INDUSTRIES LTD,UNIT-7E",PUNE,PANTNAGAR,TRAIN,203627,25-09-2025,20-Bag,500,16,8000,100,500,1000,0,0,YES
MCPL/25-26/0226,07-11-2025,"BELRISE INDUSTRIES LTD,UNIT-7E",PUNE,PANTNAGAR,TRAIN,203637,26-09-2025,23-Bag,575,16,9200,100,500,1000,0,0,YES
MCPL/25-26/0226,07-11-2025,"BELRISE INDUSTRIES LTD,UNIT-7E",PUNE,PANTNAGAR,TRAIN,203650,30-09-2025,14-Bag,350,16,5600,100,500,1000,0,0,YES
MCPL/25-26/0226,07-11-2025,"BELRISE INDUSTRIES LTD,UNIT-7E",PUNE,PANTNAGAR,TRAIN,203652,30-09-2025,19-Box,665,16,10640,100,500,1000,0,0,YES
MCPL/25-26/0190,01-10-2025,STARWAYS INDUSTRIES- CHAKAN,PUNE,STG,AIR,203628,25-09-2025,7-Bag,150,65,9750,100,500,1000,0,0,YES
MCPL/25-26/0190,01-10-2025,STARWAYS INDUSTRIES- CHAKAN,PUNE,STG,AIR,203609,22-09-2025,11-Bag,210,65,13650,100,500,1000,0,0,YES
MCPL/25-26/0190,01-10-2025,STARWAYS INDUSTRIES- CHAKAN,PUNE,STG,AIR,203603,20-09-2025,12Bag+1Box,260,65,16900,100,500,1000,0,0,YES
MCPL/25-26/0190,01-10-2025,STARWAYS INDUSTRIES- CHAKAN,PUNE,STG,AIR,203596,19-09-2025,5Bag,105,65,6825,100,500,1000,0,0,YES
MCPL/25-26/0190,01-10-2025,STARWAYS INDUSTRIES- CHAKAN,PUNE,STG,AIR,203585,16-09-2025,8Bag,240,65,15600,100,500,1000,0,0,YES
MCPL/25-26/0189,01-10-2025,STARWAYS INDUSTRIES- CHAKAN,PUNE,STG,TRAIN,203649,30-09-2025,6-Bag,120,20,2400,100,500,1000,0,0,YES
MCPL/25-26/0189,01-10-2025,STARWAYS INDUSTRIES- CHAKAN,PUNE,STG,TRAIN,203645,29-09-2025,4-Bag,105,20,2100,100,500,1000,0,0,YES
MCPL/25-26/0189,01-10-2025,STARWAYS INDUSTRIES- CHAKAN,PUNE,STG,TRAIN,203640,27-09-2025,8-Bag,215,20,4300,100,500,1000,0,0,YES
MCPL/25-26/0189,01-10-2025,STARWAYS INDUSTRIES- CHAKAN,PUNE,STG,TRAIN,203626,25-09-2025,28Bag+1Box,705,20,14100,100,500,1000,0,0,YES
MCPL/25-26/0189,01-10-2025,STARWAYS INDUSTRIES- CHAKAN,PUNE,STG,TRAIN,203614,23-09-2025,9-Bag,200,20,4000,100,500,1000,0,0,YES
MCPL/25-26/0189,01-10-2025,STARWAYS INDUSTRIES- CHAKAN,PUNE,STG,TRAIN,203602,20-09-2025,14-Bag,390,20,7800,100,500,1000,0,0,YES
MCPL/25-26/0189,01-10-2025,STARWAYS INDUSTRIES- CHAKAN,PUNE,STG,TRAIN,203610,22-09-2025,12-Bag+1Box,325,20,6500,100,500,1000,0,0,YES
MCPL/25-26/0189,01-10-2025,STARWAYS INDUSTRIES- CHAKAN,PUNE,STG,TRAIN,203597,19-09-2025,21-Bag,475,20,9500,100,500,1000,0,0,YES
MCPL/25-26/0188,01-10-2025,STARWAYS PRECISIONS PVT. LTD.,AURANGABAD,STG,AIR,203653,29-09-2025,3,150,65,9750,100,6500,2500,0,0,YES
MCPL/25-26/0198,01-10-2025,HIMALAYAN AUTO ERA PVT LTD,PUNE,PANTNAGAR,AIR,203615,23-09-2025,1-Box,50,78,3900,100,0,0,0,0,YES
MCPL/25-26/0188,01-10-2025,STARWAYS PRECISIONS PVT. LTD.,AURANGABAD,STG,AIR,203644,28-09-2025,1,50,65,3250,100,6500,2500,0,0,YES
MCPL/25-26/0188,01-10-2025,STARWAYS PRECISIONS PVT. LTD.,AURANGABAD,STG,AIR,203642,27-09-2025,2,65,65,4225,100,6500,2500,0,0,YES
MCPL/25-26/0188,01-10-2025,STARWAYS PRECISIONS PVT. LTD.,AURANGABAD,STG,AIR,203631,26-09-2025,1,50,65,3250,100,6500,2500,0,0,YES
MCPL/25-26/0188,01-10-2025,STARWAYS PRECISIONS PVT. LTD.,AURANGABAD,STG,AIR,203625,25-09-2025,1,50,65,3250,100,6500,2500,0,0,YES
MCPL/25-26/0187,01-10-2025,STARWAYS PRECISIONS PVT. LTD.,PUNE,STG,AIR,203656,30-09-2025,7-Bag,80,65,5200,100,500,1000,0,0,YES
MCPL/25-26/0187,01-10-2025,STARWAYS PRECISIONS PVT. LTD.,PUNE,STG,AIR,203648,29-09-2025,5-Bag,200,65,13000,100,500,1000,0,0,YES
MCPL/25-26/0187,01-10-2025,STARWAYS PRECISIONS PVT. LTD.,PUNE,STG,AIR,203641,27-09-2025,9-Bag,160,65,10400,100,500,1000,0,0,YES
MCPL/25-26/0187,01-10-2025,STARWAYS PRECISIONS PVT. LTD.,PUNE,STG,AIR,203638,26-09-2025,2-Bag,50,65,3250,100,500,1000,0,0,YES
MCPL/25-26/0187,01-10-2025,STARWAYS PRECISIONS PVT. LTD.,PUNE,STG,AIR,203629,25-09-2025,1-Bag,50,65,3250,100,500,1000,0,0,YES
MCPL/25-26/0187,01-10-2025,STARWAYS PRECISIONS PVT. LTD.,PUNE,STG,AIR,203623,24-09-2025,8-Bag,160,65,10400,100,500,1000,0,0,YES
MCPL/25-26/0187,01-10-2025,STARWAYS PRECISIONS PVT. LTD.,PUNE,STG,AIR,203616,23-09-2025,2-Bag,50,65,3250,100,500,1000,0,0,YES
MCPL/25-26/0187,01-10-2025,STARWAYS PRECISIONS PVT. LTD.,PUNE,STG,AIR,203612,22-09-2025,3-Bag,80,65,5200,100,500,1000,0,0,YES
MCPL/25-26/0187,01-10-2025,STARWAYS PRECISIONS PVT. LTD.,PUNE,STG,AIR,203604,20-09-2025,6-Bag,100,65,6500,100,500,1000,0,0,YES
MCPL/25-26/0187,01-10-2025,STARWAYS PRECISIONS PVT. LTD.,PUNE,STG,AIR,203595,18-09-2025,3-Bag,75,65,4875,100,500,1000,0,0,YES
MCPL/25-26/0187,01-10-2025,STARWAYS PRECISIONS PVT. LTD.,PUNE,STG,AIR,203590,17-09-2025,2-Bag,55,65,3575,100,500,1000,0,0,YES
MCPL/25-26/0186,01-10-2025,STARWAYS PRECISIONS PVT. LTD.,PUNE,STG,TRAIN,203605,20-09-2025,15-Pkt,120,20,2400,100,0,1000,0,0,YES
MCPL/25-26/0186,01-10-2025,STARWAYS PRECISIONS PVT. LTD.,PUNE,STG,TRAIN,203591,17-09-2025,10-Pkt,100,20,2000,100,0,1000,0,0,YES
MCPL/25-26/0185,01-10-2025,U. S. AUTO CONTROLS PVT LTD,PUNE,PANTNAGAR,AIR,203654,30-09-2025,2-Bag,35,56,1960,100,500,1000,0,0,YES
MCPL/25-26/0185,01-10-2025,U. S. AUTO CONTROLS PVT LTD,PUNE,PANTNAGAR,AIR,203655,30-09-2025,6-Bag,125,56,7000,100,500,1000,0,0,YES
MCPL/25-26/0185,01-10-2025,U. S. AUTO CONTROLS PVT LTD,PUNE,PANTNAGAR,AIR,203643,28-09-2025,7-Bag,125,56,7000,100,500,1000,0,0,YES
MCPL/25-26/0185,01-10-2025,U. S. AUTO CONTROLS PVT LTD,PUNE,PANTNAGAR,AIR,203622,24-09-2025,8-Bag,140,56,7840,100,500,1000,0,0,YES
MCPL/25-26/0185,01-10-2025,U. S. AUTO CONTROLS PVT LTD,PUNE,PANTNAGAR,AIR,203639,26-09-2025,6-Bag,110,56,6160,100,500,1000,0,0,YES
MCPL/25-26/0185,01-10-2025,U. S. AUTO CONTROLS PVT LTD,PUNE,PANTNAGAR,AIR,203613,22-09-2025,6-Bag,110,56,6160,100,500,1000,0,0,YES
MCPL/25-26/0185,01-10-2025,U. S. AUTO CONTROLS PVT LTD,PUNE,PANTNAGAR,AIR,203606,20-09-2025,8-Bag,160,56,8960,100,500,1000,0,0,YES
MCPL/25-26/0185,01-10-2025,U. S. AUTO CONTROLS PVT LTD,PUNE,PANTNAGAR,AIR,203589,17-09-2025,4-Bag,70,56,3920,100,500,1000,0,0,YES
MCPL/25-26/0185,01-10-2025,U. S. AUTO CONTROLS PVT LTD,PUNE,PANTNAGAR,AIR,203593,18-09-2025,9-Bag,140,56,7840,100,500,1000,0,0,YES
MCPL/25-26/0185,01-10-2025,U. S. AUTO CONTROLS PVT LTD,PUNE,PANTNAGAR,AIR,203586,16-09-2025,7-Bag,135,56,7560,100,500,1000,0,0,YES
MCPL/25-26/0184,01-10-2025,PRECIFAST PRIVATE LIMITED,PUNE,PANTNAGAR,TRAIN,203630,25-09-2025,14-Box,170,20,3400,100,500,1500,0,0,YES
MCPL/25-26/0183,01-10-2025,ASHA INDUSTRIES,AURANGABAD,PANTNAGAR,TRAIN,203611,20-09-2025,3-Bag,100,18,1800,100,1000,1000,0,0,YES
MCPL/25-26/0183,01-10-2025,ASHA INDUSTRIES,AURANGABAD,PANTNAGAR,TRAIN,203646,29-09-2025,6-Bag,180,18,3240,100,1000,1000,0,0,YES
MCPL/25-26/0183,01-10-2025,ASHA INDUSTRIES,AURANGABAD,PANTNAGAR,TRAIN,203592,18-09-2025,2-Bag,100,18,1800,100,1000,1000,0,0,YES
MCPL/25-26/0180,25-09-2025,DALI SAMIR ENGG.PVT LTD-PUNE,PUNE,PANTNAGAR,TRAIN,203493,02-09-2025,4-Box,100,18,1800,0,1000,500,0,0,YES
MCPL/25-26/0179,15-09-2025,"BELRISE INDUSTRIES LTD,UNIT-7E",PUNE,PANTNAGAR,TRAIN,203571,13-09-2025,28-Bag,700,16,11200,100,500,1000,0,0,YES
MCPL/25-26/0179,15-09-2025,"BELRISE INDUSTRIES LTD,UNIT-7E",PUNE,PANTNAGAR,TRAIN,203562,12-09-2025,26-Bag,650,16,10400,100,500,1000,0,0,YES
MCPL/25-26/0179,15-09-2025,"BELRISE INDUSTRIES LTD,UNIT-7E",PUNE,PANTNAGAR,TRAIN,203558,11-09-2025,12-Bag,300,16,4800,100,500,1000,0,0,YES
MCPL/25-26/0179,15-09-2025,"BELRISE INDUSTRIES LTD,UNIT-7E",PUNE,PANTNAGAR,TRAIN,203554,11-09-2025,40-Bag,1000,16,16000,100,500,1000,0,0,YES
MCPL/25-26/0179,15-09-2025,"BELRISE INDUSTRIES LTD,UNIT-7E",PUNE,PANTNAGAR,TRAIN,203547,10-09-2025,18-Bag,450,16,7200,100,500,1000,0,0,YES
MCPL/25-26/0179,15-09-2025,"BELRISE INDUSTRIES LTD,UNIT-7E",PUNE,PANTNAGAR,TRAIN,203539,09-09-2025,20-Bag,700,16,11200,100,500,1000,0,0,YES
MCPL/25-26/0179,15-09-2025,"BELRISE INDUSTRIES LTD,UNIT-7E",PUNE,PANTNAGAR,TRAIN,203537,09-09-2025,33-Bag,825,16,13200,100,500,1000,0,0,YES
MCPL/25-26/0179,15-09-2025,"BELRISE INDUSTRIES LTD,UNIT-7E",PUNE,PANTNAGAR,TRAIN,203533,09-09-2025,30-Bag,1050,16,16800,100,500,1000,0,0,YES
MCPL/25-26/0179,15-09-2025,"BELRISE INDUSTRIES LTD,UNIT-7E",PUNE,PANTNAGAR,TRAIN,203529,08-09-2025,40-Bag,1000,16,16000,100,500,1000,0,0,YES
MCPL/25-26/0179,15-09-2025,"BELRISE INDUSTRIES LTD,UNIT-7E",PUNE,PANTNAGAR,TRAIN,203519,06-09-2025,25-Bag,625,16,10000,100,500,1000,0,0,YES
MCPL/25-26/0179,15-09-2025,"BELRISE INDUSTRIES LTD,UNIT-7E",PUNE,PANTNAGAR,TRAIN,203511,05-09-2025,34-Bag,850,16,13600,100,500,1000,0,0,YES
MCPL/25-26/0179,15-09-2025,"BELRISE INDUSTRIES LTD,UNIT-7E",PUNE,PANTNAGAR,TRAIN,203501,03-09-2025,40-Bag,1000,16,16000,100,500,1000,0,0,YES
MCPL/25-26/0179,15-09-2025,"BELRISE INDUSTRIES LTD,UNIT-7E",PUNE,PANTNAGAR,TRAIN,203514,05-09-2025,25-Bag,625,16,10000,100,500,1000,0,0,YES
MCPL/25-26/0179,15-09-2025,"BELRISE INDUSTRIES LTD,UNIT-7E",PUNE,PANTNAGAR,TRAIN,203485,01-09-2025,40-Bag,1000,16,16000,100,500,1000,0,0,YES
MCPL/25-26/0179,15-09-2025,"BELRISE INDUSTRIES LTD,UNIT-7E",PUNE,PANTNAGAR,TRAIN,203492,02-09-2025,40-Bag,1000,16,16000,100,500,1000,0,0,YES
MCPL/25-26/0178,15-09-2025,"BELRISE INDUSTRIES LTD,UNIT-12",DELHI,PANTNAGAR,ROAD,203508,04-09-2025,12-Bag,0,0,0,100,0,1000,0,0,YES
MCPL/25-26/0180,25-09-2025,DALI SAMIR ENGG.PVT LTD-PUNE,PUNE,PANTNAGAR,TRAIN,203503,03-09-2025,4-Box,100,18,1800,0,1000,0,6000,0,YES
MCPL/25-26/0180,25-09-2025,DALI SAMIR ENGG.PVT LTD-PUNE,PUNE,PANTNAGAR,TRAIN,203515,05-09-2025,8-Box,200,18,3600,0,1000,500,0,0,YES
MCPL/25-26/0180,25-09-2025,DALI SAMIR ENGG.PVT LTD-PUNE,PUNE,PANTNAGAR,TRAIN,203520,07-09-2025,8-Box,200,18,3600,0,1000,500,0,0,YES
MCPL/25-26/0181,25-09-2025,DALI SAMIR ENGG.PVT LTD-PUNE,PUNE,PANTNAGAR,TRAIN,203527,08-09-2025,9-Box,225,18,4050,0,1000,500,0,0,YES
MCPL/25-26/0181,25-09-2025,DALI SAMIR ENGG.PVT LTD-PUNE,PUNE,PANTNAGAR,TRAIN,203531,08-09-2025,8-Box,200,18,3600,0,1000,500,0,0,YES
MCPL/25-26/0181,25-09-2025,DALI SAMIR ENGG.PVT LTD-PUNE,PUNE,PANTNAGAR,TRAIN,203538,09-09-2025,8-Box,200,18,3600,0,1000,500,0,0,YES
MCPL/25-26/0182,25-09-2025,DALI SAMIR ENGG.PVT LTD-PUNE,PUNE,PANTNAGAR,TRAIN,203566,12-09-2025,4-Box,100,18,1800,0,1000,500,0,0,YES
MCPL/25-26/0182,25-09-2025,DALI SAMIR ENGG.PVT LTD-PUNE,PUNE,PANTNAGAR,TRAIN,203573,13-09-2025,10-Box,250,18,4500,0,1000,500,0,0,YES
MCPL/25-26/0182,25-09-2025,DALI SAMIR ENGG.PVT LTD-PUNE,PUNE,PANTNAGAR,TRAIN,203583,15-09-2025,5-Box,100,18,1800,0,1000,500,0,0,YES
MCPL/25-26/0174,15-09-2025,DALI SAMIR ENGG.PVT LTD-PUNE,PUNE,PANTNAGAR,AIR,203483,01-09-2025,4-Box,80,80,6400,0,1000,500,0,0,YES
MCPL/25-26/0174,15-09-2025,DALI SAMIR ENGG.PVT LTD-PUNE,PUNE,PANTNAGAR,AIR,203502,03-09-2025,4-Box,80,80,6400,0,1000,0,6000,0,YES
MCPL/25-26/0175,15-09-2025,DALI SAMIR ENGG.PVT LTD-PUNE,PUNE,PANTNAGAR,AIR,203521,07-09-2025,2-Box,50,80,4000,0,1000,500,0,0,YES
MCPL/25-26/0173,15-09-2025,DALI SAMIR ENGG.PVT LTD-PUNE,PANTNAGAR,PUNE,AIR,203572,13-09-2025,1,50,80,4000,0,500,1000,0,0,YES
MCPL/25-26/0175,15-09-2025,DALI SAMIR ENGG.PVT LTD-PUNE,PUNE,PANTNAGAR,AIR,203546,10-09-2025,2,50,80,4000,0,1000,500,0,0,YES
MCPL/25-26/0172,15-09-2025,Shreya Industries - PNQ,PUNE,PANTNAGAR,ROAD,203577,15-09-2025,24,24,375,9000,100,0,0,0,0,YES
MCPL/25-26/0172,15-09-2025,Shreya Industries - PNQ,PUNE,PANTNAGAR,ROAD,203559,12-09-2025,24,24,375,9000,100,0,0,0,0,YES
MCPL/25-26/0171,15-09-2025,Shreya Industries - PNQ,PUNE,PANTNAGAR,ROAD,203522,08-09-2025,24,24,375,9000,100,0,0,0,0,YES
MCPL/25-26/0171,15-09-2025,Shreya Industries - PNQ,PUNE,PANTNAGAR,ROAD,203550,11-09-2025,20,20,375,7500,100,0,0,0,0,YES
MCPL/25-26/0170,15-09-2025,Shreya Industries - PNQ,PUNE,PANTNAGAR,ROAD,203498,03-09-2025,24,24,375,9000,100,0,0,0,0,YES
MCPL/25-26/0168,15-09-2025,Shreya Industries - PNQ,PUNE,PANTNAGAR,AIR,203534,09-09-2025,25,1000,60,60000,100,0,4000,0,0,YES
MCPL/25-26/0170,15-09-2025,Shreya Industries - PNQ,PUNE,PANTNAGAR,ROAD,203486,01-09-2025,20,20,375,7500,100,0,0,0,0,YES
MCPL/25-26/0169,15-09-2025,Shreya Industries - PNQ,PUNE,PANTNAGAR,AIR,203507,04-09-2025,24,960,60,57600,100,0,4000,0,0,YES
MCPL/25-26/0167,15-09-2025,HIMALAYAN AUTO ERA PVT LTD,PUNE,PANTNAGAR,FTL,203552,08-09-2025,11,0,0,0,100,0,0,0,0,YES
MCPL/25-26/0166,15-09-2025,HIMALAYAN AUTO ERA PVT LTD,PUNE,PANTNAGAR,ROAD-EXPRESS,203570,13-09-2025,20,520,25,13000,100,0,0,0,0,YES
MCPL/25-26/0167,15-09-2025,HIMALAYAN AUTO ERA PVT LTD,PUNE,PANTNAGAR,FTL,203551,08-09-2025,52,0,0,75000,100,0,0,0,5000,YES
MCPL/25-26/0166,15-09-2025,HIMALAYAN AUTO ERA PVT LTD,PUNE,PANTNAGAR,ROAD-EXPRESS,203545,10-09-2025,500,1150,25,28750,100,6500,0,0,0,YES
MCPL/25-26/0165,15-09-2025,HIMALAYAN AUTO ERA PVT LTD,PUNE,PANTNAGAR,TRAIN,203576,15-09-2025,12,240,28,6720,100,0,0,0,0,YES
MCPL/25-26/0166,15-09-2025,HIMALAYAN AUTO ERA PVT LTD,PUNE,PANTNAGAR,ROAD-EXPRESS,203526,08-09-2025,7-Bag,250,25,6250,100,0,0,0,0,YES
MCPL/25-26/0165,15-09-2025,HIMALAYAN AUTO ERA PVT LTD,PUNE,PANTNAGAR,TRAIN,203484,01-09-2025,17,445,28,12460,100,0,0,0,0,YES
MCPL/25-26/0164,15-09-2025,HIMALAYAN AUTO ERA PVT LTD,PUNE,PANTNAGAR,AIR,203575,15-09-2025,4,60,78,4680,100,0,0,0,0,YES
MCPL/25-26/0163,15-09-2025,STARWAYS PRECISIONS PVT. LTD.,PUNE,STG,AIR,203574,14-09-2025,5-Bag,80,65,5200,100,500,1000,0,0,YES
MCPL/25-26/0163,15-09-2025,STARWAYS PRECISIONS PVT. LTD.,PUNE,STG,AIR,203580,15-09-2025,2-Bag,55,65,3575,100,500,1000,0,0,YES
MCPL/25-26/0163,15-09-2025,STARWAYS PRECISIONS PVT. LTD.,PUNE,STG,AIR,203567,12-09-2025,1-Bag,50,65,3250,100,0,1000,0,0,YES
MCPL/25-26/0163,15-09-2025,STARWAYS PRECISIONS PVT. LTD.,PUNE,STG,AIR,203556,11-09-2025,5-Bag,230,65,14950,100,500,1000,0,0,YES
MCPL/25-26/0163,15-09-2025,STARWAYS PRECISIONS PVT. LTD.,PUNE,STG,AIR,203564,12-09-2025,1-Bag,50,65,3250,100,500,1000,0,0,YES
MCPL/25-26/0163,15-09-2025,STARWAYS PRECISIONS PVT. LTD.,PUNE,STG,AIR,203548,10-09-2025,2-Bag,50,65,3250,100,500,1000,0,0,YES
MCPL/25-26/0163,15-09-2025,STARWAYS PRECISIONS PVT. LTD.,PUNE,STG,AIR,203542,09-09-2025,1Bag+10BoX,160,65,10400,100,500,1000,0,0,YES
MCPL/25-26/0163,15-09-2025,STARWAYS PRECISIONS PVT. LTD.,PUNE,STG,AIR,203532,08-09-2025,6-Bag,150,65,9750,100,500,1000,0,0,YES
MCPL/25-26/0163,15-09-2025,STARWAYS PRECISIONS PVT. LTD.,PUNE,STG,AIR,203516,05-09-2025,1-Bag,50,65,3250,100,500,1000,0,0,YES
MCPL/25-26/0163,15-09-2025,STARWAYS PRECISIONS PVT. LTD.,PUNE,STG,AIR,203504,03-09-2025,6-Box,120,65,7800,100,500,1000,0,0,YES
MCPL/25-26/0163,15-09-2025,STARWAYS PRECISIONS PVT. LTD.,PUNE,STG,AIR,203510,04-09-2025,1Bag,80,65,5200,100,500,1000,0,0,YES
MCPL/25-26/0163,15-09-2025,STARWAYS PRECISIONS PVT. LTD.,PUNE,STG,AIR,203495,02-09-2025,2Bag,70,65,4550,100,500,1000,0,0,YES
MCPL/25-26/0163,15-09-2025,STARWAYS PRECISIONS PVT. LTD.,PUNE,STG,AIR,203487,01-09-2025,5-Box,140,65,9100,100,500,1000,0,0,YES
MCPL/25-26/0162,15-09-2025,STARWAYS PRECISIONS PVT. LTD.,PUNE,STG,TRAIN,203565,12-09-2025,10-Pkt,100,20,2000,100,500,1000,0,0,YES
MCPL/25-26/0162,15-09-2025,STARWAYS PRECISIONS PVT. LTD.,PUNE,STG,TRAIN,203549,10-09-2025,10-Pkt,100,20,2000,100,0,1000,0,0,YES
MCPL/25-26/0162,15-09-2025,STARWAYS PRECISIONS PVT. LTD.,PUNE,STG,TRAIN,203517,05-09-2025,18-BOX,300,20,6000,100,0,1000,0,0,YES
MCPL/25-26/0162,15-09-2025,STARWAYS PRECISIONS PVT. LTD.,PUNE,STG,TRAIN,203505,03-09-2025,20-Bag,100,20,2000,100,0,1000,0,0,YES
MCPL/25-26/0162,15-09-2025,STARWAYS PRECISIONS PVT. LTD.,PUNE,STG,TRAIN,203496,03-09-2025,10-Bag,140,20,2800,100,500,1000,0,0,YES
MCPL/25-26/0161,15-09-2025,STARWAYS INDUSTRIES- CHAKAN,PUNE,STG,AIR,203579,15-09-2025,9-Bag,180,65,11700,100,500,1000,0,0,YES
MCPL/25-26/0161,15-09-2025,STARWAYS INDUSTRIES- CHAKAN,PUNE,STG,AIR,203568,13-09-2025,19-Bag,450,65,29250,100,500,1000,0,0,YES
MCPL/25-26/0161,15-09-2025,STARWAYS INDUSTRIES- CHAKAN,PUNE,STG,AIR,203563,12-09-2025,7-Bag,135,65,8775,100,500,1000,0,0,YES
MCPL/25-26/0161,15-09-2025,STARWAYS INDUSTRIES- CHAKAN,PUNE,STG,AIR,203555,11-09-2025,18-Bag,330,65,21450,100,500,1000,0,0,YES
MCPL/25-26/0161,15-09-2025,STARWAYS INDUSTRIES- CHAKAN,PUNE,STG,AIR,203543,10-09-2025,8-Bag,205,65,13325,100,500,1000,0,0,YES
MCPL/25-26/0161,15-09-2025,STARWAYS INDUSTRIES- CHAKAN,PUNE,STG,AIR,203536,09-09-2025,6-Bag,120,65,7800,100,500,1000,0,0,YES
MCPL/25-26/0160,15-09-2025,STARWAYS INDUSTRIES- CHAKAN,PUNE,STG,TRAIN,203535,09-09-2025,32-Bag,830,20,16600,100,500,1000,0,0,YES
MCPL/25-26/0159,15-09-2025,U. S. AUTO CONTROLS PVT LTD,PUNE,PANTNAGAR,AIR,203581,15-09-2025,7-Bag,130,56,7280,100,500,1000,0,0,YES
MCPL/25-26/0160,15-09-2025,STARWAYS INDUSTRIES- CHAKAN,PUNE,STG,TRAIN,203530,08-09-2025,32-Bag,670,20,13400,100,500,1000,0,0,YES
MCPL/25-26/0159,15-09-2025,U. S. AUTO CONTROLS PVT LTD,PUNE,PANTNAGAR,AIR,203557,11-09-2025,7-Bag,135,56,7560,100,500,1000,0,0,YES
MCPL/25-26/0159,15-09-2025,U. S. AUTO CONTROLS PVT LTD,PUNE,PANTNAGAR,AIR,203528,08-09-2025,8-Bag,160,56,8960,100,500,1000,0,0,YES
MCPL/25-26/0159,15-09-2025,U. S. AUTO CONTROLS PVT LTD,PUNE,PANTNAGAR,AIR,203540,09-09-2025,5-Bag,100,56,5600,100,500,1000,0,0,YES
MCPL/25-26/0159,15-09-2025,U. S. AUTO CONTROLS PVT LTD,PUNE,PANTNAGAR,AIR,203518,05-09-2025,7-Bag,115,56,6440,100,500,1000,0,0,YES
MCPL/25-26/0159,15-09-2025,U. S. AUTO CONTROLS PVT LTD,PUNE,PANTNAGAR,AIR,203506,03-09-2025,6-Bag,100,56,5600,100,500,1000,0,0,YES
MCPL/25-26/0159,15-09-2025,U. S. AUTO CONTROLS PVT LTD,PUNE,PANTNAGAR,AIR,203509,04-09-2025,2-Bag,30,56,1680,100,500,1000,0,0,YES
MCPL/25-26/0159,15-09-2025,U. S. AUTO CONTROLS PVT LTD,PUNE,PANTNAGAR,AIR,203494,02-09-2025,1-Bag,30,56,1680,100,500,1000,0,0,YES
MCPL/25-26/0130,01-09-2025,"BELRISE INDUSTRIES LTD,UNIT-7E",PUNE,PANTNAGAR,TRAIN,203475,30-08-2025,43-Bag,950,16,15200,100,500,1000,0,0,YES
MCPL/25-26/0130,01-09-2025,"BELRISE INDUSTRIES LTD,UNIT-7E",PUNE,PANTNAGAR,TRAIN,203479,31-08-2025,40-Bag,1000,16,16000,100,500,1000,0,0,YES
MCPL/25-26/0130,01-09-2025,"BELRISE INDUSTRIES LTD,UNIT-7E",PUNE,PANTNAGAR,TRAIN,203473,29-08-2025,40-Bag,1000,16,16000,100,500,1000,0,0,YES
MCPL/25-26/0130,01-09-2025,"BELRISE INDUSTRIES LTD,UNIT-7E",PUNE,PANTNAGAR,TRAIN,203463,27-08-2025,40-Bag,1000,16,16000,100,500,1000,0,0,YES
MCPL/25-26/0130,01-09-2025,"BELRISE INDUSTRIES LTD,UNIT-7E",PUNE,PANTNAGAR,TRAIN,203468,28-08-2025,40-Bag,1000,16,16000,100,500,1000,0,0,YES
MCPL/25-26/0130,01-09-2025,"BELRISE INDUSTRIES LTD,UNIT-7E",PUNE,PANTNAGAR,TRAIN,203456,26-08-2025,20-Bag,695,16,11120,100,500,1000,0,0,YES
MCPL/25-26/0130,01-09-2025,"BELRISE INDUSTRIES LTD,UNIT-7E",PUNE,PANTNAGAR,TRAIN,203449,24-08-2025,40-Bag,1000,16,16000,100,500,1000,0,0,YES
MCPL/25-26/0130,01-09-2025,"BELRISE INDUSTRIES LTD,UNIT-7E",PUNE,PANTNAGAR,TRAIN,203455,25-08-2025,32-Bag,800,16,12800,100,500,1000,0,0,YES
MCPL/25-26/0130,01-09-2025,"BELRISE INDUSTRIES LTD,UNIT-7E",PUNE,PANTNAGAR,TRAIN,203438,23-08-2025,40-Bag,1000,16,16000,100,500,1000,0,0,YES
MCPL/25-26/0130,01-09-2025,"BELRISE INDUSTRIES LTD,UNIT-7E",PUNE,PANTNAGAR,TRAIN,203432,22-08-2025,37-Bag,925,16,14800,100,500,1000,0,0,YES
MCPL/25-26/0130,01-09-2025,"BELRISE INDUSTRIES LTD,UNIT-7E",PUNE,PANTNAGAR,TRAIN,203429,21-08-2025,60-Bag,1500,16,24000,100,500,1000,0,0,YES
MCPL/25-26/0130,01-09-2025,"BELRISE INDUSTRIES LTD,UNIT-7E",PUNE,PANTNAGAR,TRAIN,203422,20-08-2025,85-Bag,1275,16,20400,100,500,1000,0,0,YES
MCPL/25-26/0130,01-09-2025,"BELRISE INDUSTRIES LTD,UNIT-7E",PUNE,PANTNAGAR,TRAIN,203419,19-08-2025,20-Bg,695,16,11120,100,500,1000,0,0,YES
MCPL/25-26/0130,01-09-2025,"BELRISE INDUSTRIES LTD,UNIT-7E",PUNE,PANTNAGAR,TRAIN,203418,19-08-2025,42Bag+1Box,630,16,10080,100,500,1000,0,0,YES
MCPL/25-26/0130,01-09-2025,"BELRISE INDUSTRIES LTD,UNIT-7E",PUNE,PANTNAGAR,TRAIN,203416,19-08-2025,7-Box,200,16,3200,100,500,1000,0,0,YES
MCPL/25-26/0130,01-09-2025,"BELRISE INDUSTRIES LTD,UNIT-7E",PUNE,PANTNAGAR,TRAIN,203410,18-08-2025,63-Bag,945,16,15120,100,500,1000,0,0,YES
MCPL/25-26/0130,01-09-2025,"BELRISE INDUSTRIES LTD,UNIT-7E",PUNE,PANTNAGAR,TRAIN,203408,18-08-2025,20-Bag,695,16,11120,100,500,1000,0,0,YES
MCPL/25-26/0130,01-09-2025,"BELRISE INDUSTRIES LTD,UNIT-7E",PUNE,PANTNAGAR,TRAIN,203403,16-08-2025,75-Bag,1130,16,18080,100,500,1000,0,0,YES
MCPL/25-26/0147,01-09-2025,"BELRISE INDUSTRIES LTD,UNIT-7E",PUNE,PANTNAGAR,TRAIN,203395,14-08-2025,61-Bag,915,16,14640,100,500,1000,0,0,YES
MCPL/25-26/0147,01-09-2025,"BELRISE INDUSTRIES LTD,UNIT-7E",PUNE,PANTNAGAR,TRAIN,203367,08-08-2025,50-Bag,750,16,12000,100,500,1000,0,0,YES
MCPL/25-26/0147,01-09-2025,"BELRISE INDUSTRIES LTD,UNIT-7E",PUNE,PANTNAGAR,TRAIN,203366,08-08-2025,57-Bag,855,16,13680,100,500,1000,0,0,YES
MCPL/25-26/0147,01-09-2025,"BELRISE INDUSTRIES LTD,UNIT-7E",PUNE,PANTNAGAR,TRAIN,203363,08-08-2025,10-Bag,280,16,4480,100,500,1000,0,0,YES
MCPL/25-26/0147,01-09-2025,"BELRISE INDUSTRIES LTD,UNIT-7E",PUNE,PANTNAGAR,TRAIN,203362,08-08-2025,11-Bag,380,16,6080,100,500,0,6000,0,YES
MCPL/25-26/0147,01-09-2025,"BELRISE INDUSTRIES LTD,UNIT-7E",PUNE,PANTNAGAR,TRAIN,203353,07-08-2025,19,545,16,8720,100,500,1000,0,0,YES
MCPL/25-26/0147,01-09-2025,"BELRISE INDUSTRIES LTD,UNIT-7E",PUNE,PANTNAGAR,TRAIN,203352,07-08-2025,12-Box,340,16,5440,100,500,1000,0,0,YES
MCPL/25-26/0147,01-09-2025,"BELRISE INDUSTRIES LTD,UNIT-7E",PUNE,PANTNAGAR,TRAIN,203327,04-08-2025,16-Box,450,16,7200,100,500,1000,0,0,YES
MCPL/25-26/0147,01-09-2025,"BELRISE INDUSTRIES LTD,UNIT-7E",PUNE,PANTNAGAR,TRAIN,203317,02-08-2025,18-Box,510,16,8160,100,500,0,8000,0,YES
MCPL/25-26/0147,01-09-2025,"BELRISE INDUSTRIES LTD,UNIT-7E",PUNE,PANTNAGAR,TRAIN,203307,01-08-2025,6-Box,160,16,2560,100,500,1000,0,0,YES
MCPL/25-26/0153,01-09-2025,"BELRISE INDUSTRIES LTD,UNIT-7E",PUNE,PANTNAGAR,AIR,203388,13-08-2025,19-Box,530,60,31800,100,500,1000,0,0,YES
MCPL/25-26/0153,01-09-2025,"BELRISE INDUSTRIES LTD,UNIT-7E",PUNE,PANTNAGAR,AIR,203386,12-08-2025,20,695,60,41700,100,500,1000,0,0,YES
MCPL/25-26/0153,01-09-2025,"BELRISE INDUSTRIES LTD,UNIT-7E",PUNE,PANTNAGAR,AIR,203378,11-08-2025,16-Box,455,60,27300,100,500,1000,0,0,YES
MCPL/25-26/0153,01-09-2025,"BELRISE INDUSTRIES LTD,UNIT-7E",PUNE,PANTNAGAR,AIR,203359,08-08-2025,15-Bag,520,60,31200,100,500,0,8000,0,YES
MCPL/25-26/0153,01-09-2025,"BELRISE INDUSTRIES LTD,UNIT-7E",PUNE,PANTNAGAR,AIR,203371,09-08-2025,17,590,60,35400,100,500,1000,0,0,YES
MCPL/25-26/0153,01-09-2025,"BELRISE INDUSTRIES LTD,UNIT-7E",PUNE,PANTNAGAR,AIR,203346,06-08-2025,28-Box,335,60,20100,100,500,1000,0,0,YES
MCPL/25-26/0153,01-09-2025,"BELRISE INDUSTRIES LTD,UNIT-7E",PUNE,PANTNAGAR,AIR,203339,06-08-2025,14,175,60,10500,100,500,0,6000,1400,YES
MCPL/25-26/0153,01-09-2025,"BELRISE INDUSTRIES LTD,UNIT-7E",PUNE,PANTNAGAR,AIR,203332,05-08-2025,4-Box,115,60,6900,100,500,0,5000,0,YES
MCPL/25-26/0153,01-09-2025,"BELRISE INDUSTRIES LTD,UNIT-7E",PUNE,PANTNAGAR,AIR,203316,02-08-2025,4-Box,115,60,6900,100,500,1000,0,0,YES
MCPL/25-26/0153,01-09-2025,"BELRISE INDUSTRIES LTD,UNIT-7E",PUNE,PANTNAGAR,AIR,203306,01-08-2025,4-Box,115,60,6900,100,500,0,5000,0,YES
MCPL/25-26/0153,01-09-2025,"BELRISE INDUSTRIES LTD,UNIT-7E",PUNE,PANTNAGAR,AIR,203303,01-08-2025,10-Box,290,60,17400,100,500,0,6000,0,YES
MCPL/25-26/0152,01-09-2025,"BELRISE INDUSTRIES LTD,UNIT-12",DELHI,PANTNAGAR,ROAD,203381,11-08-2025,10-Box,0,0,0,100,0,1000,0,0,YES
MCPL/25-26/0152,01-09-2025,"BELRISE INDUSTRIES LTD,UNIT-12",DELHI,PANTNAGAR,ROAD,203379,11-08-2025,23-Bag,0,0,0,100,0,1000,0,0,YES
MCPL/25-26/0152,01-09-2025,"BELRISE INDUSTRIES LTD,UNIT-12",DELHI,PANTNAGAR,ROAD,203369,08-08-2025,4,0,0,0,100,0,1000,0,0,YES
MCPL/25-26/0152,01-09-2025,"BELRISE INDUSTRIES LTD,UNIT-12",DELHI,PANTNAGAR,ROAD,203368,09-08-2025,15-Bag,0,0,0,100,0,1000,0,0,YES
MCPL/25-26/0152,01-09-2025,"BELRISE INDUSTRIES LTD,UNIT-12",DELHI,PANTNAGAR,ROAD,203351,06-08-2025,6-Bag,0,0,0,100,0,1000,0,0,YES
MCPL/25-26/0152,01-09-2025,"BELRISE INDUSTRIES LTD,UNIT-12",DELHI,PANTNAGAR,ROAD,203348,06-08-2025,15,0,0,0,100,0,1000,0,0,YES
MCPL/25-26/0152,01-09-2025,"BELRISE INDUSTRIES LTD,UNIT-12",DELHI,PANTNAGAR,ROAD,203347,06-08-2025,15,0,0,0,100,0,0,6000,0,YES
MCPL/25-26/0152,01-09-2025,"BELRISE INDUSTRIES LTD,UNIT-12",DELHI,PANTNAGAR,ROAD,203340,06-08-2025,13,0,0,0,100,0,1000,0,0,YES
MCPL/25-26/0152,01-09-2025,"BELRISE INDUSTRIES LTD,UNIT-12",DELHI,PANTNAGAR,ROAD,203322,03-08-2025,10,0,0,0,100,0,0,6000,0,YES
MCPL/25-26/0152,01-09-2025,"BELRISE INDUSTRIES LTD,UNIT-12",DELHI,PANTNAGAR,ROAD,203338,06-08-2025,7,0,0,0,100,0,1000,0,0,YES
MCPL/25-26/0152,01-09-2025,"BELRISE INDUSTRIES LTD,UNIT-12",DELHI,PANTNAGAR,ROAD,203312,02-08-2025,10,200,0,0,100,0,1000,0,0,YES
MCPL/25-26/0152,01-09-2025,"BELRISE INDUSTRIES LTD,UNIT-12",DELHI,PANTNAGAR,ROAD,203311,02-08-2025,14,280,0,0,100,0,0,6000,0,YES
MCPL/25-26/0151,01-09-2025,"BELRISE INDUSTRIES LTD,UNIT-12",PUNE,PANTNAGAR,TRAIN,203411,18-08-2025,10-Box,230,16,3680,100,500,1000,0,0,YES
MCPL/25-26/0151,01-09-2025,"BELRISE INDUSTRIES LTD,UNIT-12",PUNE,PANTNAGAR,TRAIN,203361,08-08-2025,10-Box,230,16,3680,100,500,1000,0,0,YES
MCPL/25-26/0151,01-09-2025,"BELRISE INDUSTRIES LTD,UNIT-12",PUNE,PANTNAGAR,TRAIN,203357,07-08-2025,32-Bag,480,16,7680,100,500,1000,0,0,YES
MCPL/25-26/0151,01-09-2025,"BELRISE INDUSTRIES LTD,UNIT-12",PUNE,PANTNAGAR,TRAIN,203345,06-08-2025,30-Bag,450,16,7200,100,500,1000,0,0,YES
MCPL/25-26/0151,01-09-2025,"BELRISE INDUSTRIES LTD,UNIT-12",PUNE,PANTNAGAR,TRAIN,203337,05-08-2025,28-Bag,420,16,6720,100,500,1000,0,0,YES
MCPL/25-26/0151,01-09-2025,"BELRISE INDUSTRIES LTD,UNIT-12",PUNE,PANTNAGAR,TRAIN,203324,04-08-2025,47-Bag,705,16,11280,100,500,1000,0,0,YES
MCPL/25-26/0151,01-09-2025,"BELRISE INDUSTRIES LTD,UNIT-12",PUNE,PANTNAGAR,TRAIN,203320,03-08-2025,30-Bag,450,16,7200,100,500,1000,0,0,YES
MCPL/25-26/0151,01-09-2025,"BELRISE INDUSTRIES LTD,UNIT-12",PUNE,PANTNAGAR,TRAIN,203315,02-08-2025,37-Bag,555,16,8880,100,500,1000,0,0,YES
MCPL/25-26/0151,01-09-2025,"BELRISE INDUSTRIES LTD,UNIT-12",PUNE,PANTNAGAR,TRAIN,203304,01-08-2025,31-Bag,465,16,7440,100,500,1000,0,0,YES
MCPL/25-26/0150,01-09-2025,Belrise Industries Ltd Unit -IX,PANTNAGAR,AURANGABAD,TRAIN,203460,26-08-2025,2,100,16,1600,100,1000,1200,0,0,YES
MCPL/25-26/0149,01-09-2025,Belrise Industries Ltd Unit -IX,PUNE,PANTNAGAR,TRAIN,203399,16-08-2025,100-Bag,1500,16,24000,100,500,1000,0,0,YES
MCPL/25-26/0149,01-09-2025,Belrise Industries Ltd Unit -IX,PUNE,PANTNAGAR,TRAIN,203343,06-08-2025,25-Bag,350,16,5600,100,500,1000,0,0,YES
MCPL/25-26/0149,01-09-2025,Belrise Industries Ltd Unit -IX,PUNE,PANTNAGAR,TRAIN,203313,02-08-2025,50,700,16,11200,100,500,1000,0,0,YES
MCPL/25-26/0148,01-09-2025,Belrise Industries Ltd Unit -IX,PUNE,PANTNAGAR,AIR,203330,04-08-2025,1,50,60,3000,100,500,1000,0,0,YES
MCPL/25-26/0157,15-09-2025,CJ DARCL LOGISTICS LIMITED,DELHI,PANTNAGAR,ROAD,203544,10-09-2025,7,0,0,2600,0,0,0,0,0,YES
MCPL/25-26/0145,01-09-2025,Shreya Industries - PNQ,PUNE,DELHI,TRAIN,203310,01-08-2025,2W/B,200,22,4400,100,0,3000,0,0,YES
MCPL/25-26/0146,01-09-2025,Shreya Industries - PNQ,DELHI,PUNE,TRAIN,203499,23-08-2025,2W/B,200,22,4400,100,3000,1800,0,0,YES
MCPL/25-26/0144,01-09-2025,Shreya Industries - PNQ,PUNE,PANTNAGAR,AIR,203457,26-08-2025,30,1200,60,72000,100,0,4000,0,0,YES
MCPL/25-26/0144,01-09-2025,Shreya Industries - PNQ,PUNE,PANTNAGAR,AIR,203451,25-08-2025,20,800,60,48000,100,0,4000,0,0,YES
MCPL/25-26/0144,01-09-2025,Shreya Industries - PNQ,PUNE,PANTNAGAR,AIR,203394,19-08-2025,20,800,60,48000,100,0,4000,0,0,YES
MCPL/25-26/0144,01-09-2025,Shreya Industries - PNQ,PUNE,PANTNAGAR,AIR,203450,25-08-2025,20,800,60,48000,100,0,4000,0,0,YES
MCPL/25-26/0156,15-09-2025,ASHA INDUSTRIES,AURANGABAD,PANTNAGAR,TRAIN,203578,15-09-2025,2-Bag,100,18,1800,100,1000,1000,0,0,YES
MCPL/25-26/0143,01-09-2025,Shreya Industries - PNQ,PUNE,PANTNAGAR,ROAD,203380,21-08-2025,40,40,375,15000,100,0,0,0,0,YES
MCPL/25-26/0142,01-09-2025,SINGLA FORGING PVT LTD- RTQ,PANTNAGAR,PUNE,AIR,203440,23-08-2025,5,80,85,6800,100,1500,1500,0,0,YES
MCPL/25-26/0143,01-09-2025,Shreya Industries - PNQ,PUNE,PANTNAGAR,ROAD,203309,01-08-2025,40,40,375,15000,100,0,0,0,0,YES
MCPL/25-26/0141,01-09-2025,HIMALAYAN AUTO ERA PVT LTD,PANTNAGAR,PUNE,ROAD-EXPRESS,203433,22-08-2025,6,250,25,6250,100,0,0,0,0,YES
MCPL/25-26/0140,01-09-2025,HIMALAYAN AUTO ERA PVT LTD,PANTNAGAR,PUNE,ROAD-EXPRESS,203397,14-08-2025,8,320,25,8000,100,0,0,0,0,YES
MCPL/25-26/0139,01-09-2025,HIMALAYAN AUTO ERA PVT LTD,PANTNAGAR,PUNE,ROAD-EXPRESS,203387,12-08-2025,16,520,25,13000,100,0,0,0,0,YES
MCPL/25-26/0138,01-09-2025,DALI SAMIR ENGG.PVT LTD-PUNE,PUNE,PANTNAGAR,TRAIN,203482,31-08-2025,6-Box,150,18,2700,0,1000,0,6000,0,YES
MCPL/25-26/0138,01-09-2025,DALI SAMIR ENGG.PVT LTD-PUNE,PUNE,PANTNAGAR,TRAIN,203462,26-08-2025,4,100,18,1800,0,1000,0,6000,0,YES
MCPL/25-26/0138,01-09-2025,DALI SAMIR ENGG.PVT LTD-PUNE,PUNE,PANTNAGAR,TRAIN,203452,25-08-2025,8-Box,200,18,3600,0,1000,500,0,0,YES
MCPL/25-26/0136,01-09-2025,DALI SAMIR ENGG.PVT LTD-PUNE,PUNE,PANTNAGAR,TRAIN,203439,23-08-2025,8-Box,200,18,3600,0,1000,500,0,0,YES
MCPL/25-26/0136,01-09-2025,DALI SAMIR ENGG.PVT LTD-PUNE,PUNE,PANTNAGAR,TRAIN,203428,21-08-2025,4-Box,100,18,1800,0,1000,500,0,0,YES
MCPL/25-26/0136,01-09-2025,DALI SAMIR ENGG.PVT LTD-PUNE,PUNE,PANTNAGAR,TRAIN,203431,22-08-2025,8-Box,200,18,3600,0,1000,500,0,0,YES
MCPL/25-26/0136,01-09-2025,DALI SAMIR ENGG.PVT LTD-PUNE,PUNE,PANTNAGAR,TRAIN,203412,18-08-2025,6-Box,150,18,2700,0,1000,500,0,0,YES
MCPL/25-26/0137,01-09-2025,DALI SAMIR ENGG.PVT LTD-PUNE,PUNE,PANTNAGAR,AIR,203406,17-08-2025,4-Box,80,80,6400,0,1000,500,0,0,YES
MCPL/25-26/0137,01-09-2025,DALI SAMIR ENGG.PVT LTD-PUNE,PUNE,PANTNAGAR,AIR,203413,18-08-2025,5-Box,100,80,8000,0,1000,500,0,0,YES
MCPL/25-26/0154,01-09-2025,DALI SAMIR ENGG.PVT LTD-PUNE,PUNE,PANTNAGAR,AIR,203423,20-08-2025,6-Box,120,80,9600,0,1000,500,0,0,YES
MCPL/25-26/0154,01-09-2025,DALI SAMIR ENGG.PVT LTD-PUNE,PUNE,PANTNAGAR,AIR,203427,21-08-2025,6-Box,120,80,9600,0,1000,500,0,0,YES
MCPL/25-26/0155,15-09-2025,ASHA INDUSTRIES,AURANGABAD,PANTNAGAR,AIR,203582,15-09-2025,3-Bag,95,62,5890,100,2500,1000,0,0,YES
MCPL/25-26/0135,01-09-2025,PRECIFAST PRIVATE LIMITED,PUNE,PANTNAGAR,TRAIN,203417,19-08-2025,15-Box,135,20,2700,100,500,1500,0,0,YES
MCPL/25-26/0135,01-09-2025,PRECIFAST PRIVATE LIMITED,PUNE,PANTNAGAR,TRAIN,203400,16-08-2025,21,200,20,4000,100,500,1500,0,0,YES
MCPL/25-26/0134,01-09-2025,STARWAYS PRECISIONS PVT. LTD.,PUNE,STG,AIR,203480,31-08-2025,1-Bag,50,65,3250,100,500,1000,0,0,YES
MCPL/25-26/0134,01-09-2025,STARWAYS PRECISIONS PVT. LTD.,PUNE,STG,AIR,203476,30-08-2025,5-Box,125,65,8125,100,500,1000,0,0,YES
MCPL/25-26/0134,01-09-2025,STARWAYS PRECISIONS PVT. LTD.,PUNE,STG,AIR,203469,29-08-2025,15Bag+5Box,405,65,26325,100,500,1000,0,0,YES
MCPL/25-26/0134,01-09-2025,STARWAYS PRECISIONS PVT. LTD.,PUNE,STG,AIR,203466,27-08-2025,4,95,65,6175,100,500,1000,0,0,YES
MCPL/25-26/0134,01-09-2025,STARWAYS PRECISIONS PVT. LTD.,PUNE,STG,AIR,203453,25-08-2025,1-Bag,50,65,3250,100,500,1000,0,0,YES
MCPL/25-26/0134,01-09-2025,STARWAYS PRECISIONS PVT. LTD.,PUNE,STG,AIR,203442,23-08-2025,5,100,65,6500,100,500,1000,0,0,YES
MCPL/25-26/0134,01-09-2025,STARWAYS PRECISIONS PVT. LTD.,PUNE,STG,AIR,203435,22-08-2025,2,50,65,3250,100,500,1000,0,0,YES
MCPL/25-26/0134,01-09-2025,STARWAYS PRECISIONS PVT. LTD.,PUNE,STG,AIR,203430,21-08-2025,3BAG+4BOX,120,65,7800,100,500,1000,0,0,YES
MCPL/25-26/0134,01-09-2025,STARWAYS PRECISIONS PVT. LTD.,PUNE,STG,AIR,203425,20-08-2025,4-Box,95,65,6175,100,500,1000,0,0,YES
MCPL/25-26/0134,01-09-2025,STARWAYS PRECISIONS PVT. LTD.,PUNE,STG,AIR,203420,19-08-2025,5,95,65,6175,100,500,1000,0,0,YES
MCPL/25-26/0134,01-09-2025,STARWAYS PRECISIONS PVT. LTD.,PUNE,STG,AIR,203414,18-08-2025,5,130,65,8450,100,500,1000,0,0,YES
MCPL/25-26/0134,01-09-2025,STARWAYS PRECISIONS PVT. LTD.,PUNE,STG,AIR,203407,17-08-2025,3-Box,70,65,4550,100,500,1000,0,0,YES
MCPL/25-26/0134,01-09-2025,STARWAYS PRECISIONS PVT. LTD.,PUNE,STG,AIR,203402,16-08-2025,5-Box,115,65,7475,100,500,1000,0,0,YES
MCPL/25-26/0133,01-09-2025,STARWAYS PRECISIONS PVT. LTD.,PUNE,STG,TRAIN,203474,29-08-2025,1-Bag,100,20,2000,100,500,1000,0,0,YES
MCPL/25-26/0133,01-09-2025,STARWAYS PRECISIONS PVT. LTD.,PUNE,STG,TRAIN,203470,29-08-2025,23-Bag,480,20,9600,100,0,1000,0,0,YES
MCPL/25-26/0133,01-09-2025,STARWAYS PRECISIONS PVT. LTD.,PUNE,STG,TRAIN,203461,26-08-2025,8,185,20,3700,100,500,1000,0,0,YES
MCPL/25-26/0133,01-09-2025,STARWAYS PRECISIONS PVT. LTD.,PUNE,STG,TRAIN,203443,23-08-2025,10Bag+10Pkt,360,20,7200,100,0,1000,0,0,YES
MCPL/25-26/0133,01-09-2025,STARWAYS PRECISIONS PVT. LTD.,PUNE,STG,TRAIN,203454,25-08-2025,15-Pkt,120,20,2400,100,0,1000,0,0,YES
MCPL/25-26/0133,01-09-2025,STARWAYS PRECISIONS PVT. LTD.,PUNE,STG,TRAIN,203424,20-08-2025,15Bag+20Pkt,510,20,10200,100,0,1000,0,0,YES
MCPL/25-26/0133,01-09-2025,STARWAYS PRECISIONS PVT. LTD.,PUNE,STG,TRAIN,203421,19-08-2025,5Bag+10Pkt,140,20,2800,100,0,1000,0,0,YES
MCPL/25-26/0132,01-09-2025,U. S. AUTO CONTROLS PVT LTD,PUNE,PANTNAGAR,AIR,203404,16-08-2025,5-Bag,100,56,5600,100,500,1000,0,0,YES
MCPL/25-26/0132,01-09-2025,U. S. AUTO CONTROLS PVT LTD,PUNE,PANTNAGAR,AIR,203426,20-08-2025,5-Bag,100,56,5600,100,500,1000,0,0,YES
MCPL/25-26/0132,01-09-2025,U. S. AUTO CONTROLS PVT LTD,PUNE,PANTNAGAR,AIR,203478,30-08-2025,1-Bag,30,56,1680,100,500,1000,0,0,YES
MCPL/25-26/0132,01-09-2025,U. S. AUTO CONTROLS PVT LTD,PUNE,PANTNAGAR,AIR,203448,24-08-2025,8-Bag,160,56,8960,100,500,1000,0,0,YES
MCPL/25-26/0132,01-09-2025,U. S. AUTO CONTROLS PVT LTD,PUNE,PANTNAGAR,AIR,203481,31-08-2025,2-Bag,35,56,1960,100,500,1000,0,0,YES
MCPL/25-26/0131,01-09-2025,ASHA INDUSTRIES,AURANGABAD,PANTNAGAR,TRAIN,203401,16-08-2025,2-Bag,100,18,1800,100,1000,1000,0,0,YES
MCPL/25-26/0158,15-09-2025,PRECIFAST PRIVATE LIMITED,PUNE,PANTNAGAR,TRAIN,203500,03-09-2025,5-Box,100,20,2000,100,500,1500,0,0,YES
MCPL/25-26/0158,15-09-2025,PRECIFAST PRIVATE LIMITED,PUNE,PANTNAGAR,TRAIN,203541,09-09-2025,10-Box,120,20,2400,100,500,1500,0,0,YES
MCPL/25-26/0159,15-09-2025,U. S. AUTO CONTROLS PVT LTD,PUNE,PANTNAGAR,AIR,203488,01-09-2025,5-Bag,105,56,5880,100,500,1000,0,0,YES
MCPL/25-26/0128,25-08-2025,"BELRISE INDUSTRIES LTD,UNIT-12",AURANGABAD,PANTNAGAR,AIR,203180,10-07-2025,23,235,60,14100,100,5500,0,6000,0,YES
MCPL/25-26/0128,25-08-2025,"BELRISE INDUSTRIES LTD,UNIT-12",AURANGABAD,PANTNAGAR,AIR,203186,11-07-2025,15-Bag,300,60,18000,100,6500,0,6000,0,YES
MCPL/25-26/0128,25-08-2025,"BELRISE INDUSTRIES LTD,UNIT-12",AURANGABAD,PANTNAGAR,AIR,203214,16-07-2025,6,135,60,8100,100,5500,0,5000,0,YES
MCPL/25-26/0128,25-08-2025,"BELRISE INDUSTRIES LTD,UNIT-12",AURANGABAD,PANTNAGAR,AIR,203220,16-07-2025,10-Bag,150,60,9000,100,5500,0,6000,0,YES
MCPL/25-26/0128,25-08-2025,"BELRISE INDUSTRIES LTD,UNIT-12",AURANGABAD,PANTNAGAR,AIR,203226,17-07-2025,8,150,60,9000,100,5500,0,6000,0,YES
MCPL/25-26/0128,25-08-2025,"BELRISE INDUSTRIES LTD,UNIT-12",AURANGABAD,PANTNAGAR,AIR,203225,17-07-2025,9-Bag,180,60,10800,100,5500,0,6000,0,YES
MCPL/25-26/0128,25-08-2025,"BELRISE INDUSTRIES LTD,UNIT-12",AURANGABAD,PANTNAGAR,AIR,203229,18-07-2025,13-Bag,260,60,15600,100,5500,0,6000,0,YES
MCPL/25-26/0128,25-08-2025,"BELRISE INDUSTRIES LTD,UNIT-12",AURANGABAD,PANTNAGAR,AIR,203241,19-07-2025,13,260,60,15600,100,5500,0,6000,0,YES
MCPL/25-26/0127,25-08-2025,"BELRISE INDUSTRIES LTD,UNIT-12",AURANGABAD,PANTNAGAR,TRAIN,203238,19-07-2025,27-Bag,540,16,8640,100,1200,1000,0,0,YES
MCPL/25-26/0127,25-08-2025,"BELRISE INDUSTRIES LTD,UNIT-12",AURANGABAD,PANTNAGAR,TRAIN,203187,11-07-2025,14-Bag,280,16,4480,100,0,1000,0,0,YES
MCPL/25-26/0126,25-08-2025,"BELRISE INDUSTRIES LTD,UNIT-12",PUNE,PANTNAGAR,TRAIN,203297,30-07-2025,11-Box,255,16,4080,100,500,1000,0,0,YES
MCPL/25-26/0126,25-08-2025,"BELRISE INDUSTRIES LTD,UNIT-12",PUNE,PANTNAGAR,TRAIN,203296,30-07-2025,33-Bag,495,16,7920,100,500,1000,0,0,YES
MCPL/25-26/0126,25-08-2025,"BELRISE INDUSTRIES LTD,UNIT-12",PUNE,PANTNAGAR,TRAIN,203291,29-07-2025,67-Bag,1010,16,16160,100,500,1000,0,0,YES
MCPL/25-26/0126,25-08-2025,"BELRISE INDUSTRIES LTD,UNIT-12",PUNE,PANTNAGAR,TRAIN,203278,27-07-2025,36-Bag,1250,16,20000,100,500,1000,0,0,YES
MCPL/25-26/0126,25-08-2025,"BELRISE INDUSTRIES LTD,UNIT-12",PUNE,PANTNAGAR,TRAIN,203283,28-07-2025,42-Bag,1460,16,23360,100,500,1000,0,0,YES
MCPL/25-26/0126,25-08-2025,"BELRISE INDUSTRIES LTD,UNIT-12",PUNE,PANTNAGAR,TRAIN,203274,26-07-2025,30-Bag,450,16,7200,100,500,1000,0,0,YES
MCPL/25-26/0126,25-08-2025,"BELRISE INDUSTRIES LTD,UNIT-12",PUNE,PANTNAGAR,TRAIN,203268,25-07-2025,22-Bag,330,16,5280,100,500,1000,0,0,YES
MCPL/25-26/0126,25-08-2025,"BELRISE INDUSTRIES LTD,UNIT-12",PUNE,PANTNAGAR,TRAIN,203273,26-07-2025,26-Bag,905,16,14480,100,500,1000,0,0,YES
MCPL/25-26/0126,25-08-2025,"BELRISE INDUSTRIES LTD,UNIT-12",PUNE,PANTNAGAR,TRAIN,203263,24-07-2025,35-Bag,525,16,8400,100,500,1000,0,0,YES
MCPL/25-26/0126,25-08-2025,"BELRISE INDUSTRIES LTD,UNIT-12",PUNE,PANTNAGAR,TRAIN,203260,23-07-2025,30-Bsg,450,16,7200,100,500,1000,0,0,YES
MCPL/25-26/0126,25-08-2025,"BELRISE INDUSTRIES LTD,UNIT-12",PUNE,PANTNAGAR,TRAIN,203252,22-07-2025,26-Bag,390,16,6240,100,500,1000,0,0,YES
MCPL/25-26/0126,25-08-2025,"BELRISE INDUSTRIES LTD,UNIT-12",PUNE,PANTNAGAR,TRAIN,203234,19-07-2025,38-Bag,570,16,9120,100,500,1000,0,0,YES
MCPL/25-26/0126,25-08-2025,"BELRISE INDUSTRIES LTD,UNIT-12",PUNE,PANTNAGAR,TRAIN,203228,18-07-2025,60-Bag,900,16,14400,100,500,1000,0,0,YES
MCPL/25-26/0126,25-08-2025,"BELRISE INDUSTRIES LTD,UNIT-12",PUNE,PANTNAGAR,TRAIN,203222,17-07-2025,52-Bag,780,16,12480,100,500,1000,0,0,YES
MCPL/25-26/0126,25-08-2025,"BELRISE INDUSTRIES LTD,UNIT-12",PUNE,PANTNAGAR,TRAIN,203217,16-07-2025,71-Bag,1080,16,17280,100,500,1000,0,0,YES
MCPL/25-26/0125,25-08-2025,"BELRISE INDUSTRIES LTD,UNIT-12",PUNE,PANTNAGAR,TRAIN,203120,01-07-2025,24,360,16,5760,100,500,1000,0,0,YES
MCPL/25-26/0125,25-08-2025,"BELRISE INDUSTRIES LTD,UNIT-12",PUNE,PANTNAGAR,TRAIN,203125,02-07-2025,20,295,16,4720,100,500,1000,0,0,YES
MCPL/25-26/0125,25-08-2025,"BELRISE INDUSTRIES LTD,UNIT-12",PUNE,PANTNAGAR,TRAIN,203134,03-07-2025,19,285,16,4560,100,500,1000,0,0,YES
MCPL/25-26/0125,25-08-2025,"BELRISE INDUSTRIES LTD,UNIT-12",PUNE,PANTNAGAR,TRAIN,203142,04-07-2025,2,100,16,1600,100,500,1000,0,0,YES
MCPL/25-26/0125,25-08-2025,"BELRISE INDUSTRIES LTD,UNIT-12",PUNE,PANTNAGAR,TRAIN,203144,04-07-2025,42,630,16,10080,100,500,1000,0,0,YES
MCPL/25-26/0125,25-08-2025,"BELRISE INDUSTRIES LTD,UNIT-12",PUNE,PANTNAGAR,TRAIN,203147,05-07-2025,17,255,16,4080,100,500,0,6000,0,YES
MCPL/25-26/0125,25-08-2025,"BELRISE INDUSTRIES LTD,UNIT-12",PUNE,PANTNAGAR,TRAIN,203150,06-07-2025,41,615,16,9840,100,500,1000,0,0,YES
MCPL/25-26/0125,25-08-2025,"BELRISE INDUSTRIES LTD,UNIT-12",PUNE,PANTNAGAR,TRAIN,203158,07-07-2025,51,765,16,12240,100,500,1000,0,0,YES
MCPL/25-26/0125,25-08-2025,"BELRISE INDUSTRIES LTD,UNIT-12",PUNE,PANTNAGAR,TRAIN,203164,08-07-2025,50,750,16,12000,100,500,1000,0,0,YES
MCPL/25-26/0125,25-08-2025,"BELRISE INDUSTRIES LTD,UNIT-12",PUNE,PANTNAGAR,TRAIN,203169,09-07-2025,59,890,16,14240,100,500,1000,0,0,YES
MCPL/25-26/0125,25-08-2025,"BELRISE INDUSTRIES LTD,UNIT-12",PUNE,PANTNAGAR,TRAIN,203165,08-07-2025,21,450,16,7200,100,500,1000,0,0,YES
MCPL/25-26/0125,25-08-2025,"BELRISE INDUSTRIES LTD,UNIT-12",PUNE,PANTNAGAR,TRAIN,203178,10-07-2025,35,530,16,8480,100,500,1000,0,0,YES
MCPL/25-26/0125,25-08-2025,"BELRISE INDUSTRIES LTD,UNIT-12",PUNE,PANTNAGAR,TRAIN,203188,11-07-2025,50,750,16,12000,100,500,1000,0,0,YES
MCPL/25-26/0125,25-08-2025,"BELRISE INDUSTRIES LTD,UNIT-12",PUNE,PANTNAGAR,TRAIN,203191,12-07-2025,25,375,16,6000,100,500,1000,0,0,YES
MCPL/25-26/0125,25-08-2025,"BELRISE INDUSTRIES LTD,UNIT-12",PUNE,PANTNAGAR,TRAIN,203197,13-07-2025,32-Bag,480,16,7680,100,500,1000,0,0,YES
MCPL/25-26/0125,25-08-2025,"BELRISE INDUSTRIES LTD,UNIT-12",PUNE,PANTNAGAR,TRAIN,203202,14-07-2025,17-Bag,255,16,4080,100,500,0,6000,0,YES
MCPL/25-26/0125,25-08-2025,"BELRISE INDUSTRIES LTD,UNIT-12",PUNE,PANTNAGAR,TRAIN,203208,15-07-2025,51,765,16,12240,100,500,1000,0,0,YES
MCPL/25-26/0124,25-08-2025,"BELRISE INDUSTRIES LTD,UNIT-12",PUNE,PANTNAGAR,AIR,203277,26-07-2025,28-Bag,340,60,20400,100,500,0,6000,0,YES
MCPL/25-26/0124,25-08-2025,"BELRISE INDUSTRIES LTD,UNIT-12",PUNE,PANTNAGAR,AIR,203269,25-07-2025,28,340,60,20400,100,500,1000,0,2800,YES
MCPL/25-26/0124,25-08-2025,"BELRISE INDUSTRIES LTD,UNIT-12",PUNE,PANTNAGAR,AIR,203261,24-07-2025,56,680,60,40800,100,500,0,8000,5600,YES
MCPL/25-26/0124,25-08-2025,"BELRISE INDUSTRIES LTD,UNIT-12",PUNE,PANTNAGAR,AIR,203213,16-07-2025,8,185,60,11100,100,500,1000,0,0,YES
MCPL/25-26/0124,25-08-2025,"BELRISE INDUSTRIES LTD,UNIT-12",PUNE,PANTNAGAR,AIR,203167,09-07-2025,8,220,60,13200,100,500,0,6000,0,YES
MCPL/25-26/0124,25-08-2025,"BELRISE INDUSTRIES LTD,UNIT-12",PUNE,PANTNAGAR,AIR,203176,10-07-2025,2,50,60,3000,100,500,1000,0,0,YES
MCPL/25-26/0124,25-08-2025,"BELRISE INDUSTRIES LTD,UNIT-12",PUNE,PANTNAGAR,AIR,203161,08-07-2025,7,150,60,9000,100,500,1000,0,0,YES
MCPL/25-26/0124,25-08-2025,"BELRISE INDUSTRIES LTD,UNIT-12",PUNE,PANTNAGAR,AIR,203153,07-07-2025,5,220,60,13200,100,500,0,6000,0,YES
MCPL/25-26/0124,25-08-2025,"BELRISE INDUSTRIES LTD,UNIT-12",PUNE,PANTNAGAR,AIR,203152,06-07-2025,3,120,60,7200,100,500,0,5000,0,YES
MCPL/25-26/0124,25-08-2025,"BELRISE INDUSTRIES LTD,UNIT-12",PUNE,PANTNAGAR,AIR,203140,04-07-2025,8,105,60,6300,100,500,1000,0,0,YES
MCPL/25-26/0124,25-08-2025,"BELRISE INDUSTRIES LTD,UNIT-12",PUNE,PANTNAGAR,AIR,203146,05-07-2025,10,150,60,9000,100,500,1000,0,0,YES
MCPL/25-26/0124,25-08-2025,"BELRISE INDUSTRIES LTD,UNIT-12",PUNE,PANTNAGAR,AIR,203136,04-07-2025,17,255,60,15300,100,500,0,6000,0,YES
MCPL/25-26/0124,25-08-2025,"BELRISE INDUSTRIES LTD,UNIT-12",PUNE,PANTNAGAR,AIR,203133,03-07-2025,10,150,60,9000,100,500,0,6000,0,YES
MCPL/25-26/0124,25-08-2025,"BELRISE INDUSTRIES LTD,UNIT-12",PUNE,PANTNAGAR,AIR,203119,01-07-2025,25,375,60,22500,100,500,1000,0,0,YES
MCPL/25-26/0123,25-08-2025,"BELRISE INDUSTRIES LTD,UNIT-12",DELHI,PANTNAGAR,ROAD,203294,26-07-2025,8,0,0,0,100,0,1000,0,0,YES
MCPL/25-26/0123,25-08-2025,"BELRISE INDUSTRIES LTD,UNIT-12",DELHI,PANTNAGAR,ROAD,203300,31-07-2025,16,0,0,0,100,0,0,6000,0,YES
MCPL/25-26/0123,25-08-2025,"BELRISE INDUSTRIES LTD,UNIT-12",DELHI,PANTNAGAR,ROAD,203280,26-07-2025,25,0,0,0,100,0,1000,0,0,YES
MCPL/25-26/0123,25-08-2025,"BELRISE INDUSTRIES LTD,UNIT-12",DELHI,PANTNAGAR,ROAD,203266,23-07-2025,21,0,0,0,100,0,1000,0,0,YES
MCPL/25-26/0122,25-08-2025,Belrise Industries Ltd Unit -IX,PUNE,PANTNAGAR,TRAIN,203289,29-07-2025,20,280,16,4480,100,500,1000,0,0,YES
MCPL/25-26/0121,25-08-2025,Belrise Industries Ltd Unit -IX,PUNE,PANTNAGAR,AIR,203290,29-07-2025,30,420,60,25200,100,500,0,6000,0,YES
MCPL/25-26/0120,25-08-2025,"BELRISE INDUSTRIES LTD,UNIT-7E",PUNE,PANTNAGAR,AIR,203255,22-07-2025,4,110,60,6600,100,500,1000,0,0,YES
MCPL/25-26/0120,25-08-2025,"BELRISE INDUSTRIES LTD,UNIT-7E",PUNE,PANTNAGAR,AIR,203250,22-07-2025,9-Box,210,60,12600,100,500,1000,0,0,YES
MCPL/25-26/0120,25-08-2025,"BELRISE INDUSTRIES LTD,UNIT-7E",PUNE,PANTNAGAR,AIR,203248,21-07-2025,4-Box,110,60,6600,100,500,0,5000,0,YES
MCPL/25-26/0120,25-08-2025,"BELRISE INDUSTRIES LTD,UNIT-7E",PUNE,PANTNAGAR,AIR,203219,16-07-2025,8-Box,220,60,13200,100,500,0,6000,0,YES
MCPL/25-26/0120,25-08-2025,"BELRISE INDUSTRIES LTD,UNIT-7E",PUNE,PANTNAGAR,AIR,203206,15-07-2025,4-Box,110,60,6600,100,500,0,5000,0,YES
MCPL/25-26/0120,25-08-2025,"BELRISE INDUSTRIES LTD,UNIT-7E",PUNE,PANTNAGAR,AIR,203194,12-07-2025,10,270,60,16200,100,500,1000,0,0,YES
MCPL/25-26/0120,25-08-2025,"BELRISE INDUSTRIES LTD,UNIT-7E",PUNE,PANTNAGAR,AIR,203189,11-07-2025,14,390,60,23400,100,500,0,6000,0,YES
MCPL/25-26/0120,25-08-2025,"BELRISE INDUSTRIES LTD,UNIT-7E",PUNE,PANTNAGAR,AIR,203183,11-07-2025,4,95,60,5700,100,500,1000,0,0,YES
MCPL/25-26/0120,25-08-2025,"BELRISE INDUSTRIES LTD,UNIT-7E",PUNE,PANTNAGAR,AIR,203174,10-07-2025,3,80,60,4800,100,500,1000,0,0,YES
MCPL/25-26/0120,25-08-2025,"BELRISE INDUSTRIES LTD,UNIT-7E",PUNE,PANTNAGAR,AIR,203173,10-07-2025,8,220,60,13200,100,500,0,6000,0,YES
MCPL/25-26/0120,25-08-2025,"BELRISE INDUSTRIES LTD,UNIT-7E",PUNE,PANTNAGAR,AIR,203170,09-07-2025,8,220,60,13200,100,500,0,6000,0,YES
MCPL/25-26/0120,25-08-2025,"BELRISE INDUSTRIES LTD,UNIT-7E",PUNE,PANTNAGAR,AIR,203145,05-07-2025,44,530,60,31800,100,500,0,8000,0,YES
MCPL/25-26/0120,25-08-2025,"BELRISE INDUSTRIES LTD,UNIT-7E",PUNE,PANTNAGAR,AIR,203129,02-07-2025,9,260,60,15600,100,500,0,6000,0,YES
MCPL/25-26/0120,25-08-2025,"BELRISE INDUSTRIES LTD,UNIT-7E",PUNE,PANTNAGAR,AIR,203122,01-07-2025,4,110,60,6600,100,500,0,5000,0,YES
MCPL/25-26/0120,25-08-2025,"BELRISE INDUSTRIES LTD,UNIT-7E",PUNE,PANTNAGAR,AIR,203117,01-07-2025,1,50,60,3000,100,500,1000,0,0,YES
MCPL/25-26/0119,25-08-2025,"BELRISE INDUSTRIES LTD,UNIT-7E",PUNE,PANTNAGAR,TRAIN,203254,22-07-2025,32,880,16,14080,100,500,1000,0,0,YES
MCPL/25-26/0119,25-08-2025,"BELRISE INDUSTRIES LTD,UNIT-7E",PUNE,PANTNAGAR,TRAIN,203118,01-07-2025,14,170,16,2720,100,500,1000,0,0,YES
MCPL/25-26/0119,25-08-2025,"BELRISE INDUSTRIES LTD,UNIT-7E",PUNE,PANTNAGAR,TRAIN,203126,02-07-2025,28,335,16,5360,100,500,1000,0,0,YES
MCPL/25-26/0119,25-08-2025,"BELRISE INDUSTRIES LTD,UNIT-7E",PUNE,PANTNAGAR,TRAIN,203128,02-07-2025,17,480,16,7680,100,500,1000,0,0,YES
MCPL/25-26/0119,25-08-2025,"BELRISE INDUSTRIES LTD,UNIT-7E",PUNE,PANTNAGAR,TRAIN,203141,04-07-2025,44,530,16,8480,100,500,1000,0,0,YES
MCPL/25-26/0119,25-08-2025,"BELRISE INDUSTRIES LTD,UNIT-7E",PUNE,PANTNAGAR,TRAIN,203163,08-07-2025,2W/B,130,16,2080,100,500,1000,0,0,YES
MCPL/25-26/0119,25-08-2025,"BELRISE INDUSTRIES LTD,UNIT-7E",PUNE,PANTNAGAR,TRAIN,203195,12-07-2025,9,270,16,4320,100,500,0,6000,0,YES
MCPL/25-26/0119,25-08-2025,"BELRISE INDUSTRIES LTD,UNIT-7E",PUNE,PANTNAGAR,TRAIN,203207,15-07-2025,25-Box,710,16,11360,100,500,0,8000,0,YES
MCPL/25-26/0119,25-08-2025,"BELRISE INDUSTRIES LTD,UNIT-7E",PUNE,PANTNAGAR,TRAIN,203215,16-07-2025,8,100,16,1600,100,500,1000,0,0,YES
MCPL/25-26/0119,25-08-2025,"BELRISE INDUSTRIES LTD,UNIT-7E",PUNE,PANTNAGAR,TRAIN,203218,16-07-2025,21-Box,590,16,9440,100,500,0,8000,0,YES
MCPL/25-26/0119,25-08-2025,"BELRISE INDUSTRIES LTD,UNIT-7E",PUNE,PANTNAGAR,TRAIN,203249,21-07-2025,30-Box,830,16,13280,100,500,1000,0,0,YES
MCPL/25-26/0118,25-08-2025,"BELRISE INDUSTRIES LTD,UNIT-7E",DELHI,PANTNAGAR,ROAD,203212,14-07-2025,12,180,0,0,100,0,0,6000,0,YES
MCPL/25-26/0117,25-08-2025,"BELRISE INDUSTRIES LTD,UNIT-12",PUNE,PANTNAGAR,AIR,203108,30-06-2025,46,690,60,41400,100,500,0,8000,0,YES
MCPL/25-26/0117,25-08-2025,"BELRISE INDUSTRIES LTD,UNIT-12",PUNE,PANTNAGAR,AIR,203109,30-06-2025,14,355,60,21300,100,500,1000,0,0,YES
MCPL/25-26/0116,25-08-2025,"BELRISE INDUSTRIES LTD,UNIT-12",PUNE,PANTNAGAR,TRAIN,203110,30-06-2025,26,535,16,8560,100,500,1000,0,0,YES
MCPL/25-26/0116,25-08-2025,"BELRISE INDUSTRIES LTD,UNIT-12",PUNE,PANTNAGAR,TRAIN,203103,27-06-2025,31,455,16,7280,100,500,1000,0,0,YES
MCPL/25-26/0112,15-08-2025,CJ DARCL LOGISTICS LIMITED,DELHI,PANTNAGAR,ROAD,203415,11-08-2025,6,0,0,2600,0,0,0,0,0,YES
MCPL/25-26/0112,15-08-2025,CJ DARCL LOGISTICS LIMITED,DELHI,PANTNAGAR,ROAD,203314,02-08-2025,4,0,0,2300,0,0,0,0,0,YES
MCPL/25-26/0114,15-08-2025,STARWAYS PRECISIONS PVT. LTD.,PUNE,STG,TRAIN,203393,14-08-2025,26,310,20,6200,100,500,1000,0,0,YES
MCPL/25-26/0114,15-08-2025,STARWAYS PRECISIONS PVT. LTD.,PUNE,STG,TRAIN,203358,07-08-2025,15-Pkt,120,20,2400,100,0,1000,0,0,YES
MCPL/25-26/0114,15-08-2025,STARWAYS PRECISIONS PVT. LTD.,PUNE,STG,TRAIN,203333,05-08-2025,23-Bag,320,20,6400,100,0,1000,0,0,YES
MCPL/25-26/0113,15-08-2025,STARWAYS PRECISIONS PVT. LTD.,PUNE,STG,AIR,203396,14-08-2025,4Box+3Bag,140,65,9100,100,500,1000,0,0,YES
MCPL/25-26/0113,15-08-2025,STARWAYS PRECISIONS PVT. LTD.,PUNE,STG,AIR,203382,11-08-2025,5,120,65,7800,100,500,1000,0,0,YES
MCPL/25-26/0113,15-08-2025,STARWAYS PRECISIONS PVT. LTD.,PUNE,STG,AIR,203370,09-08-2025,6,120,65,7800,100,500,1000,0,0,YES
MCPL/25-26/0113,15-08-2025,STARWAYS PRECISIONS PVT. LTD.,PUNE,STG,AIR,203365,08-08-2025,4Box+10Bag,280,65,18200,100,500,1000,0,0,YES
MCPL/25-26/0113,15-08-2025,STARWAYS PRECISIONS PVT. LTD.,PUNE,STG,AIR,203356,07-08-2025,7-Box,130,65,8450,100,500,1000,0,0,YES
MCPL/25-26/0113,15-08-2025,STARWAYS PRECISIONS PVT. LTD.,PUNE,STG,AIR,203349,06-08-2025,6,115,65,7475,100,500,1000,0,0,YES
MCPL/25-26/0113,15-08-2025,STARWAYS PRECISIONS PVT. LTD.,PUNE,STG,AIR,203334,05-08-2025,6-Bag,140,65,9100,100,500,1000,0,0,YES
MCPL/25-26/0113,15-08-2025,STARWAYS PRECISIONS PVT. LTD.,PUNE,STG,AIR,203331,05-08-2025,2-Bag,50,65,3250,100,500,1000,0,0,YES
MCPL/25-26/0113,15-08-2025,STARWAYS PRECISIONS PVT. LTD.,PUNE,STG,AIR,203326,04-08-2025,6-Box,160,65,10400,100,500,1000,0,0,YES
MCPL/25-26/0113,15-08-2025,STARWAYS PRECISIONS PVT. LTD.,PUNE,STG,AIR,203318,02-08-2025,5-Box,140,65,9100,100,500,1000,0,0,YES
MCPL/25-26/0113,15-08-2025,STARWAYS PRECISIONS PVT. LTD.,PUNE,STG,AIR,203308,01-08-2025,1-Bag,50,65,3250,100,500,1000,0,0,YES
MCPL/25-26/0112,15-08-2025,CJ DARCL LOGISTICS LIMITED,DELHI,PANTNAGAR,ROAD,203328,05-08-2025,2,0,0,2300,0,0,0,0,0,YES
MCPL/25-26/0112,15-08-2025,CJ DARCL LOGISTICS LIMITED,DELHI,PANTNAGAR,ROAD,203319,02-08-2025,5,0,0,2300,0,0,0,0,0,YES
MCPL/25-26/0112,15-08-2025,CJ DARCL LOGISTICS LIMITED,DELHI,PANTNAGAR,ROAD,203329,05-08-2025,7,0,0,2600,0,0,0,0,0,YES
MCPL/25-26/0112,15-08-2025,CJ DARCL LOGISTICS LIMITED,DELHI,PANTNAGAR,ROAD,203341,06-08-2025,5,0,0,2300,0,0,0,0,0,YES
MCPL/25-26/0112,15-08-2025,CJ DARCL LOGISTICS LIMITED,DELHI,PANTNAGAR,ROAD,203360,08-08-2025,6,0,0,2600,0,0,0,0,0,YES
MCPL/25-26/0112,15-08-2025,CJ DARCL LOGISTICS LIMITED,DELHI,PANTNAGAR,ROAD,203375,11-08-2025,3,0,0,2300,0,0,0,0,0,YES
MCPL/25-26/0112,15-08-2025,CJ DARCL LOGISTICS LIMITED,DELHI,PANTNAGAR,ROAD,203384,12-08-2025,4,0,0,2300,0,0,0,0,0,YES
MCPL/25-26/0112,15-08-2025,CJ DARCL LOGISTICS LIMITED,DELHI,PANTNAGAR,ROAD,203385,12-08-2025,10,0,0,2600,0,0,0,0,0,YES
MCPL/25-26/0112,15-08-2025,CJ DARCL LOGISTICS LIMITED,DELHI,PANTNAGAR,ROAD,203398,14-08-2025,6,0,0,2600,0,0,0,0,0,YES
MCPL/25-26/0111,15-08-2025,CJ DARCL LOGISTICS LIMITED,PANTNAGAR,DELHI,ROAD,203409,11-08-2025,3,0,0,2300,0,0,0,0,0,YES
MCPL/25-26/0110,15-08-2025,DALI SAMIR ENGG.PVT LTD-PUNE,PUNE,PANTNAGAR,TRAIN,203364,08-08-2025,6-Box,150,18,2700,0,1000,0,6000,0,YES
MCPL/25-26/0110,15-08-2025,DALI SAMIR ENGG.PVT LTD-PUNE,PUNE,PANTNAGAR,TRAIN,203335,05-08-2025,10-Box,250,18,4500,0,1000,500,0,0,YES
MCPL/25-26/0110,15-08-2025,DALI SAMIR ENGG.PVT LTD-PUNE,PUNE,PANTNAGAR,TRAIN,203323,04-08-2025,13-Box,325,18,5850,0,1000,500,0,0,YES
MCPL/25-26/0110,15-08-2025,DALI SAMIR ENGG.PVT LTD-PUNE,PUNE,PANTNAGAR,TRAIN,203321,03-08-2025,9-Box,225,18,4050,0,1000,500,0,0,YES
MCPL/25-26/0110,15-08-2025,DALI SAMIR ENGG.PVT LTD-PUNE,PUNE,PANTNAGAR,TRAIN,203305,01-08-2025,8-Box,200,18,3600,0,1000,500,0,0,YES
MCPL/25-26/0115,16-08-2025,DALI SAMIR ENGG.PVT LTD-PUNE,PUNE,PANTNAGAR,AIR,203391,13-08-2025,8-Box,160,80,12800,0,1000,500,0,0,YES
MCPL/25-26/0115,16-08-2025,DALI SAMIR ENGG.PVT LTD-PUNE,PUNE,PANTNAGAR,AIR,203383,12-08-2025,8-Box,160,80,12800,0,1000,0,6000,0,YES
MCPL/25-26/0109,15-08-2025,DALI SAMIR ENGG.PVT LTD-PUNE,PUNE,PANTNAGAR,AIR,203376,11-08-2025,13-Box,260,80,20800,0,1000,500,0,0,YES
MCPL/25-26/0109,15-08-2025,DALI SAMIR ENGG.PVT LTD-PUNE,PUNE,PANTNAGAR,AIR,203374,10-08-2025,3,60,80,4800,0,1000,500,0,0,YES
MCPL/25-26/0109,15-08-2025,DALI SAMIR ENGG.PVT LTD-PUNE,PUNE,PANTNAGAR,AIR,203342,06-08-2025,3-Box,60,80,4800,0,1000,500,0,0,YES
MCPL/25-26/0108,15-08-2025,U. S. AUTO CONTROLS PVT LTD,PUNE,PANTNAGAR,AIR,203372,09-08-2025,5,80,56,4480,100,500,1000,0,0,YES
MCPL/25-26/0108,15-08-2025,U. S. AUTO CONTROLS PVT LTD,PUNE,PANTNAGAR,AIR,203350,06-08-2025,6-Bag,125,56,7000,100,500,1000,0,0,YES
MCPL/25-26/0108,15-08-2025,U. S. AUTO CONTROLS PVT LTD,PUNE,PANTNAGAR,AIR,203336,05-08-2025,2,35,56,1960,100,500,1000,0,0,YES
MCPL/25-26/0108,15-08-2025,U. S. AUTO CONTROLS PVT LTD,PUNE,PANTNAGAR,AIR,203325,04-08-2025,5-Box,80,56,4480,100,500,1000,0,0,YES
MCPL/25-26/0107,15-08-2025,ASHA INDUSTRIES,AURANGABAD,PANTNAGAR,AIR,203392,13-08-2025,2-Bag,75,62,4650,100,2500,1000,0,0,YES
MCPL/25-26/0107,15-08-2025,ASHA INDUSTRIES,AURANGABAD,PANTNAGAR,AIR,203373,08-08-2025,2,75,62,4650,100,2500,1000,0,0,YES
MCPL/25-26/0106,01-08-2025,STARWAYS PRECISIONS PVT. LTD.,PUNE,STG,AIR,203302,31-07-2025,6,140,65,9100,100,500,1000,0,0,YES
MCPL/25-26/0106,01-08-2025,STARWAYS PRECISIONS PVT. LTD.,PUNE,STG,AIR,203292,30-07-2025,10,230,65,14950,100,500,1000,0,0,YES
MCPL/25-26/0106,01-08-2025,STARWAYS PRECISIONS PVT. LTD.,PUNE,STG,AIR,203286,28-07-2025,1-Bag,50,65,3250,100,500,1000,0,0,YES
MCPL/25-26/0106,01-08-2025,STARWAYS PRECISIONS PVT. LTD.,PUNE,STG,AIR,203276,26-07-2025,5-Box,120,65,7800,100,500,1000,0,0,YES
MCPL/25-26/0106,01-08-2025,STARWAYS PRECISIONS PVT. LTD.,PUNE,STG,AIR,203270,25-07-2025,5-Box,120,65,7800,100,500,1000,0,0,YES
MCPL/25-26/0106,01-08-2025,STARWAYS PRECISIONS PVT. LTD.,PUNE,STG,AIR,203264,25-07-2025,2,50,65,3250,100,500,1000,0,0,YES
MCPL/25-26/0106,01-08-2025,STARWAYS PRECISIONS PVT. LTD.,PUNE,STG,AIR,203251,22-07-2025,10,130,65,8450,100,500,1000,0,0,YES
MCPL/25-26/0106,01-08-2025,STARWAYS PRECISIONS PVT. LTD.,PUNE,STG,AIR,203262,24-07-2025,5-Box,65,65,4225,100,500,1000,0,0,YES
MCPL/25-26/0106,01-08-2025,STARWAYS PRECISIONS PVT. LTD.,PUNE,STG,AIR,203240,20-07-2025,4-Bag,70,65,4550,100,500,1000,0,0,YES
MCPL/25-26/0106,01-08-2025,STARWAYS PRECISIONS PVT. LTD.,PUNE,STG,AIR,203236,19-07-2025,1,50,65,3250,100,0,1000,0,0,YES
MCPL/25-26/0106,01-08-2025,STARWAYS PRECISIONS PVT. LTD.,PUNE,STG,AIR,203230,18-07-2025,5Box+2Bag,160,65,10400,100,500,1000,0,0,YES
MCPL/25-26/0106,01-08-2025,STARWAYS PRECISIONS PVT. LTD.,PUNE,STG,AIR,203235,19-07-2025,1-Bag,50,65,3250,100,500,1000,0,0,YES
MCPL/25-26/0106,01-08-2025,STARWAYS PRECISIONS PVT. LTD.,PUNE,STG,AIR,203224,17-07-2025,5-Bag,100,65,6500,100,500,1000,0,0,YES
MCPL/25-26/0105,01-08-2025,STARWAYS PRECISIONS PVT. LTD.,PUNE,STG,TRAIN,203239,20-07-2025,19-Bag,515,20,10300,100,0,1000,0,0,YES
MCPL/25-26/0105,01-08-2025,STARWAYS PRECISIONS PVT. LTD.,PUNE,STG,TRAIN,203223,17-07-2025,20,100,20,2000,100,0,1000,0,0,YES
MCPL/25-26/0105,01-08-2025,STARWAYS PRECISIONS PVT. LTD.,PUNE,STG,TRAIN,203272,26-07-2025,40-Pkt,310,20,6200,100,500,1000,0,0,YES
MCPL/25-26/0105,01-08-2025,STARWAYS PRECISIONS PVT. LTD.,PUNE,STG,TRAIN,203293,30-07-2025,16,205,20,4100,100,0,1000,0,0,YES
MCPL/25-26/0105,01-08-2025,STARWAYS PRECISIONS PVT. LTD.,PUNE,STG,TRAIN,203285,28-07-2025,23-Bag,500,20,10000,100,0,1000,0,0,YES
MCPL/25-26/0105,01-08-2025,STARWAYS PRECISIONS PVT. LTD.,PUNE,STG,TRAIN,203298,30-07-2025,1-Box,100,20,2000,100,500,1000,0,0,YES
MCPL/25-26/0104,01-08-2025,DALI SAMIR ENGG.PVT LTD-PUNE,PUNE,PANTNAGAR,TRAIN,203162,08-07-2025,9,225,18,4050,0,1000,500,0,0,YES
MCPL/25-26/0104,01-08-2025,DALI SAMIR ENGG.PVT LTD-PUNE,PUNE,PANTNAGAR,TRAIN,203155,07-07-2025,10,250,18,4500,0,1000,500,0,0,YES
MCPL/25-26/0104,01-08-2025,DALI SAMIR ENGG.PVT LTD-PUNE,PUNE,PANTNAGAR,TRAIN,203216,16-07-2025,11,275,18,4950,0,1000,500,0,0,YES
MCPL/25-26/0104,01-08-2025,DALI SAMIR ENGG.PVT LTD-PUNE,PUNE,PANTNAGAR,TRAIN,203198,13-07-2025,12,300,18,5400,0,1000,500,0,0,YES
MCPL/25-26/0104,01-08-2025,DALI SAMIR ENGG.PVT LTD-PUNE,PUNE,PANTNAGAR,TRAIN,203232,19-07-2025,12,300,18,5400,0,1000,0,6000,0,YES
MCPL/25-26/0104,01-08-2025,DALI SAMIR ENGG.PVT LTD-PUNE,PUNE,PANTNAGAR,TRAIN,203237,19-07-2025,4-Box,100,18,1800,0,1000,500,0,0,YES
MCPL/25-26/0104,01-08-2025,DALI SAMIR ENGG.PVT LTD-PUNE,PUNE,PANTNAGAR,TRAIN,203242,20-07-2025,11-Box,275,18,4950,0,1000,0,6000,0,YES
MCPL/25-26/0104,01-08-2025,DALI SAMIR ENGG.PVT LTD-PUNE,PUNE,PANTNAGAR,TRAIN,203253,22-07-2025,5-Box,125,18,2250,0,1000,500,0,0,YES
MCPL/25-26/0104,01-08-2025,DALI SAMIR ENGG.PVT LTD-PUNE,PUNE,PANTNAGAR,TRAIN,203301,31-07-2025,5-Box,125,18,2250,0,1000,500,0,0,YES
MCPL/25-26/0103,01-08-2025,DALI SAMIR ENGG.PVT LTD-PUNE,PUNE,PANTNAGAR,AIR,203209,15-07-2025,6-Box,150,80,12000,0,1000,500,0,0,YES
MCPL/25-26/0102,01-08-2025,DALI SAMIR ENGG.PVT LTD-PUNE,FARIDABAD,PANTNAGAR,ROAD,203258,17-07-2025,1,0,0,0,0,0,0,2500,0,YES
MCPL/25-26/0102,01-08-2025,DALI SAMIR ENGG.PVT LTD-PUNE,FARIDABAD,PANTNAGAR,ROAD,203257,22-07-2025,2,0,0,0,0,0,0,6000,0,YES
MCPL/25-26/0098,31-07-2025,CJ DARCL LOGISTICS LIMITED,PANTNAGAR,DELHI,ROAD,203265,21-07-2025,10,0,0,2600,0,0,0,0,0,YES
MCPL/25-26/0098,31-07-2025,CJ DARCL LOGISTICS LIMITED,PANTNAGAR,DELHI,ROAD,203267,25-07-2025,20,0,0,0,0,0,0,7300,0,YES
MCPL/25-26/0099,01-08-2025,ASHA INDUSTRIES,AURANGABAD,PANTNAGAR,TRAIN,203284,28-07-2025,4,120,18,2160,100,1000,1000,0,0,YES
MCPL/25-26/0100,01-08-2025,HIMALAYAN AUTO ERA PVT LTD,PUNE,PANTNAGAR,ROAD-EXPRESS,203259,23-07-2025,11,185,25,4625,100,0,0,0,0,YES
MCPL/25-26/0101,01-08-2025,HIMALAYAN AUTO ERA PVT LTD,PUNE,PANTNAGAR,TRAIN,203279,27-07-2025,55,500,28,14000,100,0,0,0,0,YES
MCPL/25-26/0097,31-07-2025,CJ DARCL LOGISTICS LIMITED,DELHI,PANTNAGAR,ROAD,203299,31-07-2025,2,0,0,2300,0,0,0,0,0,YES
MCPL/25-26/0097,31-07-2025,CJ DARCL LOGISTICS LIMITED,DELHI,PANTNAGAR,ROAD,203288,29-07-2025,6,0,0,2600,0,0,0,0,0,YES
MCPL/25-26/0097,31-07-2025,CJ DARCL LOGISTICS LIMITED,DELHI,PANTNAGAR,ROAD,203227,17-07-2025,2,0,0,2300,0,0,0,0,0,YES
MCPL/25-26/0097,31-07-2025,CJ DARCL LOGISTICS LIMITED,DELHI,PANTNAGAR,ROAD,203287,29-07-2025,7,0,0,2600,0,0,0,0,0,YES
MCPL/25-26/0097,31-07-2025,CJ DARCL LOGISTICS LIMITED,DELHI,PANTNAGAR,ROAD,203233,19-07-2025,4,0,0,2300,0,0,0,0,0,YES
MCPL/25-26/0097,31-07-2025,CJ DARCL LOGISTICS LIMITED,DELHI,PANTNAGAR,ROAD,203271,26-07-2025,6,0,0,2600,0,0,0,0,0,YES
MCPL/25-26/0097,31-07-2025,CJ DARCL LOGISTICS LIMITED,DELHI,PANTNAGAR,ROAD,203256,22-07-2025,4,0,0,2300,0,0,0,0,0,YES
MCPL/25-26/0097,31-07-2025,CJ DARCL LOGISTICS LIMITED,DELHI,PANTNAGAR,ROAD,203281,27-07-2025,4,0,0,2300,0,0,0,0,0,YES
MCPL/25-26/0096,17-07-2025,CJ DARCL LOGISTICS LIMITED,PANTNAGAR,DELHI,ROAD,203154,07-07-2025,15,0,0,3300,0,0,0,0,0,YES
MCPL/25-26/0097,31-07-2025,CJ DARCL LOGISTICS LIMITED,DELHI,PANTNAGAR,ROAD,203282,28-07-2025,3,0,0,2300,0,0,0,0,0,YES
MCPL/25-26/0095,17-07-2025,CJ DARCL LOGISTICS LIMITED,DELHI,PANTNAGAR,ROAD,203221,16-07-2025,6,0,0,0,0,0,0,7300,0,YES
MCPL/25-26/0095,17-07-2025,CJ DARCL LOGISTICS LIMITED,DELHI,PANTNAGAR,ROAD,203201,13-07-2025,1,0,0,0,0,0,0,0,0,YES
MCPL/25-26/0095,17-07-2025,CJ DARCL LOGISTICS LIMITED,DELHI,PANTNAGAR,ROAD,203205,14-07-2025,5,0,0,2300,0,0,0,0,0,YES
MCPL/25-26/0095,17-07-2025,CJ DARCL LOGISTICS LIMITED,DELHI,PANTNAGAR,ROAD,203200,13-07-2025,4,0,0,0,0,0,0,7300,0,YES
MCPL/25-26/0095,17-07-2025,CJ DARCL LOGISTICS LIMITED,DELHI,PANTNAGAR,ROAD,203175,10-07-2025,3,0,0,2300,0,0,0,0,0,YES
MCPL/25-26/0095,17-07-2025,CJ DARCL LOGISTICS LIMITED,DELHI,PANTNAGAR,ROAD,203127,02-07-2025,7,0,0,2600,0,0,0,0,0,YES
MCPL/25-26/0093,15-07-2025,HIMALAYAN AUTO ERA PVT LTD,PUNE,PANTNAGAR,TRAIN,203157,07-07-2025,23-Bundle,350,28,9800,100,0,0,0,0,YES
MCPL/25-26/0094,15-07-2025,HIMALAYAN AUTO ERA PVT LTD,PUNE,PANTNAGAR,ROAD-EXPRESS,203156,07-07-2025,1-Pillet,150,25,3750,100,0,0,0,0,YES
MCPL/25-26/0093,15-07-2025,HIMALAYAN AUTO ERA PVT LTD,PUNE,PANTNAGAR,TRAIN,203116,01-07-2025,14,290,28,8120,100,0,0,0,0,YES
MCPL/25-26/0092,15-07-2025,Shreya Industries - PNQ,PUNE,PANTNAGAR,ROAD,203190,12-07-2025,36,36,375,13500,100,0,0,0,0,YES
MCPL/25-26/0092,15-07-2025,Shreya Industries - PNQ,PUNE,PANTNAGAR,ROAD,203139,04-07-2025,40,40,375,15000,100,0,0,0,0,YES
MCPL/25-26/0092,15-07-2025,Shreya Industries - PNQ,PUNE,PANTNAGAR,ROAD,203138,04-07-2025,40,40,375,15000,100,0,0,0,0,YES
MCPL/25-26/0092,15-07-2025,Shreya Industries - PNQ,PUNE,PANTNAGAR,ROAD,203137,04-07-2025,40,40,375,15000,100,0,0,0,0,YES
MCPL/25-26/0091,15-07-2025,PRECIFAST PRIVATE LIMITED,PUNE,PANTNAGAR,TRAIN,203177,10-07-2025,11,245,20,4900,100,500,1500,0,0,YES
MCPL/25-26/0091,15-07-2025,PRECIFAST PRIVATE LIMITED,PUNE,PANTNAGAR,TRAIN,203160,08-07-2025,20,165,20,3300,100,500,1500,0,0,YES
MCPL/25-26/0090,15-07-2025,STARWAYS PRECISIONS PVT. LTD.,PUNE,STG,AIR,203210,15-07-2025,8,175,65,11375,100,500,1000,0,0,YES
MCPL/25-26/0090,15-07-2025,STARWAYS PRECISIONS PVT. LTD.,PUNE,STG,AIR,203203,14-07-2025,9-Box,245,65,15925,100,500,1000,0,0,YES
MCPL/25-26/0090,15-07-2025,STARWAYS PRECISIONS PVT. LTD.,PUNE,STG,AIR,203192,12-07-2025,6Box+1Bag,150,65,9750,100,500,1000,0,0,YES
MCPL/25-26/0090,15-07-2025,STARWAYS PRECISIONS PVT. LTD.,PUNE,STG,AIR,203185,11-07-2025,8,165,65,10725,100,500,1000,0,0,YES
MCPL/25-26/0090,15-07-2025,STARWAYS PRECISIONS PVT. LTD.,PUNE,STG,AIR,203182,10-07-2025,8BOX-2BAG,250,65,16250,100,500,1000,0,0,YES
MCPL/25-26/0090,15-07-2025,STARWAYS PRECISIONS PVT. LTD.,PUNE,STG,AIR,203171,09-07-2025,6,190,65,12350,100,500,1000,0,0,YES
MCPL/25-26/0090,15-07-2025,STARWAYS PRECISIONS PVT. LTD.,PUNE,STG,AIR,203166,08-07-2025,6Box+1Bag,200,65,13000,100,500,1000,0,0,YES
MCPL/25-26/0090,15-07-2025,STARWAYS PRECISIONS PVT. LTD.,PUNE,STG,AIR,203159,07-07-2025,8Box+3Bag,235,65,15275,100,500,1000,0,0,YES
MCPL/25-26/0090,15-07-2025,STARWAYS PRECISIONS PVT. LTD.,PUNE,STG,AIR,203149,05-07-2025,6,170,65,11050,100,500,1000,0,0,YES
MCPL/25-26/0090,15-07-2025,STARWAYS PRECISIONS PVT. LTD.,PUNE,STG,AIR,203143,04-07-2025,6,190,65,12350,100,500,1000,0,0,YES
MCPL/25-26/0090,15-07-2025,STARWAYS PRECISIONS PVT. LTD.,PUNE,STG,AIR,203135,03-07-2025,7,190,65,12350,100,500,1000,0,0,YES
MCPL/25-26/0090,15-07-2025,STARWAYS PRECISIONS PVT. LTD.,PUNE,STG,AIR,203132,02-07-2025,1,0,65,0,100,0,0,0,0,YES
MCPL/25-26/0090,15-07-2025,STARWAYS PRECISIONS PVT. LTD.,PUNE,STG,AIR,203123,01-07-2025,2Box+1Bag,80,65,5200,100,500,1000,0,0,YES
MCPL/25-26/0090,15-07-2025,STARWAYS PRECISIONS PVT. LTD.,PUNE,STG,AIR,203130,02-07-2025,5,120,65,7800,100,500,1000,0,0,YES
MCPL/25-26/0089,15-07-2025,STARWAYS PRECISIONS PVT. LTD.,PUNE,STG,TRAIN,203196,13-07-2025,36-Bag,660,20,13200,100,500,1000,0,0,YES
MCPL/25-26/0089,15-07-2025,STARWAYS PRECISIONS PVT. LTD.,PUNE,STG,TRAIN,203181,10-07-2025,10,100,20,2000,100,0,1000,0,0,YES
MCPL/25-26/0089,15-07-2025,STARWAYS PRECISIONS PVT. LTD.,PUNE,STG,TRAIN,203151,06-07-2025,20,550,20,11000,100,500,1000,0,0,YES
MCPL/25-26/0089,15-07-2025,STARWAYS PRECISIONS PVT. LTD.,PUNE,STG,TRAIN,203131,02-07-2025,20,100,20,2000,100,0,1000,0,0,YES
MCPL/25-26/0089,15-07-2025,STARWAYS PRECISIONS PVT. LTD.,PUNE,STG,TRAIN,203121,01-07-2025,3,100,20,2000,100,0,1000,0,0,YES
MCPL/25-26/0088,15-07-2025,U. S. AUTO CONTROLS PVT LTD,PUNE,PANTNAGAR,AIR,203211,15-07-2025,5-Bag,80,56,4480,100,500,1000,0,0,YES
MCPL/25-26/0088,15-07-2025,U. S. AUTO CONTROLS PVT LTD,PUNE,PANTNAGAR,AIR,203204,14-07-2025,5,80,56,4480,100,500,1000,0,0,YES
MCPL/25-26/0088,15-07-2025,U. S. AUTO CONTROLS PVT LTD,PUNE,PANTNAGAR,AIR,203193,12-07-2025,3,60,56,3360,100,500,1000,0,0,YES
MCPL/25-26/0088,15-07-2025,U. S. AUTO CONTROLS PVT LTD,PUNE,PANTNAGAR,AIR,203184,11-07-2025,2,40,56,2240,100,500,1000,0,0,YES
MCPL/25-26/0088,15-07-2025,U. S. AUTO CONTROLS PVT LTD,PUNE,PANTNAGAR,AIR,203179,10-07-2025,2,40,56,2240,100,500,1000,0,0,YES
MCPL/25-26/0088,15-07-2025,U. S. AUTO CONTROLS PVT LTD,PUNE,PANTNAGAR,AIR,203172,09-07-2025,2,40,56,2240,100,500,1000,0,0,YES
MCPL/25-26/0088,15-07-2025,U. S. AUTO CONTROLS PVT LTD,PUNE,PANTNAGAR,AIR,203148,05-07-2025,3,70,56,3920,100,500,1000,0,0,YES
MCPL/25-26/0087,01-07-2025,HIMALAYAN AUTO ERA PVT LTD,DELHI,RUDRAPUR,ROAD,203089,23-06-2025,2,0,0,5500,100,0,0,0,0,YES
MCPL/25-26/0086,01-07-2025,HIMALAYAN AUTO ERA PVT LTD,PUNE,PANTNAGAR,TRAIN,203083,21-06-2025,44,370,28,10360,100,0,0,0,0,YES
MCPL/25-26/0085,01-07-2025,DALI SAMIR ENGG.PVT LTD-PUNE,PUNE,PANTNAGAR,TRAIN,203111,30-06-2025,8,200,18,3600,0,1000,500,0,0,YES
MCPL/25-26/0085,01-07-2025,DALI SAMIR ENGG.PVT LTD-PUNE,PUNE,PANTNAGAR,TRAIN,203058,14-06-2025,6,150,18,2700,0,1000,500,0,0,YES
MCPL/25-26/0085,01-07-2025,DALI SAMIR ENGG.PVT LTD-PUNE,PUNE,PANTNAGAR,TRAIN,203057,13-06-2025,6,150,18,2700,0,1000,500,0,0,YES
MCPL/25-26/0085,01-07-2025,DALI SAMIR ENGG.PVT LTD-PUNE,PUNE,PANTNAGAR,TRAIN,203043,11-06-2025,6,150,18,2700,0,1000,500,0,0,YES
MCPL/25-26/0085,01-07-2025,DALI SAMIR ENGG.PVT LTD-PUNE,PUNE,PANTNAGAR,TRAIN,203025,06-06-2025,8,200,18,3600,0,1000,500,0,0,YES
MCPL/25-26/0085,01-07-2025,DALI SAMIR ENGG.PVT LTD-PUNE,PUNE,PANTNAGAR,TRAIN,203009,03-06-2025,4,100,18,1800,0,1000,500,0,0,YES
MCPL/25-26/0084,01-07-2025,Shreya Industries - PNQ,PUNE,PANTNAGAR,ROAD,203079,20-06-2025,26,26,375,9750,100,0,0,0,0,YES
MCPL/25-26/0084,01-07-2025,Shreya Industries - PNQ,PUNE,PANTNAGAR,ROAD,203097,25-06-2025,26,26,375,9750,100,0,0,0,0,YES
MCPL/25-26/0084,01-07-2025,Shreya Industries - PNQ,PUNE,PANTNAGAR,ROAD,203076,19-06-2025,26,26,375,9750,100,0,0,0,0,YES
MCPL/25-26/0084,01-07-2025,Shreya Industries - PNQ,PUNE,PANTNAGAR,ROAD,203068,18-06-2025,26,26,375,9750,100,0,0,0,0,YES
MCPL/25-26/0083,01-07-2025,STARWAYS PRECISIONS PVT. LTD.,PUNE,STG,TRAIN,203113,30-06-2025,15BAG+2BAG,495,20,9900,100,500,1000,0,0,YES
MCPL/25-26/0084,01-07-2025,Shreya Industries - PNQ,PUNE,PANTNAGAR,ROAD,203062,16-06-2025,26,26,375,9750,100,0,0,0,0,YES
MCPL/25-26/0083,01-07-2025,STARWAYS PRECISIONS PVT. LTD.,PUNE,STG,TRAIN,203106,29-06-2025,28-Pkg,450,20,9000,100,500,1000,0,0,YES
MCPL/25-26/0083,01-07-2025,STARWAYS PRECISIONS PVT. LTD.,PUNE,STG,TRAIN,203105,27-06-2025,5-Bag,125,20,2500,100,500,1000,0,0,YES
MCPL/25-26/0083,01-07-2025,STARWAYS PRECISIONS PVT. LTD.,PUNE,STG,TRAIN,203090,23-06-2025,2Box+19Bag,585,20,11700,100,500,1000,0,0,YES
MCPL/25-26/0083,01-07-2025,STARWAYS PRECISIONS PVT. LTD.,PUNE,STG,TRAIN,203098,25-06-2025,5Box+31Bag,810,20,16200,100,500,1000,0,0,YES
MCPL/25-26/0083,01-07-2025,STARWAYS PRECISIONS PVT. LTD.,PUNE,STG,TRAIN,203085,21-06-2025,10,170,20,3400,100,500,1000,0,0,YES
MCPL/25-26/0083,01-07-2025,STARWAYS PRECISIONS PVT. LTD.,PUNE,STG,TRAIN,203081,20-06-2025,5-Bag,100,20,2000,100,500,1000,0,0,YES
MCPL/25-26/0083,01-07-2025,STARWAYS PRECISIONS PVT. LTD.,PUNE,STG,TRAIN,203072,17-06-2025,2,100,20,2000,100,500,1000,0,0,YES
MCPL/25-26/0083,01-07-2025,STARWAYS PRECISIONS PVT. LTD.,PUNE,STG,TRAIN,203064,16-06-2025,3Bag+2Box,105,20,2100,100,500,1000,0,0,YES
MCPL/25-26/0083,01-07-2025,STARWAYS PRECISIONS PVT. LTD.,PUNE,STG,TRAIN,203069,17-06-2025,10,100,20,2000,100,500,1000,0,0,YES
MCPL/25-26/0082,01-07-2025,STARWAYS PRECISIONS PVT. LTD.,PUNE,STG,AIR,203112,30-06-2025,2,50,65,3250,100,0,1000,0,0,YES
MCPL/25-26/0082,01-07-2025,STARWAYS PRECISIONS PVT. LTD.,PUNE,STG,AIR,203067,16-06-2025,2Box+2Bag,75,65,4875,100,0,1000,0,0,YES
MCPL/25-26/0082,01-07-2025,STARWAYS PRECISIONS PVT. LTD.,PUNE,STG,AIR,203071,17-06-2025,3,60,65,3900,100,0,1000,0,0,YES
MCPL/25-26/0082,01-07-2025,STARWAYS PRECISIONS PVT. LTD.,PUNE,STG,AIR,203078,19-06-2025,3,70,65,4550,100,500,1000,0,0,YES
MCPL/25-26/0082,01-07-2025,STARWAYS PRECISIONS PVT. LTD.,PUNE,STG,AIR,203080,20-06-2025,2Box+2Bag,80,65,5200,100,0,1000,0,0,YES
MCPL/25-26/0082,01-07-2025,STARWAYS PRECISIONS PVT. LTD.,PUNE,STG,AIR,203084,21-06-2025,4,95,65,6175,100,0,1000,0,0,YES
MCPL/25-26/0082,01-07-2025,STARWAYS PRECISIONS PVT. LTD.,PUNE,STG,AIR,203091,23-06-2025,4,100,65,6500,100,0,1000,0,0,YES
MCPL/25-26/0082,01-07-2025,STARWAYS PRECISIONS PVT. LTD.,PUNE,STG,AIR,203100,25-06-2025,3-Bag,55,65,3575,100,500,1000,0,0,YES
MCPL/25-26/0082,01-07-2025,STARWAYS PRECISIONS PVT. LTD.,PUNE,STG,AIR,203101,26-06-2025,3Box+1Bag,95,65,6175,100,500,1000,0,0,YES
MCPL/25-26/0082,01-07-2025,STARWAYS PRECISIONS PVT. LTD.,PUNE,STG,AIR,203104,27-06-2025,4Box+1Bag,75,65,4875,100,0,1000,0,0,YES
MCPL/25-26/0082,01-07-2025,STARWAYS PRECISIONS PVT. LTD.,PUNE,STG,AIR,203107,28-06-2025,4-Bag,80,65,5200,100,500,1000,0,0,YES
MCPL/25-26/0081,01-07-2025,STARWAYS INDUSTRIES- CHAKAN,PUNE,STG,TRAIN,203093,23-06-2025,15,261,20,5220,100,500,1000,0,0,YES
MCPL/25-26/0081,01-07-2025,STARWAYS INDUSTRIES- CHAKAN,PUNE,STG,TRAIN,203087,21-06-2025,15,261,20,5220,100,500,1000,0,0,YES
MCPL/25-26/0081,01-07-2025,STARWAYS INDUSTRIES- CHAKAN,PUNE,STG,TRAIN,203082,20-06-2025,15-Bag,261,20,5220,100,500,1000,0,0,YES
MCPL/25-26/0081,01-07-2025,STARWAYS INDUSTRIES- CHAKAN,PUNE,STG,TRAIN,203073,18-06-2025,20-Bag,348,20,6960,100,500,1000,0,0,YES
MCPL/25-26/0081,01-07-2025,STARWAYS INDUSTRIES- CHAKAN,PUNE,STG,TRAIN,203070,17-06-2025,15,261,20,5220,100,500,1000,0,0,YES
MCPL/25-26/0081,01-07-2025,STARWAYS INDUSTRIES- CHAKAN,PUNE,STG,TRAIN,203063,16-06-2025,15-Bag,261,20,5220,100,500,1000,0,0,YES
MCPL/25-26/0080,01-07-2025,U. S. AUTO CONTROLS PVT LTD,PUNE,PANTNAGAR,AIR,203102,26-06-2025,2-Bag,35,56,1960,100,500,1000,0,0,YES
MCPL/25-26/0080,01-07-2025,U. S. AUTO CONTROLS PVT LTD,PUNE,PANTNAGAR,AIR,203099,25-06-2025,2-Bag,50,56,2800,100,500,1000,0,0,YES
MCPL/25-26/0080,01-07-2025,U. S. AUTO CONTROLS PVT LTD,PUNE,PANTNAGAR,AIR,203095,24-06-2025,2,50,56,2800,100,500,1000,0,0,YES
MCPL/25-26/0080,01-07-2025,U. S. AUTO CONTROLS PVT LTD,PUNE,PANTNAGAR,AIR,203092,23-06-2025,4,70,56,3920,100,500,1000,0,0,YES
MCPL/25-26/0080,01-07-2025,U. S. AUTO CONTROLS PVT LTD,PUNE,PANTNAGAR,AIR,203088,22-06-2025,4-Bag,75,56,4200,100,500,1000,0,0,YES
MCPL/25-26/0080,01-07-2025,U. S. AUTO CONTROLS PVT LTD,PUNE,PANTNAGAR,AIR,203086,21-06-2025,3,55,56,3080,100,500,1000,0,0,YES
MCPL/25-26/0080,01-07-2025,U. S. AUTO CONTROLS PVT LTD,PUNE,PANTNAGAR,AIR,203075,18-06-2025,2,30,56,1680,100,0,1000,0,0,YES
MCPL/25-26/0080,01-07-2025,U. S. AUTO CONTROLS PVT LTD,PUNE,PANTNAGAR,AIR,203074,18-06-2025,2,40,56,2240,100,500,1000,0,0,YES
MCPL/25-26/0080,01-07-2025,U. S. AUTO CONTROLS PVT LTD,PUNE,PANTNAGAR,AIR,203066,16-06-2025,2,45,56,2520,100,0,1000,0,0,YES
MCPL/25-26/0080,01-07-2025,U. S. AUTO CONTROLS PVT LTD,PUNE,PANTNAGAR,AIR,203065,16-06-2025,1,30,56,1680,100,500,1000,0,0,YES
MCPL/25-26/0079,30-06-2025,CJ DARCL LOGISTICS LIMITED,DELHI,DELHI,ROAD,203124,30-06-2025,1,0,0,1000,0,0,0,0,0,YES
MCPL/25-26/0078,30-06-2025,CJ DARCL LOGISTICS LIMITED,DELHI,PANTNAGAR,ROAD,203077,19-06-2025,3,3,0,2300,0,0,0,0,0,YES
MCPL/25-26/0076,20-06-2025,SINGLA FORGING PVT LTD- RTQ,PANTNAGAR,AURANGABAD,AIR,203038,10-06-2025,15,80,105,8400,100,0,1500,0,0,YES
MCPL/25-26/0077,26-06-2025,SINGLA FORGING PVT LTD- RTQ,PANTNAGAR,DEWAS,AIR,203094,24-06-2025,28,535,90,48150,100,0,1500,0,0,YES
MCPL/25-26/0075,20-06-2025,SINGLA FORGING PVT LTD- RTQ,PANTNAGAR,PUNE,AIR,203006,03-06-2025,3,50,130,6500,100,0,0,0,0,YES
MCPL/25-26/0074,19-06-2025,Shreya Industries - PNQ,PUNE,PANTNAGAR,ROAD,203053,13-06-2025,26,26,375,9750,100,0,0,0,0,YES
MCPL/25-26/0074,19-06-2025,Shreya Industries - PNQ,PUNE,PANTNAGAR,ROAD,203013,04-06-2025,26,26,375,9750,100,0,0,0,0,YES
MCPL/25-26/0074,19-06-2025,Shreya Industries - PNQ,PUNE,PANTNAGAR,ROAD,203008,03-06-2025,22,22,375,8250,100,0,0,0,0,YES
MCPL/25-26/0074,19-06-2025,Shreya Industries - PNQ,PUNE,PANTNAGAR,ROAD,203001,02-06-2025,22,22,375,8250,100,0,0,0,0,YES
MCPL/25-26/0073,19-06-2025,Shreya Industries - PNQ,PUNE,PANTNAGAR,AIR,203050,12-06-2025,26,1040,60,62400,100,0,4000,0,0,YES
MCPL/25-26/0072,19-06-2025,Shreya Industries - PNQ,PUNE,PANTNAGAR,AIR,203042,11-06-2025,26,1040,60,62400,100,0,4000,0,0,YES
MCPL/25-26/0071,19-06-2025,Shreya Industries - PNQ,PUNE,PANTNAGAR,AIR,203037,10-06-2025,26,1040,60,62400,100,0,4000,0,0,YES
MCPL/25-26/0070,19-06-2025,Shreya Industries - PNQ,PUNE,PANTNAGAR,AIR,203034,09-06-2025,26,1040,60,62400,100,0,4000,0,0,YES
MCPL/25-26/0069,19-06-2025,Shreya Industries - PNQ,PUNE,PANTNAGAR,AIR,203024,06-06-2025,26,1040,60,62400,100,0,4000,0,0,YES
MCPL/25-26/0068,16-06-2025,HIMALAYAN AUTO ERA PVT LTD,PUNE,PANTNAGAR,TRAIN,203014,04-06-2025,16,384,28,10752,100,0,0,0,0,YES
MCPL/25-26/0068,16-06-2025,HIMALAYAN AUTO ERA PVT LTD,PUNE,PANTNAGAR,TRAIN,203015,04-06-2025,16,474,28,13272,100,0,0,0,0,YES
MCPL/25-26/0068,16-06-2025,HIMALAYAN AUTO ERA PVT LTD,PUNE,PANTNAGAR,TRAIN,203039,10-06-2025,16,474,28,13272,100,0,0,0,0,YES
MCPL/25-26/0067,15-06-2025,STARWAYS PRECISIONS PVT. LTD.,PUNE,STG,AIR,203055,13-06-2025,2Box+1Bag,80,65,5200,100,0,1000,0,0,YES
MCPL/25-26/0067,15-06-2025,STARWAYS PRECISIONS PVT. LTD.,PUNE,STG,AIR,203045,11-06-2025,2,70,65,4550,100,0,1000,0,0,YES
MCPL/25-26/0067,15-06-2025,STARWAYS PRECISIONS PVT. LTD.,PUNE,STG,AIR,203051,12-06-2025,4,95,65,6175,100,500,1000,0,0,YES
MCPL/25-26/0067,15-06-2025,STARWAYS PRECISIONS PVT. LTD.,PUNE,STG,AIR,203041,10-06-2025,2Bag+4Box,105,65,6825,100,0,1000,0,0,YES
MCPL/25-26/0067,15-06-2025,STARWAYS PRECISIONS PVT. LTD.,PUNE,STG,AIR,203032,08-06-2025,3,75,65,4875,100,500,1000,0,0,YES
MCPL/25-26/0067,15-06-2025,STARWAYS PRECISIONS PVT. LTD.,PUNE,STG,AIR,203027,06-06-2025,4,50,65,3250,100,0,1000,0,0,YES
MCPL/25-26/0067,15-06-2025,STARWAYS PRECISIONS PVT. LTD.,PUNE,STG,AIR,203023,05-06-2025,3,80,65,5200,100,500,1000,0,0,YES
MCPL/25-26/0067,15-06-2025,STARWAYS PRECISIONS PVT. LTD.,PUNE,STG,AIR,203020,04-06-2025,4,50,65,3250,100,0,1000,0,0,YES
MCPL/25-26/0067,15-06-2025,STARWAYS PRECISIONS PVT. LTD.,PUNE,STG,AIR,203005,03-06-2025,4,90,65,5850,100,0,1000,0,0,YES
MCPL/25-26/0066,15-06-2025,STARWAYS PRECISIONS PVT. LTD.,PUNE,STG,TRAIN,203061,14-06-2025,19Bag,325,20,6500,100,500,1000,0,0,YES
MCPL/25-26/0066,15-06-2025,STARWAYS PRECISIONS PVT. LTD.,PUNE,STG,TRAIN,203054,13-06-2025,2Box+10Pkt,100,20,2000,100,500,1000,0,0,YES
MCPL/25-26/0066,15-06-2025,STARWAYS PRECISIONS PVT. LTD.,PUNE,STG,TRAIN,203044,11-06-2025,1Bag+2Box,100,20,2000,100,500,1000,0,0,YES
MCPL/25-26/0066,15-06-2025,STARWAYS PRECISIONS PVT. LTD.,PUNE,STG,TRAIN,203040,10-06-2025,7,195,20,3900,100,500,1000,0,0,YES
MCPL/25-26/0066,15-06-2025,STARWAYS PRECISIONS PVT. LTD.,PUNE,STG,TRAIN,203028,06-06-2025,5,100,20,2000,100,500,1000,0,0,YES
MCPL/25-26/0066,15-06-2025,STARWAYS PRECISIONS PVT. LTD.,PUNE,STG,TRAIN,203026,04-06-2025,14,315,20,6300,100,500,1000,0,0,YES
MCPL/25-26/0066,15-06-2025,STARWAYS PRECISIONS PVT. LTD.,PUNE,STG,TRAIN,203004,03-06-2025,4,100,20,2000,100,500,1000,0,0,YES
MCPL/25-26/0065,15-06-2025,U. S. AUTO CONTROLS PVT LTD,PUNE,PANTNAGAR,AIR,203060,14-06-2025,5,70,56,3920,100,0,1000,0,0,YES
MCPL/25-26/0065,15-06-2025,U. S. AUTO CONTROLS PVT LTD,PUNE,PANTNAGAR,AIR,202999,02-06-2025,5,100,56,5600,100,500,1000,0,0,YES
MCPL/25-26/0065,15-06-2025,U. S. AUTO CONTROLS PVT LTD,PUNE,PANTNAGAR,AIR,203003,02-06-2025,1,30,56,1680,100,500,1000,0,0,YES
MCPL/25-26/0065,15-06-2025,U. S. AUTO CONTROLS PVT LTD,PUNE,PANTNAGAR,AIR,203010,02-06-2025,2,35,56,1960,100,0,1000,0,0,YES
MCPL/25-26/0065,15-06-2025,U. S. AUTO CONTROLS PVT LTD,PUNE,PANTNAGAR,AIR,203011,03-06-2025,5,70,56,3920,100,500,1000,0,0,YES
MCPL/25-26/0065,15-06-2025,U. S. AUTO CONTROLS PVT LTD,PUNE,PANTNAGAR,AIR,203012,03-06-2025,1,30,56,1680,100,0,1000,0,0,YES
MCPL/25-26/0065,15-06-2025,U. S. AUTO CONTROLS PVT LTD,PUNE,PANTNAGAR,AIR,203017,04-06-2025,1,30,56,1680,100,500,1000,0,0,YES
MCPL/25-26/0065,15-06-2025,U. S. AUTO CONTROLS PVT LTD,PUNE,PANTNAGAR,AIR,203018,04-06-2025,2,30,56,1680,100,0,1000,0,0,YES
MCPL/25-26/0065,15-06-2025,U. S. AUTO CONTROLS PVT LTD,PUNE,PANTNAGAR,AIR,203021,05-06-2025,2,45,56,2520,100,500,1000,0,0,YES
MCPL/25-26/0065,15-06-2025,U. S. AUTO CONTROLS PVT LTD,PUNE,PANTNAGAR,AIR,203019,04-06-2025,2,35,56,1960,100,0,1000,0,0,YES
MCPL/25-26/0065,15-06-2025,U. S. AUTO CONTROLS PVT LTD,PUNE,PANTNAGAR,AIR,203022,05-06-2025,3,45,56,2520,100,0,1000,0,0,YES
MCPL/25-26/0065,15-06-2025,U. S. AUTO CONTROLS PVT LTD,PUNE,PANTNAGAR,AIR,203029,06-06-2025,2,35,56,1960,100,500,1000,0,0,YES
MCPL/25-26/0065,15-06-2025,U. S. AUTO CONTROLS PVT LTD,PUNE,PANTNAGAR,AIR,203031,07-06-2025,4,60,56,3360,100,500,1000,0,0,YES
MCPL/25-26/0065,15-06-2025,U. S. AUTO CONTROLS PVT LTD,PUNE,PANTNAGAR,AIR,203030,06-06-2025,3,40,56,2240,100,0,1000,0,0,YES
MCPL/25-26/0065,15-06-2025,U. S. AUTO CONTROLS PVT LTD,PUNE,PANTNAGAR,AIR,203033,08-06-2025,1,30,56,1680,100,500,1000,0,0,YES
MCPL/25-26/0065,15-06-2025,U. S. AUTO CONTROLS PVT LTD,PUNE,PANTNAGAR,AIR,203035,09-06-2025,2,45,56,2520,100,500,1000,0,0,YES
MCPL/25-26/0065,15-06-2025,U. S. AUTO CONTROLS PVT LTD,PUNE,PANTNAGAR,AIR,203036,09-06-2025,3,60,56,3360,100,0,1000,0,0,YES
MCPL/25-26/0065,15-06-2025,U. S. AUTO CONTROLS PVT LTD,PUNE,PANTNAGAR,AIR,203046,11-06-2025,2,50,56,2800,100,500,1000,0,0,YES
MCPL/25-26/0065,15-06-2025,U. S. AUTO CONTROLS PVT LTD,PUNE,PANTNAGAR,AIR,203047,11-06-2025,3,60,56,3360,100,0,1000,0,0,YES
MCPL/25-26/0065,15-06-2025,U. S. AUTO CONTROLS PVT LTD,PUNE,PANTNAGAR,AIR,203059,14-06-2025,1,35,56,1960,100,500,1000,0,0,YES
MCPL/25-26/0063,05-06-2025,HIMALAYAN AUTO ERA PVT LTD,PUNE,PANTNAGAR,TRAIN,202998,01-06-2025,16,384,28,10752,100,0,0,0,0,YES
MCPL/25-26/0064,05-06-2025,HIMALAYAN AUTO ERA PVT LTD,SATARA,AURANGABAD,FTL,203002,02-06-2025,2W/B,0,0,9500,100,0,0,0,0,YES
MCPL/25-26/0062,01-06-2025,HIMALAYAN AUTO ERA PVT LTD,PUNE,PANTNAGAR,TRAIN,202995,31-05-2025,16,400,28,11200,100,0,0,0,0,YES
MCPL/25-26/0062,01-06-2025,HIMALAYAN AUTO ERA PVT LTD,PUNE,PANTNAGAR,TRAIN,202984,28-05-2025,11,275,28,7700,100,0,0,0,0,YES
MCPL/25-26/0061,01-06-2025,Shreya Industries - PNQ,PUNE,PANTNAGAR,ROAD,202994,31-05-2025,22,22,375,8250,100,0,0,0,0,YES
MCPL/25-26/0060,01-06-2025,Shreya Industries - PNQ,PUNE,PANTNAGAR,ROAD,202971,26-05-2025,22,22,375,8250,100,0,0,0,0,YES
MCPL/25-26/0060,01-06-2025,Shreya Industries - PNQ,PUNE,PANTNAGAR,ROAD,202945,21-05-2025,22,22,375,8250,100,0,0,0,0,YES
MCPL/25-26/0060,01-06-2025,Shreya Industries - PNQ,PUNE,PANTNAGAR,ROAD,202954,23-05-2025,22,22,375,8250,100,0,0,0,0,YES
MCPL/25-26/0060,01-06-2025,Shreya Industries - PNQ,PUNE,PANTNAGAR,ROAD,202934,19-05-2025,22,22,375,8250,100,0,0,0,0,YES
MCPL/25-26/0059,01-06-2025,Shreya Industries - PNQ,PUNE,PANTNAGAR,AIR,202985,28-05-2025,22,880,60,52800,100,0,4000,0,0,YES
MCPL/25-26/0058,01-06-2025,Shreya Industries - PNQ,PUNE,PANTNAGAR,AIR,202978,27-05-2025,22,880,60,52800,100,0,4000,0,0,YES
MCPL/25-26/0057,01-06-2025,Shreya Industries - PNQ,PUNE,PANTNAGAR,AIR,202918,16-05-2025,40,1600,55,88000,100,0,4000,0,0,YES
MCPL/25-26/0056,01-06-2025,Shreya Industries - PNQ,PUNE,PANTNAGAR,ROAD,202908,14-05-2025,22,22,375,8250,100,0,0,0,0,YES
MCPL/25-26/0056,01-06-2025,Shreya Industries - PNQ,PUNE,PANTNAGAR,ROAD,202899,14-05-2025,26,26,375,9750,100,0,0,0,0,YES
MCPL/25-26/0056,01-06-2025,Shreya Industries - PNQ,PUNE,PANTNAGAR,ROAD,202888,12-05-2025,26,26,375,9750,100,0,0,0,0,YES
MCPL/25-26/0056,01-06-2025,Shreya Industries - PNQ,PUNE,PANTNAGAR,ROAD,202889,12-05-2025,26,26,375,9750,100,0,0,0,0,YES
MCPL/25-26/0056,01-06-2025,Shreya Industries - PNQ,PUNE,PANTNAGAR,ROAD,202871,09-05-2025,22,22,375,8250,100,0,0,0,0,YES
MCPL/25-26/0055,01-06-2025,DALI SAMIR ENGG.PVT LTD-PUNE,PUNE,FBD,TRAIN,202986,28-05-2025,3,100,18,1800,0,1000,1800,0,0,YES
MCPL/25-26/0054,01-06-2025,U. S. AUTO CONTROLS PVT LTD,PUNE,PANTNAGAR,AIR,202989,29-05-2025,4,60,56,3360,100,500,1000,0,0,YES
MCPL/25-26/0054,01-06-2025,U. S. AUTO CONTROLS PVT LTD,PUNE,PANTNAGAR,AIR,202990,29-05-2025,1,30,56,1680,100,0,1000,0,0,YES
MCPL/25-26/0054,01-06-2025,U. S. AUTO CONTROLS PVT LTD,PUNE,PANTNAGAR,AIR,202981,27-05-2025,3,45,56,2520,100,500,1000,0,0,YES
MCPL/25-26/0054,01-06-2025,U. S. AUTO CONTROLS PVT LTD,PUNE,PANTNAGAR,AIR,202982,27-05-2025,2,30,56,1680,100,0,1000,0,0,YES
MCPL/25-26/0054,01-06-2025,U. S. AUTO CONTROLS PVT LTD,PUNE,PANTNAGAR,AIR,202973,25-05-2025,6,65,56,3640,100,500,1000,0,0,YES
MCPL/25-26/0054,01-06-2025,U. S. AUTO CONTROLS PVT LTD,PUNE,PANTNAGAR,AIR,202968,25-05-2025,6,105,56,5880,100,500,1000,0,0,YES
MCPL/25-26/0054,01-06-2025,U. S. AUTO CONTROLS PVT LTD,PUNE,PANTNAGAR,AIR,202965,24-05-2025,2,30,56,1680,100,500,1000,0,0,YES
MCPL/25-26/0054,01-06-2025,U. S. AUTO CONTROLS PVT LTD,PUNE,PANTNAGAR,AIR,202966,24-05-2025,4,65,56,3640,100,0,1000,0,0,YES
MCPL/25-26/0054,01-06-2025,U. S. AUTO CONTROLS PVT LTD,PUNE,PANTNAGAR,AIR,202958,23-05-2025,4,60,56,3360,100,500,1000,0,0,YES
MCPL/25-26/0054,01-06-2025,U. S. AUTO CONTROLS PVT LTD,PUNE,PANTNAGAR,AIR,202950,22-05-2025,2,40,56,2240,100,500,1000,0,0,YES
MCPL/25-26/0054,01-06-2025,U. S. AUTO CONTROLS PVT LTD,PUNE,PANTNAGAR,AIR,202947,21-05-2025,7,95,56,5320,100,500,1000,0,0,YES
MCPL/25-26/0054,01-06-2025,U. S. AUTO CONTROLS PVT LTD,PUNE,PANTNAGAR,AIR,202940,19-05-2025,5,65,56,3640,100,500,1000,0,0,YES
MCPL/25-26/0054,01-06-2025,U. S. AUTO CONTROLS PVT LTD,PUNE,PANTNAGAR,AIR,202938,18-05-2025,2,30,56,1680,100,500,1000,0,0,YES
MCPL/25-26/0054,01-06-2025,U. S. AUTO CONTROLS PVT LTD,PUNE,PANTNAGAR,AIR,202931,17-05-2025,6,70,56,3920,100,500,1000,0,0,YES
MCPL/25-26/0054,01-06-2025,U. S. AUTO CONTROLS PVT LTD,PUNE,PANTNAGAR,AIR,202926,16-05-2025,3,35,56,1960,100,500,1000,0,0,YES
MCPL/25-26/0053,01-06-2025,STARWAYS PRECISIONS PVT. LTD.,PUNE,STG,AIR,202991,30-05-2025,3,70,65,4550,100,500,1000,0,0,YES
MCPL/25-26/0053,01-06-2025,STARWAYS PRECISIONS PVT. LTD.,PUNE,STG,AIR,202987,28-05-2025,2,50,65,3250,100,500,1000,0,0,YES
MCPL/25-26/0053,01-06-2025,STARWAYS PRECISIONS PVT. LTD.,PUNE,STG,AIR,202979,27-05-2025,1,50,65,3250,100,500,1000,0,0,YES
MCPL/25-26/0053,01-06-2025,STARWAYS PRECISIONS PVT. LTD.,PUNE,STG,AIR,202972,26-05-2025,4,65,65,4225,100,500,1000,0,0,YES
MCPL/25-26/0053,01-06-2025,STARWAYS PRECISIONS PVT. LTD.,PUNE,STG,AIR,202964,24-05-2025,4,85,65,5525,100,500,1000,0,0,YES
MCPL/25-26/0053,01-06-2025,STARWAYS PRECISIONS PVT. LTD.,PUNE,STG,AIR,202959,23-05-2025,7,130,65,8450,100,500,1000,0,0,YES
MCPL/25-26/0053,01-06-2025,STARWAYS PRECISIONS PVT. LTD.,PUNE,STG,AIR,202948,21-05-2025,1,50,65,3250,100,500,1000,0,0,YES
MCPL/25-26/0053,01-06-2025,STARWAYS PRECISIONS PVT. LTD.,PUNE,STG,AIR,202944,21-05-2025,4Box+1Bag,130,65,8450,100,500,1000,0,0,YES
MCPL/25-26/0053,01-06-2025,STARWAYS PRECISIONS PVT. LTD.,PUNE,STG,AIR,202937,18-05-2025,8,167,65,10855,100,500,1000,0,0,YES
MCPL/25-26/0053,01-06-2025,STARWAYS PRECISIONS PVT. LTD.,PUNE,STG,AIR,202932,17-05-2025,8,186,65,12090,100,500,1000,0,0,YES
MCPL/25-26/0053,01-06-2025,STARWAYS PRECISIONS PVT. LTD.,PUNE,STG,AIR,202927,16-05-2025,9,180,65,11700,100,500,1000,0,0,YES
MCPL/25-26/0052,01-06-2025,STARWAYS PRECISIONS PVT. LTD.,PUNE,STG,TRAIN,202992,30-05-2025,5,100,20,2000,100,0,1000,0,0,YES
MCPL/25-26/0051,01-06-2025,STARWAYS INDUSTRIES- CHAKAN,PUNE,STG,TRAIN,202969,25-05-2025,35,951,20,19020,100,500,1000,0,0,YES
MCPL/25-26/0051,01-06-2025,STARWAYS INDUSTRIES- CHAKAN,PUNE,STG,TRAIN,202967,25-05-2025,35,951,20,19020,100,500,1000,0,0,YES
MCPL/25-26/0051,01-06-2025,STARWAYS INDUSTRIES- CHAKAN,PUNE,STG,TRAIN,202961,23-05-2025,35,951,20,19020,100,500,1000,0,0,YES
MCPL/25-26/0051,01-06-2025,STARWAYS INDUSTRIES- CHAKAN,PUNE,STG,TRAIN,202953,22-05-2025,40,1038,20,20760,100,500,1000,0,0,YES
MCPL/25-26/0051,01-06-2025,STARWAYS INDUSTRIES- CHAKAN,PUNE,STG,TRAIN,202942,19-05-2025,40,1038,20,20760,100,500,1000,0,0,YES
MCPL/25-26/0051,01-06-2025,STARWAYS INDUSTRIES- CHAKAN,PUNE,STG,TRAIN,202946,21-05-2025,30,864,20,17280,100,500,1000,0,0,YES
MCPL/25-26/0051,01-06-2025,STARWAYS INDUSTRIES- CHAKAN,PUNE,STG,TRAIN,202939,18-05-2025,32,967,20,19340,100,500,1000,0,0,YES
MCPL/25-26/0051,01-06-2025,STARWAYS INDUSTRIES- CHAKAN,PUNE,STG,TRAIN,202928,16-05-2025,43,1124,20,22480,100,500,1000,0,0,YES
MCPL/25-26/0051,01-06-2025,STARWAYS INDUSTRIES- CHAKAN,PUNE,STG,TRAIN,202936,17-05-2025,43,1124,20,22480,100,500,1000,0,0,YES
MCPL/25-26/0050,01-06-2025,PRECIFAST PRIVATE LIMITED,PUNE,PANTNAGAR,TRAIN,202980,27-05-2025,23,185,20,3700,100,500,1500,0,0,YES
MCPL/25-26/0050,01-06-2025,PRECIFAST PRIVATE LIMITED,PUNE,PANTNAGAR,TRAIN,202957,23-05-2025,25,300,20,6000,100,500,1500,0,0,YES
MCPL/25-26/0050,01-06-2025,PRECIFAST PRIVATE LIMITED,PUNE,PANTNAGAR,TRAIN,202952,22-05-2025,18,220,20,4400,100,500,1500,0,0,YES
MCPL/25-26/0050,01-06-2025,PRECIFAST PRIVATE LIMITED,PUNE,PANTNAGAR,TRAIN,202951,21-05-2025,20,240,20,4800,100,500,1500,0,0,YES
MCPL/25-26/0050,01-06-2025,PRECIFAST PRIVATE LIMITED,PUNE,PANTNAGAR,TRAIN,202943,20-05-2025,30,360,20,7200,100,500,1500,0,0,YES
MCPL/25-26/0050,01-06-2025,PRECIFAST PRIVATE LIMITED,PUNE,PANTNAGAR,TRAIN,202929,16-05-2025,22,198,20,3960,100,500,1500,0,0,YES
MCPL/25-26/0049,01-06-2025,ASHA INDUSTRIES,AURANGABAD,PANTNAGAR,AIR,202993,30-05-2025,3,90,62,5580,100,2500,1000,0,0,YES
MCPL/25-26/0049,01-06-2025,ASHA INDUSTRIES,AURANGABAD,PANTNAGAR,AIR,202988,28-05-2025,2,60,62,3720,100,2500,1000,0,0,YES
MCPL/25-26/0049,01-06-2025,ASHA INDUSTRIES,AURANGABAD,PANTNAGAR,AIR,202983,27-05-2025,1,50,62,3100,100,2500,1000,0,0,YES
MCPL/25-26/0049,01-06-2025,ASHA INDUSTRIES,AURANGABAD,PANTNAGAR,AIR,202970,25-05-2025,2,66,62,4092,100,2500,1000,0,0,YES
MCPL/25-26/0049,01-06-2025,ASHA INDUSTRIES,AURANGABAD,PANTNAGAR,AIR,202960,23-05-2025,2,60,62,3720,100,2500,1000,0,0,YES
MCPL/25-26/0049,01-06-2025,ASHA INDUSTRIES,AURANGABAD,PANTNAGAR,AIR,202949,21-05-2025,3,90,62,5580,100,2500,1000,0,0,YES
MCPL/25-26/0049,01-06-2025,ASHA INDUSTRIES,AURANGABAD,PANTNAGAR,AIR,202941,19-05-2025,2,50,62,3100,100,2500,1000,0,0,YES
MCPL/25-26/0049,01-06-2025,ASHA INDUSTRIES,AURANGABAD,PANTNAGAR,AIR,202930,16-05-2025,2,60,62,3720,100,2500,1000,0,0,YES
MCPL/25-26/0048,31-05-2025,CJ DARCL LOGISTICS LIMITED,DELHI,PANTNAGAR,ROAD,202975,23-05-2025,3,0,0,0,0,0,0,0,0,YES
MCPL/25-26/0048,31-05-2025,CJ DARCL LOGISTICS LIMITED,DELHI,PANTNAGAR,ROAD,202976,24-05-2025,3,0,0,0,0,0,0,0,0,YES
MCPL/25-26/0048,31-05-2025,CJ DARCL LOGISTICS LIMITED,DELHI,PANTNAGAR,ROAD,202974,23-05-2025,5,0,0,7300,0,0,0,0,0,YES
MCPL/25-26/0048,31-05-2025,CJ DARCL LOGISTICS LIMITED,DELHI,PANTNAGAR,ROAD,202935,18-05-2025,8,0,0,2600,0,0,0,0,0,YES
MCPL/25-26/0048,31-05-2025,CJ DARCL LOGISTICS LIMITED,DELHI,PANTNAGAR,ROAD,202925,15-05-2025,3,0,0,2300,0,0,0,0,0,YES
MCPL/25-26/0048,31-05-2025,CJ DARCL LOGISTICS LIMITED,DELHI,PANTNAGAR,ROAD,202910,13-05-2025,5,0,0,2300,0,0,0,0,0,YES
MCPL/25-26/0048,31-05-2025,CJ DARCL LOGISTICS LIMITED,DELHI,PANTNAGAR,ROAD,202873,09-05-2025,2,0,0,2300,0,0,0,0,0,YES
MCPL/25-26/0048,31-05-2025,CJ DARCL LOGISTICS LIMITED,DELHI,PANTNAGAR,ROAD,202872,09-05-2025,5,0,0,2300,0,0,0,0,0,YES
MCPL/25-26/0048,31-05-2025,CJ DARCL LOGISTICS LIMITED,DELHI,PANTNAGAR,ROAD,202849,03-05-2025,8,0,0,2600,0,0,0,0,0,YES
MCPL/25-26/0047,15-05-2025,UNITY INDUSTRY- PNQ,PUNE,PANTNAGAR,AIR,202842,05-05-2025,2,30,65,1950,100,800,1500,0,0,YES
MCPL/25-26/0046,15-05-2025,STARWAYS INDUSTRIES (SI),SITARGANJ,AURANGABAD,TRAIN,202853,07-05-2025,53,1170,20,23400,100,3500,1500,0,0,YES
MCPL/25-26/0045,15-05-2025,STARWAYS INDUSTRIES (SI),SITARGANJ,AURANGABAD,AIR,202852,07-05-2025,13,293,75,21975,100,3500,1500,0,0,YES
MCPL/25-26/0044,15-05-2025,HIMALAYAN AUTO ERA PVT LTD,PANTNAGAR,PUNE,FTL,202901,14-05-2025,LOOSE,0,0,40000,100,0,0,0,0,YES
MCPL/25-26/0043,15-05-2025,STARWAYS PRECISIONS PVT. LTD.,PUNE,STG,AIR,202825,02-05-2025,6,50,65,3250,100,500,1000,0,0,YES
MCPL/25-26/0043,15-05-2025,STARWAYS PRECISIONS PVT. LTD.,PUNE,STG,AIR,202826,02-05-2025,15,313,65,20345,100,500,1000,0,0,YES
MCPL/25-26/0043,15-05-2025,STARWAYS PRECISIONS PVT. LTD.,PUNE,STG,AIR,202832,03-05-2025,8,149,65,9685,100,500,1000,0,0,YES
MCPL/25-26/0043,15-05-2025,STARWAYS PRECISIONS PVT. LTD.,PUNE,STG,AIR,202843,05-05-2025,4,50,65,3250,100,500,1000,0,0,YES
MCPL/25-26/0043,15-05-2025,STARWAYS PRECISIONS PVT. LTD.,PUNE,STG,AIR,202833,03-05-2025,2,50,65,3250,100,500,1000,0,0,YES
MCPL/25-26/0043,15-05-2025,STARWAYS PRECISIONS PVT. LTD.,PUNE,STG,AIR,202844,05-05-2025,13,204,65,13260,100,500,1000,0,0,YES
MCPL/25-26/0043,15-05-2025,STARWAYS PRECISIONS PVT. LTD.,PUNE,STG,AIR,202854,06-05-2025,11,226,65,14690,100,500,1000,0,0,YES
MCPL/25-26/0043,15-05-2025,STARWAYS PRECISIONS PVT. LTD.,PUNE,STG,AIR,202859,07-05-2025,8box+1bag,203,65,13195,100,500,1000,0,0,YES
MCPL/25-26/0043,15-05-2025,STARWAYS PRECISIONS PVT. LTD.,PUNE,STG,AIR,202874,09-05-2025,7,203,65,13195,100,500,1000,0,0,YES
MCPL/25-26/0043,15-05-2025,STARWAYS PRECISIONS PVT. LTD.,PUNE,STG,AIR,202869,08-05-2025,31,165,65,10725,100,500,1000,0,0,YES
MCPL/25-26/0043,15-05-2025,STARWAYS PRECISIONS PVT. LTD.,PUNE,STG,AIR,202882,10-05-2025,1,50,65,3250,100,500,1000,0,0,YES
MCPL/25-26/0043,15-05-2025,STARWAYS PRECISIONS PVT. LTD.,PUNE,STG,AIR,202883,10-05-2025,10,151,65,9815,100,500,1000,0,0,YES
MCPL/25-26/0043,15-05-2025,STARWAYS PRECISIONS PVT. LTD.,PUNE,STG,AIR,202886,11-05-2025,7,75,65,4875,100,500,1000,0,0,YES
MCPL/25-26/0043,15-05-2025,STARWAYS PRECISIONS PVT. LTD.,PUNE,STG,AIR,202890,12-05-2025,5BOX+31BAG,120,65,7800,100,500,1000,0,0,YES
MCPL/25-26/0043,15-05-2025,STARWAYS PRECISIONS PVT. LTD.,PUNE,STG,AIR,202924,15-05-2025,11,205,65,13325,100,500,1000,0,0,YES
MCPL/25-26/0043,15-05-2025,STARWAYS PRECISIONS PVT. LTD.,PUNE,STG,AIR,202904,14-05-2025,10,135,65,8775,100,500,1000,0,0,YES
MCPL/25-26/0042,15-05-2025,STARWAYS PRECISIONS PVT. LTD.,PUNE,STG,TRAIN,202903,14-05-2025,20,100,20,2000,100,500,1000,0,0,YES
MCPL/25-26/0042,15-05-2025,STARWAYS PRECISIONS PVT. LTD.,PUNE,STG,TRAIN,202868,08-05-2025,31,655,20,13100,100,500,1000,0,0,YES
MCPL/25-26/0042,15-05-2025,STARWAYS PRECISIONS PVT. LTD.,PUNE,STG,TRAIN,202858,07-05-2025,20,360,20,7200,100,500,1000,0,0,YES
MCPL/25-26/0041,15-05-2025,STARWAYS INDUSTRIES- CHAKAN,PUNE,STG,TRAIN,202907,14-05-2025,41,1055,20,21100,100,500,1000,0,0,YES
MCPL/25-26/0041,15-05-2025,STARWAYS INDUSTRIES- CHAKAN,PUNE,STG,TRAIN,202897,13-05-2025,41,1055,20,21100,100,500,1000,0,0,YES
MCPL/25-26/0041,15-05-2025,STARWAYS INDUSTRIES- CHAKAN,PUNE,STG,TRAIN,202851,06-05-2025,40,1038,20,20760,100,500,1000,0,0,YES
MCPL/25-26/0041,15-05-2025,STARWAYS INDUSTRIES- CHAKAN,PUNE,STG,TRAIN,202862,07-05-2025,35,951,20,19020,100,500,1000,0,0,YES
MCPL/25-26/0041,15-05-2025,STARWAYS INDUSTRIES- CHAKAN,PUNE,STG,TRAIN,202867,08-05-2025,11,185,20,3700,100,500,1000,0,0,YES
MCPL/25-26/0041,15-05-2025,STARWAYS INDUSTRIES- CHAKAN,PUNE,STG,TRAIN,202875,09-05-2025,30,760,20,15200,100,500,1000,0,0,YES
MCPL/25-26/0041,15-05-2025,STARWAYS INDUSTRIES- CHAKAN,PUNE,STG,TRAIN,202881,10-05-2025,40,1040,20,20800,100,500,1000,0,0,YES
MCPL/25-26/0041,15-05-2025,STARWAYS INDUSTRIES- CHAKAN,PUNE,STG,TRAIN,202887,11-05-2025,40,1040,20,20800,100,500,1000,0,0,YES
MCPL/25-26/0041,15-05-2025,STARWAYS INDUSTRIES- CHAKAN,PUNE,STG,TRAIN,202894,12-05-2025,41,1055,20,21100,100,500,1000,0,0,YES
MCPL/25-26/0040,15-05-2025,PRECIFAST PRIVATE LIMITED,PUNE,PANTNAGAR,TRAIN,202831,03-05-2025,6,100,20,2000,100,500,1500,0,0,YES
MCPL/25-26/0040,15-05-2025,PRECIFAST PRIVATE LIMITED,PUNE,PANTNAGAR,TRAIN,202847,05-05-2025,8,100,20,2000,100,500,1500,0,0,YES
MCPL/25-26/0040,15-05-2025,PRECIFAST PRIVATE LIMITED,PUNE,PANTNAGAR,TRAIN,202848,05-05-2025,25,200,20,4000,100,500,1500,0,0,YES
MCPL/25-26/0040,15-05-2025,PRECIFAST PRIVATE LIMITED,PUNE,PANTNAGAR,TRAIN,202898,13-05-2025,10,120,20,2400,100,500,1500,0,0,YES
MCPL/25-26/0040,15-05-2025,PRECIFAST PRIVATE LIMITED,PUNE,PANTNAGAR,TRAIN,202902,14-05-2025,21,168,20,3360,100,500,1500,0,0,YES
MCPL/25-26/0039,15-05-2025,PRECIFAST PRIVATE LIMITED,PUNE,PANTNAGAR,AIR,202823,02-05-2025,10,120,75,9000,100,500,1500,0,0,YES
MCPL/25-26/0039,15-05-2025,PRECIFAST PRIVATE LIMITED,PUNE,PANTNAGAR,AIR,202824,02-05-2025,4,50,75,3750,100,500,1500,0,0,YES
MCPL/25-26/0039,15-05-2025,PRECIFAST PRIVATE LIMITED,PUNE,PANTNAGAR,AIR,202878,10-05-2025,5,50,75,3750,100,500,1500,0,0,YES
MCPL/25-26/0038,15-05-2025,ASHA INDUSTRIES,AURANGABAD,PANTNAGAR,AIR,202923,14-05-2025,1,50,62,3100,100,2500,1000,0,0,YES
MCPL/25-26/0038,15-05-2025,ASHA INDUSTRIES,AURANGABAD,PANTNAGAR,AIR,202922,15-05-2025,2,70,62,4340,100,2500,1000,0,0,YES
MCPL/25-26/0038,15-05-2025,ASHA INDUSTRIES,AURANGABAD,PANTNAGAR,AIR,202891,12-05-2025,2,80,62,4960,100,2500,1000,0,0,YES
MCPL/25-26/0038,15-05-2025,ASHA INDUSTRIES,AURANGABAD,PANTNAGAR,AIR,202864,08-05-2025,2,60,62,3720,100,2500,1000,0,0,YES
MCPL/25-26/0038,15-05-2025,ASHA INDUSTRIES,AURANGABAD,PANTNAGAR,AIR,202820,01-05-2025,2,60,62,3720,100,2500,1000,0,0,YES
MCPL/25-26/0038,15-05-2025,ASHA INDUSTRIES,AURANGABAD,PANTNAGAR,AIR,202835,03-05-2025,2,60,62,3720,100,2500,1000,0,0,YES
MCPL/25-26/0037,15-05-2025,ASHA INDUSTRIES,AURANGABAD,PANTNAGAR,TRAIN,202841,05-05-2025,2,100,18,1800,100,1000,1000,0,0,YES
MCPL/25-26/0036,15-05-2025,U. S. AUTO CONTROLS PVT LTD,PUNE,PANTNAGAR,ROAD,202900,14-05-2025,41,1980,6.5,12870,100,2000,1500,0,0,YES
MCPL/25-26/0037,15-05-2025,ASHA INDUSTRIES,AURANGABAD,PANTNAGAR,TRAIN,202834,03-05-2025,2,100,18,1800,100,1000,1000,0,0,YES
MCPL/25-26/0035,15-05-2025,U. S. AUTO CONTROLS PVT LTD,PUNE,PANTNAGAR,AIR,202921,15-05-2025,4,60,56,3360,100,0,1000,0,0,YES
MCPL/25-26/0035,15-05-2025,U. S. AUTO CONTROLS PVT LTD,PUNE,PANTNAGAR,AIR,202821,01-05-2025,4,35,56,1960,100,500,1000,0,0,YES
MCPL/25-26/0035,15-05-2025,U. S. AUTO CONTROLS PVT LTD,PUNE,PANTNAGAR,AIR,202920,15-05-2025,2,30,56,1680,100,500,1000,0,0,YES
MCPL/25-26/0035,15-05-2025,U. S. AUTO CONTROLS PVT LTD,PUNE,PANTNAGAR,AIR,202822,01-05-2025,4,65,56,3640,100,0,1000,0,0,YES
MCPL/25-26/0035,15-05-2025,U. S. AUTO CONTROLS PVT LTD,PUNE,PANTNAGAR,AIR,202828,02-05-2025,2,30,56,1680,100,0,1000,0,0,YES
MCPL/25-26/0035,15-05-2025,U. S. AUTO CONTROLS PVT LTD,PUNE,PANTNAGAR,AIR,202827,02-05-2025,1,30,56,1680,100,500,1000,0,0,YES
MCPL/25-26/0035,15-05-2025,U. S. AUTO CONTROLS PVT LTD,PUNE,PANTNAGAR,AIR,202829,03-05-2025,2,30,56,1680,100,500,1000,0,0,YES
MCPL/25-26/0035,15-05-2025,U. S. AUTO CONTROLS PVT LTD,PUNE,PANTNAGAR,AIR,202830,03-05-2025,5,60,56,3360,100,0,1000,0,0,YES
MCPL/25-26/0035,15-05-2025,U. S. AUTO CONTROLS PVT LTD,PUNE,PANTNAGAR,AIR,202839,04-05-2025,2,30,56,1680,100,0,1000,0,0,YES
MCPL/25-26/0035,15-05-2025,U. S. AUTO CONTROLS PVT LTD,PUNE,PANTNAGAR,AIR,202838,04-05-2025,5,65,56,3640,100,500,1000,0,0,YES
MCPL/25-26/0035,15-05-2025,U. S. AUTO CONTROLS PVT LTD,PUNE,PANTNAGAR,AIR,202840,04-05-2025,2,40,56,2240,100,500,1000,0,0,YES
MCPL/25-26/0035,15-05-2025,U. S. AUTO CONTROLS PVT LTD,PUNE,PANTNAGAR,AIR,202845,05-05-2025,2,30,56,1680,100,500,1000,0,0,YES
MCPL/25-26/0035,15-05-2025,U. S. AUTO CONTROLS PVT LTD,PUNE,PANTNAGAR,AIR,202855,06-05-2025,6,85,56,4760,100,500,1000,0,0,YES
MCPL/25-26/0035,15-05-2025,U. S. AUTO CONTROLS PVT LTD,PUNE,PANTNAGAR,AIR,202846,05-05-2025,3,70,56,3920,100,0,1000,0,0,YES
MCPL/25-26/0035,15-05-2025,U. S. AUTO CONTROLS PVT LTD,PUNE,PANTNAGAR,AIR,202856,06-05-2025,2,30,56,1680,100,0,1000,0,0,YES
MCPL/25-26/0035,15-05-2025,U. S. AUTO CONTROLS PVT LTD,PUNE,PANTNAGAR,AIR,202860,07-05-2025,3,75,56,4200,100,500,1000,0,0,YES
MCPL/25-26/0035,15-05-2025,U. S. AUTO CONTROLS PVT LTD,PUNE,PANTNAGAR,AIR,202861,07-05-2025,2,30,56,1680,100,0,1000,0,0,YES
MCPL/25-26/0035,15-05-2025,U. S. AUTO CONTROLS PVT LTD,PUNE,PANTNAGAR,AIR,202865,08-05-2025,2,30,56,1680,100,500,1000,0,0,YES
MCPL/25-26/0035,15-05-2025,U. S. AUTO CONTROLS PVT LTD,PUNE,PANTNAGAR,AIR,202866,08-05-2025,4,35,56,1960,100,0,1000,0,0,YES
MCPL/25-26/0035,15-05-2025,U. S. AUTO CONTROLS PVT LTD,PUNE,PANTNAGAR,AIR,202876,09-05-2025,2,30,56,1680,100,500,1000,0,0,YES
MCPL/25-26/0035,15-05-2025,U. S. AUTO CONTROLS PVT LTD,PUNE,PANTNAGAR,AIR,202877,09-05-2025,1,30,56,1680,100,0,1000,0,0,YES
MCPL/25-26/0035,15-05-2025,U. S. AUTO CONTROLS PVT LTD,PUNE,PANTNAGAR,AIR,202879,10-05-2025,5,80,56,4480,100,500,1000,0,0,YES
MCPL/25-26/0035,15-05-2025,U. S. AUTO CONTROLS PVT LTD,PUNE,PANTNAGAR,AIR,202880,10-05-2025,2,30,56,1680,100,0,1000,0,0,YES
MCPL/25-26/0035,15-05-2025,U. S. AUTO CONTROLS PVT LTD,PUNE,PANTNAGAR,AIR,202884,11-05-2025,2,30,56,1680,100,500,1000,0,0,YES
MCPL/25-26/0035,15-05-2025,U. S. AUTO CONTROLS PVT LTD,PUNE,PANTNAGAR,AIR,202885,11-05-2025,3,75,56,4200,100,0,1000,0,0,YES
MCPL/25-26/0035,15-05-2025,U. S. AUTO CONTROLS PVT LTD,PUNE,PANTNAGAR,AIR,202893,12-05-2025,2,30,56,1680,100,0,1000,0,0,YES
MCPL/25-26/0035,15-05-2025,U. S. AUTO CONTROLS PVT LTD,PUNE,PANTNAGAR,AIR,202892,12-05-2025,3,35,56,1960,100,500,1000,0,0,YES
MCPL/25-26/0035,15-05-2025,U. S. AUTO CONTROLS PVT LTD,PUNE,PANTNAGAR,AIR,202895,13-05-2025,2,30,56,1680,100,500,1000,0,0,YES
MCPL/25-26/0035,15-05-2025,U. S. AUTO CONTROLS PVT LTD,PUNE,PANTNAGAR,AIR,202905,14-05-2025,2,30,56,1680,100,500,1000,0,0,YES
MCPL/25-26/0035,15-05-2025,U. S. AUTO CONTROLS PVT LTD,PUNE,PANTNAGAR,AIR,202896,13-05-2025,2,30,56,1680,100,0,1000,0,0,YES
MCPL/25-26/0035,15-05-2025,U. S. AUTO CONTROLS PVT LTD,PUNE,PANTNAGAR,AIR,202906,14-05-2025,2,30,56,1680,100,0,1000,0,0,YES
MCPL/25-26/0034,10-05-2025,Shreya Industries - PNQ,PUNE,PANTNAGAR,AIR,202870,09-05-2025,26,1040,60,62400,100,0,4000,0,0,YES
MCPL/25-26/0033,08-05-2025,HIMALAYAN AUTO ERA PVT LTD,PUNE,PANTNAGAR,TRAIN,202837,05-05-2025,30,450,28,12600,100,0,0,0,0,YES
MCPL/25-26/0032,08-05-2025,Shreya Industries - PNQ,PUNE,PANTNAGAR,AIR,202857,07-05-2025,20,800,60,48000,100,0,4000,0,0,YES
MCPL/25-26/0031,08-05-2025,Shreya Industries - PNQ,PUNE,PANTNAGAR,AIR,202836,05-05-2025,26,1040,60,62400,100,0,4000,0,0,YES
MCPL/25-26/0030,01-05-2025,DALI SAMIR ENGG.PVT LTD-PUNE,PANTNAGAR,UMBERGAON,ROAD,202850,19-04-2025,1,36,0,2200,0,0,0,0,0,YES
MCPL/25-26/0029,01-05-2025,U. S. AUTO CONTROLS PVT LTD,PUNE,PANTNAGAR,ROAD,202804,28-04-2025,22,1150,6.5,7475,100,0,1500,0,0,YES
MCPL/25-26/0028,01-05-2025,PRECIFAST PRIVATE LIMITED,PUNE,PANTNAGAR,TRAIN,202636,08-04-2025,20,160,20,3200,100,500,1500,0,0,YES
MCPL/25-26/0027,01-05-2025,PRECIFAST PRIVATE LIMITED,PUNE,PANTNAGAR,AIR,202805,28-04-2025,5,60,75,4500,100,500,1500,0,0,YES
MCPL/25-26/0027,01-05-2025,PRECIFAST PRIVATE LIMITED,PUNE,PANTNAGAR,AIR,202817,30-04-2025,5,60,75,4500,100,500,1500,0,0,YES
MCPL/25-26/0026,01-05-2025,STARWAYS INDUSTRIES- CHAKAN,PUNE,STG,TRAIN,202759,20-04-2025,14,483,20,9660,100,500,1000,0,0,YES
MCPL/25-26/0025,01-05-2025,STARWAYS PRECISIONS PVT. LTD.,PUNE,STG,TRAIN,202797,27-04-2025,36,648,20,12960,100,500,1000,0,0,YES
MCPL/25-26/0025,01-05-2025,STARWAYS PRECISIONS PVT. LTD.,PUNE,STG,TRAIN,202790,25-04-2025,5,120,20,2400,100,500,1000,0,0,YES
MCPL/25-26/0025,01-05-2025,STARWAYS PRECISIONS PVT. LTD.,PUNE,STG,TRAIN,202774,23-04-2025,31,684,20,13680,100,500,1000,0,0,YES
MCPL/25-26/0025,01-05-2025,STARWAYS PRECISIONS PVT. LTD.,PUNE,STG,TRAIN,202753,20-04-2025,25,676,20,13520,100,500,1000,0,0,YES
MCPL/25-26/0024,01-05-2025,STARWAYS PRECISIONS PVT. LTD.,PUNE,STG,AIR,202816,30-04-2025,1,16,65,1040,100,500,1000,0,0,YES
MCPL/25-26/0024,01-05-2025,STARWAYS PRECISIONS PVT. LTD.,PUNE,STG,AIR,202815,30-04-2025,6,138,65,8970,100,500,1000,0,0,YES
MCPL/25-26/0024,01-05-2025,STARWAYS PRECISIONS PVT. LTD.,PUNE,STG,AIR,202810,29-04-2025,13,210,65,13650,100,500,0,3250,0,YES
MCPL/25-26/0024,01-05-2025,STARWAYS PRECISIONS PVT. LTD.,PUNE,STG,AIR,202809,28-04-2025,8,192,65,12480,100,500,1000,0,0,YES
MCPL/25-26/0024,01-05-2025,STARWAYS PRECISIONS PVT. LTD.,PUNE,STG,AIR,202799,27-04-2025,4,80,65,5200,100,500,1000,0,0,YES
MCPL/25-26/0024,01-05-2025,STARWAYS PRECISIONS PVT. LTD.,PUNE,STG,AIR,202798,27-04-2025,1,50,65,3250,100,500,1000,0,0,YES
MCPL/25-26/0024,01-05-2025,STARWAYS PRECISIONS PVT. LTD.,PUNE,STG,AIR,202793,26-04-2025,23,161,65,10465,100,500,1000,0,0,YES
MCPL/25-26/0024,01-05-2025,STARWAYS PRECISIONS PVT. LTD.,PUNE,STG,AIR,202785,25-04-2025,13,208,65,13520,100,500,1000,0,0,YES
MCPL/25-26/0024,01-05-2025,STARWAYS PRECISIONS PVT. LTD.,PUNE,STG,AIR,202779,24-04-2025,9,230,65,14950,100,500,1000,0,0,YES
MCPL/25-26/0024,01-05-2025,STARWAYS PRECISIONS PVT. LTD.,PUNE,STG,AIR,202778,24-04-2025,4,50,65,3250,100,500,1000,0,0,YES
MCPL/25-26/0024,01-05-2025,STARWAYS PRECISIONS PVT. LTD.,PUNE,STG,AIR,202773,23-04-2025,7,168,65,10920,100,500,1000,0,0,YES
MCPL/25-26/0024,01-05-2025,STARWAYS PRECISIONS PVT. LTD.,PUNE,STG,AIR,202768,22-04-2025,11,202,65,13130,100,500,1000,0,0,YES
MCPL/25-26/0024,01-05-2025,STARWAYS PRECISIONS PVT. LTD.,PUNE,STG,AIR,202764,22-04-2025,1,50,65,3250,100,500,1000,0,0,YES
MCPL/25-26/0024,01-05-2025,STARWAYS PRECISIONS PVT. LTD.,PUNE,STG,AIR,202758,21-04-2025,7,161,65,10465,100,500,1000,0,0,YES
MCPL/25-26/0024,01-05-2025,STARWAYS PRECISIONS PVT. LTD.,PUNE,STG,AIR,202752,20-04-2025,4,66,65,4290,100,500,1000,0,0,YES
MCPL/25-26/0024,01-05-2025,STARWAYS PRECISIONS PVT. LTD.,PUNE,STG,AIR,202748,19-04-2025,5,110,65,7150,100,500,1000,0,0,YES
MCPL/25-26/0024,01-05-2025,STARWAYS PRECISIONS PVT. LTD.,PUNE,STG,AIR,202743,18-04-2025,14,285,65,18525,100,500,1000,0,0,YES
MCPL/25-26/0024,01-05-2025,STARWAYS PRECISIONS PVT. LTD.,PUNE,STG,AIR,202739,17-04-2025,18,215,65,13975,100,500,1000,0,0,YES
MCPL/25-26/0024,01-05-2025,STARWAYS PRECISIONS PVT. LTD.,PUNE,STG,AIR,202668,16-04-2025,8,160,65,10400,100,500,1000,0,0,YES
MCPL/25-26/0024,01-05-2025,STARWAYS PRECISIONS PVT. LTD.,PUNE,STG,AIR,202660,14-04-2025,10,210,65,13650,100,500,1000,0,0,YES
MCPL/25-26/0024,01-05-2025,STARWAYS PRECISIONS PVT. LTD.,PUNE,STG,AIR,202657,14-04-2025,12,242,65,15730,100,500,1000,0,0,YES
MCPL/25-26/0024,01-05-2025,STARWAYS PRECISIONS PVT. LTD.,PUNE,STG,AIR,202653,12-04-2025,9,174,65,11310,100,500,1000,0,0,YES
MCPL/25-26/0024,01-05-2025,STARWAYS PRECISIONS PVT. LTD.,PUNE,STG,AIR,202645,11-04-2025,6,225,65,14625,100,500,1000,0,0,YES
MCPL/25-26/0024,01-05-2025,STARWAYS PRECISIONS PVT. LTD.,PUNE,STG,AIR,202638,09-04-2025,9,200,65,13000,100,500,1000,0,0,YES
MCPL/25-26/0024,01-05-2025,STARWAYS PRECISIONS PVT. LTD.,PUNE,STG,AIR,202637,08-04-2025,10,201,65,13065,100,500,1000,0,0,YES
MCPL/25-26/0023,01-05-2025,UNITY INDUSTRY- PNQ,PUNE,PANTNAGAR,AIR,202772,23-04-2025,1,30,65,1950,100,800,1500,0,0,YES
MCPL/25-26/0023,01-05-2025,UNITY INDUSTRY- PNQ,PUNE,PANTNAGAR,AIR,202796,27-04-2025,1,30,65,1950,100,800,1500,0,0,YES
MCPL/25-26/0022,01-05-2025,U. S. AUTO CONTROLS PVT LTD,PUNE,PANTNAGAR,AIR,202819,30-04-2025,2,30,56,1680,100,500,1000,0,0,YES
MCPL/25-26/0022,01-05-2025,U. S. AUTO CONTROLS PVT LTD,PUNE,PANTNAGAR,AIR,202818,30-04-2025,2,30,56,1680,100,500,0,6500,0,YES
MCPL/25-26/0022,01-05-2025,U. S. AUTO CONTROLS PVT LTD,PUNE,PANTNAGAR,AIR,202813,29-04-2025,4,54,56,3024,100,500,1000,0,0,YES
MCPL/25-26/0022,01-05-2025,U. S. AUTO CONTROLS PVT LTD,PUNE,PANTNAGAR,AIR,202808,28-04-2025,5,70,56,3920,100,0,1000,0,0,YES
MCPL/25-26/0022,01-05-2025,U. S. AUTO CONTROLS PVT LTD,PUNE,PANTNAGAR,AIR,202807,28-04-2025,2,30,56,1680,100,500,1000,0,0,YES
MCPL/25-26/0022,01-05-2025,U. S. AUTO CONTROLS PVT LTD,PUNE,PANTNAGAR,AIR,202802,27-04-2025,5,65,56,3640,100,0,1000,0,0,YES
MCPL/25-26/0022,01-05-2025,U. S. AUTO CONTROLS PVT LTD,PUNE,PANTNAGAR,AIR,202801,27-04-2025,1,30,56,1680,100,0,1000,0,0,YES
MCPL/25-26/0022,01-05-2025,U. S. AUTO CONTROLS PVT LTD,PUNE,PANTNAGAR,AIR,202800,27-04-2025,2,30,56,1680,100,500,1000,0,0,YES
MCPL/25-26/0022,01-05-2025,U. S. AUTO CONTROLS PVT LTD,PUNE,PANTNAGAR,AIR,202795,26-04-2025,3,55,56,3080,100,0,1000,0,0,YES
MCPL/25-26/0022,01-05-2025,U. S. AUTO CONTROLS PVT LTD,PUNE,PANTNAGAR,AIR,202794,26-04-2025,2,30,56,1680,100,500,1000,0,0,YES
MCPL/25-26/0022,01-05-2025,U. S. AUTO CONTROLS PVT LTD,PUNE,PANTNAGAR,AIR,202789,24-04-2025,2,30,56,1680,100,0,1000,0,0,YES
MCPL/25-26/0022,01-05-2025,U. S. AUTO CONTROLS PVT LTD,PUNE,PANTNAGAR,AIR,202788,24-04-2025,2,30,56,1680,100,500,1000,0,0,YES
MCPL/25-26/0022,01-05-2025,U. S. AUTO CONTROLS PVT LTD,PUNE,PANTNAGAR,AIR,202787,25-04-2025,2,30,56,1680,100,0,1000,0,0,YES
MCPL/25-26/0022,01-05-2025,U. S. AUTO CONTROLS PVT LTD,PUNE,PANTNAGAR,AIR,202786,25-04-2025,2,30,56,1680,100,500,1000,0,0,YES
MCPL/25-26/0022,01-05-2025,U. S. AUTO CONTROLS PVT LTD,PUNE,PANTNAGAR,AIR,202776,23-04-2025,3,46,56,2576,100,500,1000,0,0,YES
MCPL/25-26/0022,01-05-2025,U. S. AUTO CONTROLS PVT LTD,PUNE,PANTNAGAR,AIR,202775,23-04-2025,2,30,56,1680,100,0,1000,0,0,YES
MCPL/25-26/0022,01-05-2025,U. S. AUTO CONTROLS PVT LTD,PUNE,PANTNAGAR,AIR,202769,23-04-2025,3,30,56,1680,100,500,1000,0,0,YES
MCPL/25-26/0022,01-05-2025,U. S. AUTO CONTROLS PVT LTD,PUNE,PANTNAGAR,AIR,202767,22-04-2025,1,30,56,1680,100,0,1000,0,0,YES
MCPL/25-26/0022,01-05-2025,U. S. AUTO CONTROLS PVT LTD,PUNE,PANTNAGAR,AIR,202766,22-04-2025,2,40,56,2240,100,500,1000,0,0,YES
MCPL/25-26/0022,01-05-2025,U. S. AUTO CONTROLS PVT LTD,PUNE,PANTNAGAR,AIR,202765,22-04-2025,4,40,56,2240,100,500,0,6500,0,YES
MCPL/25-26/0022,01-05-2025,U. S. AUTO CONTROLS PVT LTD,PUNE,PANTNAGAR,AIR,202762,21-04-2025,3,30,56,1680,100,0,1000,0,0,YES
MCPL/25-26/0022,01-05-2025,U. S. AUTO CONTROLS PVT LTD,PUNE,PANTNAGAR,AIR,202761,21-04-2025,2,30,56,1680,100,0,1000,0,0,YES
MCPL/25-26/0022,01-05-2025,U. S. AUTO CONTROLS PVT LTD,PUNE,PANTNAGAR,AIR,202760,21-04-2025,5,140,56,7840,100,500,1000,0,0,YES
MCPL/25-26/0022,01-05-2025,U. S. AUTO CONTROLS PVT LTD,PUNE,PANTNAGAR,AIR,202756,20-04-2025,6,85,56,4760,100,0,1000,0,0,YES
MCPL/25-26/0022,01-05-2025,U. S. AUTO CONTROLS PVT LTD,PUNE,PANTNAGAR,AIR,202757,20-04-2025,2,30,56,1680,100,500,1000,0,0,YES
MCPL/25-26/0022,01-05-2025,U. S. AUTO CONTROLS PVT LTD,PUNE,PANTNAGAR,AIR,202755,20-04-2025,9,245,56,13720,100,500,1000,0,0,YES
MCPL/25-26/0022,01-05-2025,U. S. AUTO CONTROLS PVT LTD,PUNE,PANTNAGAR,AIR,202751,19-04-2025,2,30,56,1680,100,500,1000,0,0,YES
MCPL/25-26/0022,01-05-2025,U. S. AUTO CONTROLS PVT LTD,PUNE,PANTNAGAR,AIR,202750,19-04-2025,3,46,56,2576,100,0,1000,0,0,YES
MCPL/25-26/0022,01-05-2025,U. S. AUTO CONTROLS PVT LTD,PUNE,PANTNAGAR,AIR,202746,18-04-2025,2,30,56,1680,100,0,1000,0,0,YES
MCPL/25-26/0022,01-05-2025,U. S. AUTO CONTROLS PVT LTD,PUNE,PANTNAGAR,AIR,202747,18-04-2025,8,225,56,12600,100,0,1000,0,0,YES
MCPL/25-26/0022,01-05-2025,U. S. AUTO CONTROLS PVT LTD,PUNE,PANTNAGAR,AIR,202749,19-04-2025,9,252,56,14112,100,500,1000,0,0,YES
MCPL/25-26/0022,01-05-2025,U. S. AUTO CONTROLS PVT LTD,PUNE,PANTNAGAR,AIR,202745,18-04-2025,4,44,56,2464,100,500,1000,0,0,YES
MCPL/25-26/0022,01-05-2025,U. S. AUTO CONTROLS PVT LTD,PUNE,PANTNAGAR,AIR,202741,17-04-2025,2,30,56,1680,100,0,1000,0,0,YES
MCPL/25-26/0022,01-05-2025,U. S. AUTO CONTROLS PVT LTD,PUNE,PANTNAGAR,AIR,202740,17-04-2025,3,30,56,1680,100,500,1000,0,0,YES
MCPL/25-26/0022,01-05-2025,U. S. AUTO CONTROLS PVT LTD,PUNE,PANTNAGAR,AIR,202669,16-04-2025,5,75,56,4200,100,500,1000,0,0,YES
MCPL/25-26/0021,01-05-2025,ASPEE SPRINGS LIMITED,BADDI,PANTNAGAR,ROAD,202671,14-04-2025,5,115,5.9,678.5,100,0,0,0,0,YES
MCPL/25-26/0021,01-05-2025,ASPEE SPRINGS LIMITED,BADDI,PANTNAGAR,ROAD,202670,14-04-2025,5,106,5.9,625.4,100,0,650,0,0,YES
MCPL/25-26/0021,01-05-2025,ASPEE SPRINGS LIMITED,BADDI,PANTNAGAR,ROAD,202672,14-04-2025,4,52,5.9,306.8,100,0,0,0,0,YES
MCPL/25-26/0021,01-05-2025,ASPEE SPRINGS LIMITED,BADDI,PANTNAGAR,ROAD,202673,14-04-2025,8,130,5.9,767,100,0,0,0,0,YES
MCPL/25-26/0021,01-05-2025,ASPEE SPRINGS LIMITED,BADDI,PANTNAGAR,ROAD,202674,14-04-2025,10,154,5.9,908.6,100,0,0,0,0,YES
MCPL/25-26/0021,01-05-2025,ASPEE SPRINGS LIMITED,BADDI,PANTNAGAR,ROAD,202676,14-04-2025,10,238,5.9,1404.2,100,0,0,0,0,YES
MCPL/25-26/0021,01-05-2025,ASPEE SPRINGS LIMITED,BADDI,PANTNAGAR,ROAD,202675,14-04-2025,10,137,5.9,808.3,100,0,0,0,0,YES
MCPL/25-26/0021,01-05-2025,ASPEE SPRINGS LIMITED,BADDI,PANTNAGAR,ROAD,202677,14-04-2025,1,28,5.9,165.2,100,0,0,0,0,YES
MCPL/25-26/0021,01-05-2025,ASPEE SPRINGS LIMITED,BADDI,PANTNAGAR,ROAD,202678,14-04-2025,5,84,5.9,495.6,100,0,0,0,0,YES
MCPL/25-26/0021,01-05-2025,ASPEE SPRINGS LIMITED,BADDI,PANTNAGAR,ROAD,202679,14-04-2025,1,20,5.9,118,100,0,0,0,0,YES
MCPL/25-26/0021,01-05-2025,ASPEE SPRINGS LIMITED,BADDI,PANTNAGAR,ROAD,202680,14-04-2025,1,20,5.9,118,100,0,0,0,0,YES
MCPL/25-26/0021,01-05-2025,ASPEE SPRINGS LIMITED,BADDI,PANTNAGAR,ROAD,202682,14-04-2025,1,26,5.9,153.4,100,0,0,0,0,YES
MCPL/25-26/0021,01-05-2025,ASPEE SPRINGS LIMITED,BADDI,PANTNAGAR,ROAD,202681,14-04-2025,15,356,5.9,2100.4,100,0,0,0,0,YES
MCPL/25-26/0021,01-05-2025,ASPEE SPRINGS LIMITED,BADDI,PANTNAGAR,ROAD,202683,14-04-2025,4,51,5.9,300.9,100,0,0,0,0,YES
MCPL/25-26/0021,01-05-2025,ASPEE SPRINGS LIMITED,BADDI,PANTNAGAR,ROAD,202684,14-04-2025,2,26,5.9,153.4,100,0,0,0,0,YES
MCPL/25-26/0021,01-05-2025,ASPEE SPRINGS LIMITED,BADDI,PANTNAGAR,ROAD,202685,14-04-2025,2,23,5.9,135.7,100,0,0,0,0,YES
MCPL/25-26/0021,01-05-2025,ASPEE SPRINGS LIMITED,BADDI,PANTNAGAR,ROAD,202686,14-04-2025,2,23,5.9,135.7,100,0,0,0,0,YES
MCPL/25-26/0021,01-05-2025,ASPEE SPRINGS LIMITED,BADDI,PANTNAGAR,ROAD,202687,14-04-2025,3,56,5.9,330.4,100,0,0,0,0,YES
MCPL/25-26/0021,01-05-2025,ASPEE SPRINGS LIMITED,BADDI,PANTNAGAR,ROAD,202688,14-04-2025,4,53,5.9,312.7,100,0,0,0,0,YES
MCPL/25-26/0021,01-05-2025,ASPEE SPRINGS LIMITED,BADDI,PANTNAGAR,ROAD,202689,14-04-2025,4,53,5.9,312.7,100,0,0,0,0,YES
MCPL/25-26/0021,01-05-2025,ASPEE SPRINGS LIMITED,BADDI,PANTNAGAR,ROAD,202690,14-04-2025,4,53,5.9,312.7,100,0,0,0,0,YES
MCPL/25-26/0021,01-05-2025,ASPEE SPRINGS LIMITED,BADDI,PANTNAGAR,ROAD,202691,14-04-2025,1,20,5.9,118,100,0,0,0,0,YES
MCPL/25-26/0021,01-05-2025,ASPEE SPRINGS LIMITED,BADDI,PANTNAGAR,ROAD,202692,14-04-2025,1,20,5.9,118,100,0,0,0,0,YES
MCPL/25-26/0021,01-05-2025,ASPEE SPRINGS LIMITED,BADDI,PANTNAGAR,ROAD,202693,14-04-2025,1,20,5.9,118,100,0,0,0,0,YES
MCPL/25-26/0021,01-05-2025,ASPEE SPRINGS LIMITED,BADDI,PANTNAGAR,ROAD,202694,14-04-2025,1,20,5.9,118,100,0,0,0,0,YES
MCPL/25-26/0021,01-05-2025,ASPEE SPRINGS LIMITED,BADDI,PANTNAGAR,ROAD,202695,14-04-2025,5,74,5.9,436.6,100,0,0,0,0,YES
MCPL/25-26/0021,01-05-2025,ASPEE SPRINGS LIMITED,BADDI,PANTNAGAR,ROAD,202696,14-04-2025,2,20,5.9,118,100,0,0,0,0,YES
MCPL/25-26/0021,01-05-2025,ASPEE SPRINGS LIMITED,BADDI,PANTNAGAR,ROAD,202697,14-04-2025,4,60,5.9,354,100,0,0,0,0,YES
MCPL/25-26/0021,01-05-2025,ASPEE SPRINGS LIMITED,BADDI,PANTNAGAR,ROAD,202698,14-04-2025,2,30,5.9,177,100,0,0,0,0,YES
MCPL/25-26/0021,01-05-2025,ASPEE SPRINGS LIMITED,BADDI,PANTNAGAR,ROAD,202699,14-04-2025,1,20,5.9,118,100,0,0,0,0,YES
MCPL/25-26/0021,01-05-2025,ASPEE SPRINGS LIMITED,BADDI,PANTNAGAR,ROAD,202700,14-04-2025,5,90,5.9,531,100,0,0,0,0,YES
MCPL/25-26/0021,01-05-2025,ASPEE SPRINGS LIMITED,BADDI,PANTNAGAR,ROAD,202701,14-04-2025,2,41,5.9,241.9,100,0,0,0,0,YES
MCPL/25-26/0021,01-05-2025,ASPEE SPRINGS LIMITED,BADDI,PANTNAGAR,ROAD,202702,14-04-2025,2,20,5.9,118,100,0,0,0,0,YES
MCPL/25-26/0021,01-05-2025,ASPEE SPRINGS LIMITED,BADDI,PANTNAGAR,ROAD,202703,04-04-2025,2,37,5.9,218.3,100,0,0,0,0,YES
MCPL/25-26/0021,01-05-2025,ASPEE SPRINGS LIMITED,BADDI,PANTNAGAR,ROAD,202704,14-04-2025,1,20,5.9,118,100,0,0,0,0,YES
MCPL/25-26/0021,01-05-2025,ASPEE SPRINGS LIMITED,BADDI,PANTNAGAR,ROAD,202705,14-04-2025,1,26,5.9,153.4,100,0,0,0,0,YES
MCPL/25-26/0021,01-05-2025,ASPEE SPRINGS LIMITED,BADDI,PANTNAGAR,ROAD,202706,14-04-2025,5,111,5.9,654.9,100,0,0,0,0,YES
MCPL/25-26/0021,01-05-2025,ASPEE SPRINGS LIMITED,BADDI,PANTNAGAR,ROAD,202707,14-04-2025,1,21,5.9,123.9,100,0,0,0,0,YES
MCPL/25-26/0021,01-05-2025,ASPEE SPRINGS LIMITED,BADDI,PANTNAGAR,ROAD,202708,14-04-2025,2,52,5.9,306.8,100,0,0,0,0,YES
MCPL/25-26/0021,01-05-2025,ASPEE SPRINGS LIMITED,BADDI,PANTNAGAR,ROAD,202709,14-04-2025,1,20,5.9,118,100,0,0,0,0,YES
MCPL/25-26/0021,01-05-2025,ASPEE SPRINGS LIMITED,BADDI,PANTNAGAR,ROAD,202710,14-04-2025,2,38,5.9,224.2,100,0,0,0,0,YES
MCPL/25-26/0021,01-05-2025,ASPEE SPRINGS LIMITED,BADDI,PANTNAGAR,ROAD,202711,14-04-2025,2,45,5.9,265.5,100,0,0,0,0,YES
MCPL/25-26/0021,01-05-2025,ASPEE SPRINGS LIMITED,BADDI,PANTNAGAR,ROAD,202712,14-04-2025,1,20,5.9,118,100,0,0,0,0,YES
MCPL/25-26/0021,01-05-2025,ASPEE SPRINGS LIMITED,BADDI,PANTNAGAR,ROAD,202713,14-04-2025,1,24,5.9,141.6,100,0,0,0,0,YES
MCPL/25-26/0021,01-05-2025,ASPEE SPRINGS LIMITED,BADDI,PANTNAGAR,ROAD,202714,14-04-2025,6,128,5.9,755.2,100,0,0,0,0,YES
MCPL/25-26/0021,01-05-2025,ASPEE SPRINGS LIMITED,BADDI,PANTNAGAR,ROAD,202715,14-04-2025,2,31,5.9,182.9,100,0,0,0,0,YES
MCPL/25-26/0021,01-05-2025,ASPEE SPRINGS LIMITED,BADDI,PANTNAGAR,ROAD,202716,14-04-2025,2,31,5.9,182.9,100,0,0,0,0,YES
MCPL/25-26/0021,01-05-2025,ASPEE SPRINGS LIMITED,BADDI,PANTNAGAR,ROAD,202717,14-04-2025,2,20,5.9,118,100,0,0,0,0,YES
MCPL/25-26/0021,01-05-2025,ASPEE SPRINGS LIMITED,BADDI,PANTNAGAR,ROAD,202718,14-04-2025,1,20,5.9,118,100,0,0,0,0,YES
MCPL/25-26/0021,01-05-2025,ASPEE SPRINGS LIMITED,BADDI,PANTNAGAR,ROAD,202719,14-04-2025,1,20,5.9,118,100,0,0,0,0,YES
MCPL/25-26/0021,01-05-2025,ASPEE SPRINGS LIMITED,BADDI,PANTNAGAR,ROAD,202720,14-04-2025,1,20,5.9,118,100,0,0,0,0,YES
MCPL/25-26/0021,01-05-2025,ASPEE SPRINGS LIMITED,BADDI,PANTNAGAR,ROAD,202722,14-04-2025,4,65,5.9,383.5,100,0,0,0,0,YES
MCPL/25-26/0021,01-05-2025,ASPEE SPRINGS LIMITED,BADDI,PANTNAGAR,ROAD,202721,14-04-2025,10,162,5.9,955.8,100,0,0,0,0,YES
MCPL/25-26/0021,01-05-2025,ASPEE SPRINGS LIMITED,BADDI,PANTNAGAR,ROAD,202723,14-04-2025,4,65,5.9,383.5,100,0,0,0,0,YES
MCPL/25-26/0021,01-05-2025,ASPEE SPRINGS LIMITED,BADDI,PANTNAGAR,ROAD,202724,14-04-2025,4,65,5.9,383.5,100,0,0,0,0,YES
MCPL/25-26/0021,01-05-2025,ASPEE SPRINGS LIMITED,BADDI,PANTNAGAR,ROAD,202725,14-04-2025,1,20,5.9,118,100,0,0,0,0,YES
MCPL/25-26/0021,01-05-2025,ASPEE SPRINGS LIMITED,BADDI,PANTNAGAR,ROAD,202726,14-04-2025,1,20,5.9,118,100,0,0,0,0,YES
MCPL/25-26/0021,01-05-2025,ASPEE SPRINGS LIMITED,BADDI,PANTNAGAR,ROAD,202727,14-04-2025,1,20,5.9,118,100,0,0,0,0,YES
MCPL/25-26/0021,01-05-2025,ASPEE SPRINGS LIMITED,BADDI,PANTNAGAR,ROAD,202728,14-04-2025,2,50,5.9,295,100,0,0,0,0,YES
MCPL/25-26/0021,01-05-2025,ASPEE SPRINGS LIMITED,BADDI,PANTNAGAR,ROAD,202729,14-04-2025,1,23,5.9,135.7,100,0,0,0,0,YES
MCPL/25-26/0021,01-05-2025,ASPEE SPRINGS LIMITED,BADDI,PANTNAGAR,ROAD,202730,14-04-2025,1,20,5.9,118,100,0,0,0,0,YES
MCPL/25-26/0021,01-05-2025,ASPEE SPRINGS LIMITED,BADDI,PANTNAGAR,ROAD,202731,14-04-2025,1,20,5.9,118,100,0,0,0,0,YES
MCPL/25-26/0021,01-05-2025,ASPEE SPRINGS LIMITED,BADDI,PANTNAGAR,ROAD,202732,14-04-2025,1,20,5.9,118,100,0,0,0,0,YES
MCPL/25-26/0021,01-05-2025,ASPEE SPRINGS LIMITED,BADDI,PANTNAGAR,ROAD,202733,14-04-2025,1,20,5.9,118,100,0,0,0,0,YES
MCPL/25-26/0021,01-05-2025,ASPEE SPRINGS LIMITED,BADDI,PANTNAGAR,ROAD,202734,14-04-2025,2,20,5.9,118,100,0,0,0,0,YES
MCPL/25-26/0021,01-05-2025,ASPEE SPRINGS LIMITED,BADDI,PANTNAGAR,ROAD,202735,14-04-2025,1,20,5.9,118,100,0,0,0,0,YES
MCPL/25-26/0021,01-05-2025,ASPEE SPRINGS LIMITED,BADDI,PANTNAGAR,ROAD,202736,14-04-2025,1,40,5.9,236,100,0,0,0,0,YES
MCPL/25-26/0021,01-05-2025,ASPEE SPRINGS LIMITED,BADDI,PANTNAGAR,ROAD,202737,14-04-2025,4,81,5.9,477.9,100,0,0,0,0,YES
MCPL/25-26/0021,01-05-2025,ASPEE SPRINGS LIMITED,BADDI,PANTNAGAR,ROAD,202738,14-04-2025,10,103,5.9,607.7,100,0,0,0,0,YES
MCPL/25-26/0020,01-05-2025,DALI SAMIR ENGG.PVT LTD-PUNE,PUNE,FBD,TRAIN,202811,29-04-2025,3,100,18,1800,0,1000,1800,0,0,YES
MCPL/25-26/0019,01-05-2025,DALI SAMIR ENGG.PVT LTD-PUNE,FARIDABAD,HOSUR,AIR,202771,23-04-2025,1,50,80,4000,0,1800,0,0,0,YES
MCPL/25-26/0019,01-05-2025,DALI SAMIR ENGG.PVT LTD-PUNE,FARIDABAD,HOSUR,AIR,202770,19-04-2025,1,50,80,4000,0,1800,0,0,0,YES
MCPL/25-26/0018,01-05-2025,HIMALAYAN AUTO ERA PVT LTD,PANTNAGAR,PUNE,TRAIN,202803,28-04-2025,70,595,28,16660,100,0,0,0,0,YES
MCPL/25-26/0017,01-05-2025,HIMALAYAN AUTO ERA PVT LTD,PUNE,PANTNAGAR,TRAIN,202792,26-04-2025,70,595,28,16660,100,0,0,0,0,YES
MCPL/25-26/0016,01-05-2025,HIMALAYAN AUTO ERA PVT LTD,PUNE,PANTNAGAR,ROAD-EXPRESS,202782,25-04-2025,220,1870,25,46750,100,0,0,0,0,YES
MCPL/25-26/0015,30-04-2025,Shreya Industries - PNQ,PUNE,PANTNAGAR,ROAD,202812,30-04-2025,40,0,375,15000,100,0,0,0,0,YES
MCPL/25-26/0015,30-04-2025,Shreya Industries - PNQ,PUNE,PANTNAGAR,ROAD,202781,25-04-2025,40,0,375,15000,100,0,0,0,0,YES
MCPL/25-26/0015,30-04-2025,Shreya Industries - PNQ,PUNE,PANTNAGAR,ROAD,202763,22-04-2025,40,0,375,15000,100,0,0,0,0,YES
MCPL/25-26/0015,30-04-2025,Shreya Industries - PNQ,PUNE,PANTNAGAR,ROAD,202742,18-04-2025,40,0,375,15000,100,0,0,0,0,YES
MCPL/25-26/0015,30-04-2025,Shreya Industries - PNQ,PUNE,PANTNAGAR,ROAD,202661,15-04-2025,40,0,375,15000,100,0,0,0,0,YES
MCPL/25-26/0015,30-04-2025,Shreya Industries - PNQ,PUNE,PANTNAGAR,ROAD,202646,11-04-2025,40,0,375,15000,100,0,0,0,0,YES
MCPL/25-26/0015,30-04-2025,Shreya Industries - PNQ,PUNE,PANTNAGAR,ROAD,202633,08-04-2025,40,0,375,15000,100,0,0,0,0,YES
MCPL/25-26/0015,30-04-2025,Shreya Industries - PNQ,PUNE,PANTNAGAR,ROAD,202623,05-04-2025,40,0,375,15000,100,0,0,0,0,YES
MCPL/25-26/0015,30-04-2025,Shreya Industries - PNQ,PUNE,PANTNAGAR,ROAD,202578,02-04-2025,40,0,375,15000,100,0,0,0,0,YES
MCPL/25-26/0014,30-04-2025,CJ DARCL LOGISTICS LIMITED,DELHI,PANTNAGAR,ROAD,202814,29-04-2025,4,0,0,2300,0,0,0,0,0,YES
MCPL/25-26/0014,30-04-2025,CJ DARCL LOGISTICS LIMITED,DELHI,PANTNAGAR,ROAD,202806,26-04-2025,4,0,0,2300,0,0,0,0,0,YES
MCPL/25-26/0014,30-04-2025,CJ DARCL LOGISTICS LIMITED,DELHI,PANTNAGAR,ROAD,202791,25-04-2025,3,0,0,2300,0,0,0,0,0,YES
MCPL/25-26/0014,30-04-2025,CJ DARCL LOGISTICS LIMITED,DELHI,PANTNAGAR,ROAD,202784,24-04-2025,7,0,0,2600,0,0,0,0,0,YES
MCPL/25-26/0014,30-04-2025,CJ DARCL LOGISTICS LIMITED,DELHI,PANTNAGAR,ROAD,202783,24-04-2025,7,0,0,2600,0,0,0,0,0,YES
MCPL/25-26/0014,30-04-2025,CJ DARCL LOGISTICS LIMITED,DELHI,PANTNAGAR,ROAD,202777,23-04-2025,4,0,0,2300,0,0,0,0,0,YES
MCPL/25-26/0014,30-04-2025,CJ DARCL LOGISTICS LIMITED,DELHI,PANTNAGAR,ROAD,202754,18-04-2025,6,0,0,2600,0,0,0,0,0,YES
MCPL/25-26/0014,30-04-2025,CJ DARCL LOGISTICS LIMITED,DELHI,PANTNAGAR,ROAD,202667,14-04-2025,3,0,0,2300,0,0,0,0,0,YES
MCPL/25-26/0014,30-04-2025,CJ DARCL LOGISTICS LIMITED,DELHI,PANTNAGAR,ROAD,202666,08-04-2025,5,0,0,2300,0,0,0,0,0,YES
MCPL/25-26/0014,30-04-2025,CJ DARCL LOGISTICS LIMITED,DELHI,PANTNAGAR,ROAD,202665,08-04-2025,7,0,0,2600,0,0,0,0,0,YES
MCPL/25-26/0013,21-04-2025,HIMALAYAN AUTO ERA PVT LTD,PUNE,PANTNAGAR,ROAD-EXPRESS,202744,18-04-2025,400,3400,25,85000,100,0,0,0,0,YES
MCPL/25-26/0012,15-04-2025,U. S. AUTO CONTROLS PVT LTD,PUNE,PANTNAGAR,AIR,202576,31-03-2025,4,90,56,5040,100,500,1000,0,0,YES
MCPL/25-26/0012,15-04-2025,U. S. AUTO CONTROLS PVT LTD,PUNE,PANTNAGAR,AIR,202575,30-03-2025,6,95,56,5320,100,500,1000,0,0,YES
MCPL/25-26/0012,15-04-2025,U. S. AUTO CONTROLS PVT LTD,PUNE,PANTNAGAR,AIR,202577,01-04-2025,3,35,56,1960,100,500,1000,0,0,YES
MCPL/25-26/0012,15-04-2025,U. S. AUTO CONTROLS PVT LTD,PUNE,PANTNAGAR,AIR,202574,30-03-2025,2,30,56,1680,100,0,1000,0,0,YES
MCPL/25-26/0012,15-04-2025,U. S. AUTO CONTROLS PVT LTD,PUNE,PANTNAGAR,AIR,202579,03-04-2025,6,145,56,8120,100,500,1000,0,0,YES
MCPL/25-26/0012,15-04-2025,U. S. AUTO CONTROLS PVT LTD,PUNE,PANTNAGAR,AIR,202624,03-04-2025,4,70,56,3920,100,0,1000,0,0,YES
MCPL/25-26/0012,15-04-2025,U. S. AUTO CONTROLS PVT LTD,PUNE,PANTNAGAR,AIR,202626,04-04-2025,2,30,56,1680,100,0,1000,0,0,YES
MCPL/25-26/0012,15-04-2025,U. S. AUTO CONTROLS PVT LTD,PUNE,PANTNAGAR,AIR,202625,04-04-2025,6,155,56,8680,100,500,1000,0,0,YES
MCPL/25-26/0012,15-04-2025,U. S. AUTO CONTROLS PVT LTD,PUNE,PANTNAGAR,AIR,202628,05-04-2025,4,125,56,7000,100,500,1000,0,0,YES
MCPL/25-26/0012,15-04-2025,U. S. AUTO CONTROLS PVT LTD,PUNE,PANTNAGAR,AIR,202629,05-04-2025,5,78,56,4368,100,0,1000,0,0,YES
MCPL/25-26/0012,15-04-2025,U. S. AUTO CONTROLS PVT LTD,PUNE,PANTNAGAR,AIR,202630,05-04-2025,2,30,56,1680,100,0,1000,0,0,YES
MCPL/25-26/0012,15-04-2025,U. S. AUTO CONTROLS PVT LTD,PUNE,PANTNAGAR,AIR,202631,06-04-2025,2,30,56,1680,100,500,1000,0,0,YES
MCPL/25-26/0012,15-04-2025,U. S. AUTO CONTROLS PVT LTD,PUNE,PANTNAGAR,AIR,202632,06-04-2025,4,60,56,3360,100,0,1000,0,0,YES
MCPL/25-26/0012,15-04-2025,U. S. AUTO CONTROLS PVT LTD,PUNE,PANTNAGAR,AIR,202634,07-04-2025,2,30,56,1680,100,500,1000,0,0,YES
MCPL/25-26/0012,15-04-2025,U. S. AUTO CONTROLS PVT LTD,PUNE,PANTNAGAR,AIR,202635,07-04-2025,2,30,56,1680,100,0,1000,0,0,YES
MCPL/25-26/0012,15-04-2025,U. S. AUTO CONTROLS PVT LTD,PUNE,PANTNAGAR,AIR,202639,08-04-2025,6,85,56,4760,100,500,1000,0,0,YES
MCPL/25-26/0012,15-04-2025,U. S. AUTO CONTROLS PVT LTD,PUNE,PANTNAGAR,AIR,202640,08-04-2025,2,30,56,1680,100,0,1000,0,0,YES
MCPL/25-26/0012,15-04-2025,U. S. AUTO CONTROLS PVT LTD,PUNE,PANTNAGAR,AIR,202641,10-04-2025,2,33,56,1848,100,500,0,6500,0,YES
MCPL/25-26/0012,15-04-2025,U. S. AUTO CONTROLS PVT LTD,PUNE,PANTNAGAR,AIR,202642,09-04-2025,1,30,56,1680,100,500,1000,0,0,YES
MCPL/25-26/0012,15-04-2025,U. S. AUTO CONTROLS PVT LTD,PUNE,PANTNAGAR,AIR,202643,09-04-2025,2,30,56,1680,100,0,1000,0,0,YES
MCPL/25-26/0012,15-04-2025,U. S. AUTO CONTROLS PVT LTD,PUNE,PANTNAGAR,AIR,202647,11-04-2025,2,30,56,1680,100,500,1000,0,0,YES
MCPL/25-26/0012,15-04-2025,U. S. AUTO CONTROLS PVT LTD,PUNE,PANTNAGAR,AIR,202648,11-04-2025,3,96,56,5376,100,0,1000,0,0,YES
MCPL/25-26/0012,15-04-2025,U. S. AUTO CONTROLS PVT LTD,PUNE,PANTNAGAR,AIR,202649,11-04-2025,4,33,56,1848,100,0,1000,0,0,YES
MCPL/25-26/0012,15-04-2025,U. S. AUTO CONTROLS PVT LTD,PUNE,PANTNAGAR,AIR,202650,12-04-2025,2,30,56,1680,100,500,1000,0,0,YES
MCPL/25-26/0012,15-04-2025,U. S. AUTO CONTROLS PVT LTD,PUNE,PANTNAGAR,AIR,202651,12-04-2025,5,76,56,4256,100,0,1000,0,0,YES
MCPL/25-26/0012,15-04-2025,U. S. AUTO CONTROLS PVT LTD,PUNE,PANTNAGAR,AIR,202652,12-04-2025,3,80,56,4480,100,0,1000,0,0,YES
MCPL/25-26/0012,15-04-2025,U. S. AUTO CONTROLS PVT LTD,PUNE,PANTNAGAR,AIR,202654,13-04-2025,8,222,56,12432,100,500,1000,0,0,YES
MCPL/25-26/0012,15-04-2025,U. S. AUTO CONTROLS PVT LTD,PUNE,PANTNAGAR,AIR,202656,13-04-2025,3,44,56,2464,100,0,1000,0,0,YES
MCPL/25-26/0012,15-04-2025,U. S. AUTO CONTROLS PVT LTD,PUNE,PANTNAGAR,AIR,202655,13-04-2025,2,30,56,1680,100,0,1000,0,0,YES
MCPL/25-26/0012,15-04-2025,U. S. AUTO CONTROLS PVT LTD,PUNE,PANTNAGAR,AIR,202658,14-04-2025,2,30,56,1680,100,500,1000,0,0,YES
MCPL/25-26/0012,15-04-2025,U. S. AUTO CONTROLS PVT LTD,PUNE,PANTNAGAR,AIR,202659,14-04-2025,1,30,56,1680,100,0,1000,0,0,YES
MCPL/25-26/0012,15-04-2025,U. S. AUTO CONTROLS PVT LTD,PUNE,PANTNAGAR,AIR,202662,15-04-2025,6,168,56,9408,100,500,1000,0,0,YES
MCPL/25-26/0012,15-04-2025,U. S. AUTO CONTROLS PVT LTD,PUNE,PANTNAGAR,AIR,202664,15-04-2025,2,30,56,1680,100,0,1000,0,0,YES
MCPL/25-26/0012,15-04-2025,U. S. AUTO CONTROLS PVT LTD,PUNE,PANTNAGAR,AIR,202663,15-04-2025,3,30,56,1680,100,0,1000,0,0,YES
MCPL/25-26/0011,15-04-2025,HIMALAYAN AUTO ERA PVT LTD,SATARA,PANTNAGAR,TRAIN,202627,06-04-2025,5,100,28,2800,100,0,0,0,0,YES
MCPL/25-26/0010,01-04-2025,HIMALAYAN AUTO ERA PVT LTD,PANTNAGAR,PUNE,ROAD-EXPRESS,202512,11-03-2025,10,472,25,11800,100,0,0,0,0,YES
MCPL/25-26/0009,01-04-2025,HIMALAYAN AUTO ERA PVT LTD,PANTNAGAR,BAREILLY,ROAD,202568,24-03-2025,1,0,3500,3500,100,0,0,0,0,YES
MCPL/25-26/0008,01-04-2025,HIMALAYAN AUTO ERA PVT LTD,PUNE,PANTNAGAR,ROAD,202514,12-03-2025,40,340,7.5,2550,100,0,0,0,0,YES
MCPL/25-26/0007,01-04-2025,HIMALAYAN AUTO ERA PVT LTD,PUNE,PANTNAGAR,TRAIN,202569,25-03-2025,12,260,28,7280,100,0,0,0,0,YES
MCPL/25-26/0007,01-04-2025,HIMALAYAN AUTO ERA PVT LTD,PUNE,PANTNAGAR,TRAIN,202511,10-03-2025,10,170,28,4760,100,0,0,0,0,YES
MCPL/25-26/0006,01-04-2025,HIMALAYAN AUTO ERA PVT LTD,PUNE,PANTNAGAR,AIR,202510,10-03-2025,5,85,78,6630,100,0,0,0,0,YES
MCPL/25-26/0005,01-04-2025,DALI SAMIR ENGG.PVT LTD-PUNE,PANTNAGAR,PUNE,TRAIN,202502,06-03-2025,1,100,18,1800,0,500,1000,0,0,YES
MCPL/25-26/0004,01-04-2025,DALI SAMIR ENGG.PVT LTD-PUNE,FARIDABAD,HOSUR,AIR,202566,10-03-2025,2,50,80,4000,0,1800,0,0,0,YES
MCPL/25-26/0004,01-04-2025,DALI SAMIR ENGG.PVT LTD-PUNE,FARIDABAD,HOSUR,AIR,202509,09-03-2025,2,50,80,4000,0,1800,3500,0,0,YES
MCPL/25-26/0003,01-04-2025,ASPEE SONS,BADDI,STG,ROAD,202580,31-03-2025,10,210,6.5,1365,100,0,1700,0,0,YES
MCPL/25-26/0002,01-04-2025,ASPEE SPRINGS LIMITED,BADDI,RUDRAPUR,ROAD,202584,31-03-2025,1,20,6.5,130,100,0,0,0,0,YES
MCPL/25-26/0002,01-04-2025,ASPEE SPRINGS LIMITED,BADDI,RUDRAPUR,ROAD,202583,31-03-2025,1,20,6.5,130,100,0,0,0,0,YES
MCPL/25-26/0002,01-04-2025,ASPEE SPRINGS LIMITED,BADDI,RUDRAPUR,ROAD,202582,31-03-2025,1,20,6.5,130,100,0,0,0,0,YES
MCPL/25-26/0002,01-04-2025,ASPEE SPRINGS LIMITED,BADDI,RUDRAPUR,ROAD,202581,31-03-2025,2,40,6.5,130,100,0,350,0,0,YES
MCPL/25-26/0002,01-04-2025,ASPEE SPRINGS LIMITED,BADDI,RUDRAPUR,ROAD,202559,18-03-2025,2,72,6.5,468,100,0,0,0,0,YES
MCPL/25-26/0002,01-04-2025,ASPEE SPRINGS LIMITED,BADDI,RUDRAPUR,ROAD,202558,18-03-2025,3,92,6.5,598,100,0,0,0,0,YES
MCPL/25-26/0002,01-04-2025,ASPEE SPRINGS LIMITED,BADDI,RUDRAPUR,ROAD,202557,18-03-2025,3,69,6.5,448.5,100,0,0,0,0,YES
MCPL/25-26/0002,01-04-2025,ASPEE SPRINGS LIMITED,BADDI,RUDRAPUR,ROAD,202556,18-03-2025,3,62,6.5,403,100,0,350,0,0,YES
MCPL/25-26/0002,01-04-2025,ASPEE SPRINGS LIMITED,BADDI,RUDRAPUR,ROAD,202555,18-03-2025,2,45,6.5,292.5,100,0,0,0,0,YES
MCPL/25-26/0002,01-04-2025,ASPEE SPRINGS LIMITED,BADDI,RUDRAPUR,ROAD,202554,18-03-2025,5,45,6.5,292.5,100,0,350,0,0,YES
MCPL/25-26/0002,01-04-2025,ASPEE SPRINGS LIMITED,BADDI,RUDRAPUR,ROAD,202553,18-03-2025,1,59,6.5,383.5,100,0,350,0,0,YES
MCPL/25-26/0002,01-04-2025,ASPEE SPRINGS LIMITED,BADDI,RUDRAPUR,ROAD,202552,18-03-2025,3,66,6.5,429,100,0,0,0,0,YES
MCPL/25-26/0001,01-04-2025,ASPEE SPRINGS LIMITED,BADDI,PANTNAGAR,ROAD,202518,18-03-2025,5,80,5.9,472,100,0,650,0,0,YES
MCPL/25-26/0001,01-04-2025,ASPEE SPRINGS LIMITED,BADDI,PANTNAGAR,ROAD,202519,18-03-2025,1,23,5.9,135.7,100,0,0,0,0,YES
MCPL/25-26/0001,01-04-2025,ASPEE SPRINGS LIMITED,BADDI,PANTNAGAR,ROAD,202520,18-03-2025,3,49,5.9,289.1,100,0,0,0,0,YES
MCPL/25-26/0001,01-04-2025,ASPEE SPRINGS LIMITED,BADDI,PANTNAGAR,ROAD,202521,18-03-2025,1,20,5.9,118,100,0,0,0,0,YES
MCPL/25-26/0001,01-04-2025,ASPEE SPRINGS LIMITED,BADDI,PANTNAGAR,ROAD,202522,18-03-2025,5,80,5.9,472,100,0,0,0,0,YES
MCPL/25-26/0001,01-04-2025,ASPEE SPRINGS LIMITED,BADDI,PANTNAGAR,ROAD,202523,18-03-2025,1,20,5.9,118,100,0,0,0,0,YES
MCPL/25-26/0001,01-04-2025,ASPEE SPRINGS LIMITED,BADDI,PANTNAGAR,ROAD,202524,18-03-2025,2,41,5.9,241.9,100,0,0,0,0,YES
MCPL/25-26/0001,01-04-2025,ASPEE SPRINGS LIMITED,BADDI,PANTNAGAR,ROAD,202525,18-03-2025,7,164,5.9,967.6,100,0,0,0,0,YES
MCPL/25-26/0001,01-04-2025,ASPEE SPRINGS LIMITED,BADDI,PANTNAGAR,ROAD,202543,18-03-2025,1,73,5.9,430.7,100,0,0,0,0,YES
MCPL/25-26/0001,01-04-2025,ASPEE SPRINGS LIMITED,BADDI,PANTNAGAR,ROAD,202542,18-03-2025,3,73,5.9,430.7,100,0,0,0,0,YES
MCPL/25-26/0001,01-04-2025,ASPEE SPRINGS LIMITED,BADDI,PANTNAGAR,ROAD,202544,18-03-2025,1,20,5.9,118,100,0,0,0,0,YES
MCPL/25-26/0001,01-04-2025,ASPEE SPRINGS LIMITED,BADDI,PANTNAGAR,ROAD,202585,31-03-2025,7,148,5.9,873.2,100,0,650,0,0,YES
MCPL/25-26/0001,01-04-2025,ASPEE SPRINGS LIMITED,BADDI,PANTNAGAR,ROAD,202587,31-03-2025,4,92,5.9,542.8,100,0,0,0,0,YES
MCPL/25-26/0001,01-04-2025,ASPEE SPRINGS LIMITED,BADDI,PANTNAGAR,ROAD,202586,31-03-2025,10,173,5.9,1020.7,100,0,0,0,0,YES
MCPL/25-26/0001,01-04-2025,ASPEE SPRINGS LIMITED,BADDI,PANTNAGAR,ROAD,202588,31-03-2025,4,52,5.9,306.8,100,0,0,0,0,YES
MCPL/25-26/0001,01-04-2025,ASPEE SPRINGS LIMITED,BADDI,PANTNAGAR,ROAD,202590,31-03-2025,4,65,5.9,383.5,100,0,0,0,0,YES
MCPL/25-26/0001,01-04-2025,ASPEE SPRINGS LIMITED,BADDI,PANTNAGAR,ROAD,202589,31-03-2025,2,26,5.9,153.4,100,0,0,0,0,YES
MCPL/25-26/0001,01-04-2025,ASPEE SPRINGS LIMITED,BADDI,PANTNAGAR,ROAD,202591,31-03-2025,10,154,5.9,908.6,100,0,0,0,0,YES
MCPL/25-26/0001,01-04-2025,ASPEE SPRINGS LIMITED,BADDI,PANTNAGAR,ROAD,202593,31-03-2025,8,191,5.9,1126.9,100,0,0,0,0,YES
MCPL/25-26/0001,01-04-2025,ASPEE SPRINGS LIMITED,BADDI,PANTNAGAR,ROAD,202592,31-03-2025,8,110,5.9,649,100,0,0,0,0,YES
MCPL/25-26/0001,01-04-2025,ASPEE SPRINGS LIMITED,BADDI,PANTNAGAR,ROAD,202594,31-03-2025,1,20,5.9,118,100,0,0,0,0,YES
MCPL/25-26/0001,01-04-2025,ASPEE SPRINGS LIMITED,BADDI,PANTNAGAR,ROAD,202596,31-03-2025,1,20,5.9,118,100,0,0,0,0,YES
MCPL/25-26/0001,01-04-2025,ASPEE SPRINGS LIMITED,BADDI,PANTNAGAR,ROAD,202595,31-03-2025,2,51,5.9,300.9,100,0,0,0,0,YES
MCPL/25-26/0001,01-04-2025,ASPEE SPRINGS LIMITED,BADDI,PANTNAGAR,ROAD,202597,31-03-2025,1,20,5.9,118,100,0,0,0,0,YES
MCPL/25-26/0001,01-04-2025,ASPEE SPRINGS LIMITED,BADDI,PANTNAGAR,ROAD,202598,31-03-2025,4,53,5.9,312.7,100,0,0,0,0,YES
MCPL/25-26/0001,01-04-2025,ASPEE SPRINGS LIMITED,BADDI,PANTNAGAR,ROAD,202599,31-03-2025,4,53,5.9,312.7,100,0,0,0,0,YES
MCPL/25-26/0001,01-04-2025,ASPEE SPRINGS LIMITED,BADDI,PANTNAGAR,ROAD,202600,31-03-2025,1,20,5.9,118,100,0,0,0,0,YES
MCPL/25-26/0001,01-04-2025,ASPEE SPRINGS LIMITED,BADDI,PANTNAGAR,ROAD,202601,31-03-2025,10,148,5.9,873.2,100,0,0,0,0,YES
MCPL/25-26/0001,01-04-2025,ASPEE SPRINGS LIMITED,BADDI,PANTNAGAR,ROAD,202602,31-03-2025,1,20,5.9,118,100,0,0,0,0,YES
MCPL/25-26/0001,01-04-2025,ASPEE SPRINGS LIMITED,BADDI,PANTNAGAR,ROAD,202603,31-03-2025,4,58,5.9,342.2,100,0,0,0,0,YES
MCPL/25-26/0001,01-04-2025,ASPEE SPRINGS LIMITED,BADDI,PANTNAGAR,ROAD,202604,31-03-2025,2,22,5.9,129.8,100,0,0,0,0,YES
MCPL/25-26/0001,01-04-2025,ASPEE SPRINGS LIMITED,BADDI,PANTNAGAR,ROAD,202605,31-03-2025,1,26,5.9,153.4,100,0,0,0,0,YES
MCPL/25-26/0001,01-04-2025,ASPEE SPRINGS LIMITED,BADDI,PANTNAGAR,ROAD,202607,31-03-2025,2,45,5.9,265.5,100,0,0,0,0,YES
MCPL/25-26/0001,01-04-2025,ASPEE SPRINGS LIMITED,BADDI,PANTNAGAR,ROAD,202606,31-03-2025,1,20,5.9,118,100,0,0,0,0,YES
MCPL/25-26/0001,01-04-2025,ASPEE SPRINGS LIMITED,BADDI,PANTNAGAR,ROAD,202608,31-03-2025,2,63,5.9,371.7,100,0,0,0,0,YES
MCPL/25-26/0001,01-04-2025,ASPEE SPRINGS LIMITED,BADDI,PANTNAGAR,ROAD,202610,31-03-2025,1,22,5.9,129.8,100,0,0,0,0,YES
MCPL/25-26/0001,01-04-2025,ASPEE SPRINGS LIMITED,BADDI,PANTNAGAR,ROAD,202609,31-03-2025,1,20,5.9,118,100,0,0,0,0,YES
MCPL/25-26/0001,01-04-2025,ASPEE SPRINGS LIMITED,BADDI,PANTNAGAR,ROAD,202611,31-03-2025,1,20,5.9,118,100,0,0,0,0,YES
MCPL/25-26/0001,01-04-2025,ASPEE SPRINGS LIMITED,BADDI,PANTNAGAR,ROAD,202612,31-03-2025,1,20,5.9,118,100,0,0,0,0,YES
MCPL/25-26/0001,01-04-2025,ASPEE SPRINGS LIMITED,BADDI,PANTNAGAR,ROAD,202613,31-03-2025,6,98,5.9,578.2,100,0,0,0,0,YES
MCPL/25-26/0001,01-04-2025,ASPEE SPRINGS LIMITED,BADDI,PANTNAGAR,ROAD,202614,31-03-2025,4,65,5.9,383.5,100,0,0,0,0,YES
MCPL/25-26/0001,01-04-2025,ASPEE SPRINGS LIMITED,BADDI,PANTNAGAR,ROAD,202615,31-03-2025,2,30,5.9,177,100,0,0,0,0,YES
MCPL/25-26/0001,01-04-2025,ASPEE SPRINGS LIMITED,BADDI,PANTNAGAR,ROAD,202616,31-03-2025,1,20,5.9,118,100,0,0,0,0,YES
MCPL/25-26/0001,01-04-2025,ASPEE SPRINGS LIMITED,BADDI,PANTNAGAR,ROAD,202617,31-03-2025,1,20,5.9,118,100,0,0,0,0,YES
MCPL/25-26/0001,01-04-2025,ASPEE SPRINGS LIMITED,BADDI,PANTNAGAR,ROAD,202618,31-03-2025,15,330,5.9,1947,100,0,0,0,0,YES
MCPL/25-26/0001,01-04-2025,ASPEE SPRINGS LIMITED,BADDI,PANTNAGAR,ROAD,202619,31-03-2025,1,20,5.9,118,100,0,0,0,0,YES
MCPL/25-26/0001,01-04-2025,ASPEE SPRINGS LIMITED,BADDI,PANTNAGAR,ROAD,202620,31-03-2025,4,42,5.9,247.8,100,0,0,0,0,YES
MCPL/25-26/0001,01-04-2025,ASPEE SPRINGS LIMITED,BADDI,PANTNAGAR,ROAD,202621,31-03-2025,1,31,5.9,182.9,100,0,0,0,0,YES
MCPL/25-26/0001,01-04-2025,ASPEE SPRINGS LIMITED,BADDI,PANTNAGAR,ROAD,202622,31-03-2025,1,20,5.9,118,100,0,650,0,0,YES
MCPL/25-26/0002,01-04-2025,ASPEE SPRINGS LIMITED,BADDI,RUDRAPUR,ROAD,202545,18-03-2025,1,20,6.5,130,100,0,350,0,0,YES
MCPL/25-26/0002,01-04-2025,ASPEE SPRINGS LIMITED,BADDI,RUDRAPUR,ROAD,202546,18-03-2025,1,20,6.5,130,100,0,350,0,0,YES
MCPL/25-26/0002,01-04-2025,ASPEE SPRINGS LIMITED,BADDI,RUDRAPUR,ROAD,202547,18-03-2025,1,20,6.5,130,100,0,0,0,0,YES
MCPL/25-26/0002,01-04-2025,ASPEE SPRINGS LIMITED,BADDI,RUDRAPUR,ROAD,202548,18-03-2025,1,20,6.5,130,100,0,0,0,0,YES
MCPL/25-26/0002,01-04-2025,ASPEE SPRINGS LIMITED,BADDI,RUDRAPUR,ROAD,202549,18-03-2025,2,34,6.5,221,100,0,0,0,0,YES
MCPL/25-26/0002,01-04-2025,ASPEE SPRINGS LIMITED,BADDI,RUDRAPUR,ROAD,202550,18-03-2025,1,20,6.5,130,100,0,0,0,0,YES
MCPL/25-26/0002,01-04-2025,ASPEE SPRINGS LIMITED,BADDI,RUDRAPUR,ROAD,202551,18-03-2025,4,42,6.5,273,100,0,0,0,0,YES
MCPL/25-26/0001,01-04-2025,ASPEE SPRINGS LIMITED,BADDI,PANTNAGAR,ROAD,202536,18-03-2025,1,31,5.9,182.9,100,0,0,0,0,YES
MCPL/25-26/0001,01-04-2025,ASPEE SPRINGS LIMITED,BADDI,PANTNAGAR,ROAD,202535,18-03-2025,1,22,5.9,129.8,100,0,0,0,0,YES
MCPL/25-26/0001,01-04-2025,ASPEE SPRINGS LIMITED,BADDI,PANTNAGAR,ROAD,202534,18-03-2025,2,27,5.9,159.3,100,0,0,0,0,YES
MCPL/25-26/0001,01-04-2025,ASPEE SPRINGS LIMITED,BADDI,PANTNAGAR,ROAD,202533,18-03-2025,1,23,5.9,135.7,100,0,0,0,0,YES
MCPL/25-26/0001,01-04-2025,ASPEE SPRINGS LIMITED,BADDI,PANTNAGAR,ROAD,202532,08-03-2025,2,20,5.9,118,100,0,0,0,0,YES
MCPL/25-26/0001,01-04-2025,ASPEE SPRINGS LIMITED,BADDI,PANTNAGAR,ROAD,202531,18-03-2025,2,20,5.9,118,100,0,0,0,0,YES
MCPL/25-26/0001,01-04-2025,ASPEE SPRINGS LIMITED,BADDI,PANTNAGAR,ROAD,202530,18-03-2025,6,85,5.9,501.5,100,0,0,0,0,YES
MCPL/25-26/0001,01-04-2025,ASPEE SPRINGS LIMITED,BADDI,PANTNAGAR,ROAD,202529,18-03-2025,1,20,5.9,118,100,0,0,0,0,YES
MCPL/25-26/0001,01-04-2025,ASPEE SPRINGS LIMITED,BADDI,PANTNAGAR,ROAD,202528,18-03-2025,1,20,5.9,118,100,0,0,0,0,YES
MCPL/25-26/0001,01-04-2025,ASPEE SPRINGS LIMITED,BADDI,PANTNAGAR,ROAD,202527,18-03-2025,1,20,5.9,118,100,0,0,0,0,YES
MCPL/25-26/0001,01-04-2025,ASPEE SPRINGS LIMITED,BADDI,PANTNAGAR,ROAD,202526,18-03-2025,2,47,5.9,277.3,100,0,0,0,0,YES
MCPL/25-26/0001,01-04-2025,ASPEE SPRINGS LIMITED,BADDI,PANTNAGAR,ROAD,202537,18-03-2025,1,23,5.9,135.7,100,0,0,0,0,YES
MCPL/25-26/0001,01-04-2025,ASPEE SPRINGS LIMITED,BADDI,PANTNAGAR,ROAD,202538,18-03-2025,2,20,5.9,118,100,0,0,0,0,YES
MCPL/25-26/0001,01-04-2025,ASPEE SPRINGS LIMITED,BADDI,PANTNAGAR,ROAD,202539,18-03-2025,1,20,5.9,118,100,0,0,0,0,YES
MCPL/25-26/0001,01-04-2025,ASPEE SPRINGS LIMITED,BADDI,PANTNAGAR,ROAD,202540,18-03-2025,1,20,5.9,118,100,0,0,0,0,YES
MCPL/25-26/0001,01-04-2025,ASPEE SPRINGS LIMITED,BADDI,PANTNAGAR,ROAD,202541,18-03-2025,1,20,5.9,118,100,0,0,0,0,YES
MCPL/25-26/0246,01-12-2025,STARWAYS INDUSTRIES- CHAKAN,PUNE,STG,TRAIN,203890,26-11-2025,28-Bag,870,20,17400,100,500,1000,0,0,YES
MCPL/25-26/0246,01-12-2025,STARWAYS INDUSTRIES- CHAKAN,PUNE,STG,TRAIN,203895,26-11-2025,20-Bag,370,20,7400,100,500,1000,0,0,YES
MCPL/25-26/0247,01-12-2025,STARWAYS PRECISIONS PVT. LTD.,PUNE,STG,AIR,203782,02-11-2025,17-Bag,450,65,29250,100,500,1000,0,0,YES
MCPL/25-26/0247,01-12-2025,STARWAYS PRECISIONS PVT. LTD.,PUNE,STG,AIR,203794,04-11-2025,1-Bag,50,65,3250,100,0,1000,0,0,YES
MCPL/25-26/0247,01-12-2025,STARWAYS PRECISIONS PVT. LTD.,PUNE,STG,AIR,203796,05-11-2025,2-Bag,50,65,3250,100,500,1000,0,0,YES
MCPL/25-26/0247,01-12-2025,STARWAYS PRECISIONS PVT. LTD.,PUNE,STG,AIR,203805,06-11-2025,2-Bag,50,65,3250,100,500,1000,0,0,YES
MCPL/25-26/0247,01-12-2025,STARWAYS PRECISIONS PVT. LTD.,PUNE,STG,AIR,203812,08-11-2025,1,50,65,3250,100,500,1000,0,0,YES
MCPL/25-26/0247,01-12-2025,STARWAYS PRECISIONS PVT. LTD.,PUNE,STG,AIR,203829,11-11-2025,9,120,65,7800,100,500,1000,0,0,YES
MCPL/25-26/0247,01-12-2025,STARWAYS PRECISIONS PVT. LTD.,PUNE,STG,AIR,203835,13-11-2025,5,100,65,6500,100,500,1000,0,0,YES
MCPL/25-26/0247,01-12-2025,STARWAYS PRECISIONS PVT. LTD.,PUNE,STG,AIR,203861,19-11-2025,9,140,65,9100,100,0,1000,0,0,YES
MCPL/25-26/0247,01-12-2025,STARWAYS PRECISIONS PVT. LTD.,PUNE,STG,AIR,203873,22-11-2025,2-Bag,50,65,3250,100,0,1000,0,0,YES
MCPL/25-26/0247,01-12-2025,STARWAYS PRECISIONS PVT. LTD.,PUNE,STG,AIR,203886,25-11-2025,1-Bag,50,65,3250,100,0,1000,0,0,YES
MCPL/25-26/0247,01-12-2025,STARWAYS PRECISIONS PVT. LTD.,PUNE,STG,AIR,203894,26-11-2025,12-Bag,595,65,38675,100,0,1000,0,0,YES
MCPL/25-26/0248,01-12-2025,STARWAYS PRECISIONS PVT. LTD.,PUNE,STG,TRAIN,203784,03-11-2025,31-Bag,570,20,11400,100,500,1000,0,0,YES
MCPL/25-26/0248,01-12-2025,STARWAYS PRECISIONS PVT. LTD.,PUNE,STG,TRAIN,203792,04-11-2025,10-Box,250,20,5000,100,500,1000,0,0,YES
MCPL/25-26/0248,01-12-2025,STARWAYS PRECISIONS PVT. LTD.,PUNE,STG,TRAIN,203807,07-11-2025,39,695,20,13900,100,500,1000,0,0,YES
MCPL/25-26/0248,01-12-2025,STARWAYS PRECISIONS PVT. LTD.,PUNE,STG,TRAIN,203819,10-11-2025,27,720,20,14400,100,500,1000,0,0,YES
MCPL/25-26/0248,01-12-2025,STARWAYS PRECISIONS PVT. LTD.,PUNE,STG,TRAIN,203848,15-11-2025,5,100,20,2000,100,500,1000,0,0,YES
MCPL/25-26/0248,01-12-2025,STARWAYS PRECISIONS PVT. LTD.,PUNE,STG,TRAIN,203849,15-11-2025,1,100,20,2000,100,0,1000,0,0,YES
MCPL/25-26/0248,01-12-2025,STARWAYS PRECISIONS PVT. LTD.,PUNE,STG,TRAIN,203851,16-11-2025,18,435,20,8700,100,500,1000,0,0,YES
MCPL/25-26/0248,01-12-2025,STARWAYS PRECISIONS PVT. LTD.,PUNE,STG,TRAIN,203858,18-11-2025,3,115,20,2300,100,500,1000,0,0,YES
MCPL/25-26/0248,01-12-2025,STARWAYS PRECISIONS PVT. LTD.,PUNE,STG,TRAIN,203860,19-11-2025,2,100,20,2000,100,500,1000,0,0,YES
MCPL/25-26/0248,01-12-2025,STARWAYS PRECISIONS PVT. LTD.,PUNE,STG,TRAIN,203869,21-11-2025,49-Bag,1150,20,23000,100,500,1000,0,0,YES
MCPL/25-26/0248,01-12-2025,STARWAYS PRECISIONS PVT. LTD.,PUNE,STG,TRAIN,203875,22-11-2025,14-Bag,230,20,4600,100,500,1000,0,0,YES
MCPL/25-26/0248,01-12-2025,STARWAYS PRECISIONS PVT. LTD.,PUNE,STG,TRAIN,203877,24-11-2025,35-Bag,890,20,17800,100,500,1000,0,0,YES
MCPL/25-26/0248,01-12-2025,STARWAYS PRECISIONS PVT. LTD.,PUNE,STG,TRAIN,203885,25-11-2025,40-Pkt,310,20,6200,100,500,1000,0,0,YES
MCPL/25-26/0248,01-12-2025,STARWAYS PRECISIONS PVT. LTD.,PUNE,STG,TRAIN,203893,26-11-2025,4-Bag,120,20,2400,100,500,1000,0,0,YES
MCPL/25-26/0248,01-12-2025,STARWAYS PRECISIONS PVT. LTD.,PUNE,STG,TRAIN,203899,27-11-2025,3-Bag,100,20,2000,100,500,1000,0,0,YES
MCPL/25-26/0248,01-12-2025,STARWAYS PRECISIONS PVT. LTD.,PUNE,STG,TRAIN,203900,28-11-2025,34-Bag,825,20,16500,100,500,1000,0,0,YES
MCPL/25-26/0249,31-12-2025,CJ DARCL LOGISTICS LIMITED,PANTNAGAR,DELHI,ROAD,203945,10-12-2025,10,0,0,7300,0,0,0,0,0,YES
MCPL/25-26/0249,31-12-2025,CJ DARCL LOGISTICS LIMITED,PANTNAGAR,DELHI,ROAD,203939,09-12-2025,8,0,0,7300,0,0,0,0,0,YES
MCPL/25-26/0249,31-12-2025,CJ DARCL LOGISTICS LIMITED,PANTNAGAR,DELHI,ROAD,203912,01-12-2025,23,0,0,3800,0,0,0,0,0,YES
MCPL/25-26/0250,31-12-2025,CJ DARCL LOGISTICS LIMITED,DELHI,PANTNAGAR,ROAD,203969,22-12-2025,1,0,0,2300,0,0,0,0,0,YES
MCPL/25-26/0250,31-12-2025,CJ DARCL LOGISTICS LIMITED,DELHI,PANTNAGAR,ROAD,203948,13-12-2025,1,0,0,2300,0,0,0,0,0,YES
MCPL/25-26/0250,31-12-2025,CJ DARCL LOGISTICS LIMITED,DELHI,PANTNAGAR,ROAD,203946,12-12-2025,3,0,0,2300,0,0,0,0,0,YES
MCPL/25-26/0250,31-12-2025,CJ DARCL LOGISTICS LIMITED,DELHI,PANTNAGAR,ROAD,203916,02-12-2025,3,0,0,2300,0,0,0,0,0,YES
MCPL/25-26/0250,31-12-2025,CJ DARCL LOGISTICS LIMITED,DELHI,PANTNAGAR,ROAD,203984,27-12-2025,2,0,0,2300,0,0,0,0,0,YES
MCPL/25-26/0251,31-12-2025,DALI SAMIR ENGG.PVT LTD-PUNE,PUNE,PANTNAGAR,TRAIN,203921,03-12-2025,8-Box,200,18,3600,0,1000,500,0,0,YES
MCPL/25-26/0251,31-12-2025,DALI SAMIR ENGG.PVT LTD-PUNE,PUNE,PANTNAGAR,TRAIN,203938,10-12-2025,3-Box,100,18,1800,0,1000,500,0,0,YES
MCPL/25-26/0252,31-12-2025,DALI SAMIR ENGG.PVT LTD-PUNE,PUNE,MAA,AIR,203955,16-12-2025,10,190,80,15200,100,1000,2500,0,0,YES
MCPL/25-26/0253,31-12-2025,DALI SAMIR ENGG.PVT LTD-PUNE,FBD,PANTNAGAR,ROAD,203990,31-12-2025,1,0,0,7000,100,0,0,0,0,YES
MCPL/25-26/0254,01-01-2026,U. S. AUTO CONTROLS PVT LTD,PUNE,PANTNAGAR,AIR,203926,05-12-2025,2,50,56,2800,100,500,1000,0,0,YES
MCPL/25-26/0254,01-01-2026,U. S. AUTO CONTROLS PVT LTD,PUNE,PANTNAGAR,AIR,203952,14-12-2025,2-Bag,50,56,2800,100,500,1000,0,0,YES
MCPL/25-26/0254,01-01-2026,U. S. AUTO CONTROLS PVT LTD,PUNE,PANTNAGAR,AIR,203966,21-12-2025,2-Bag,50,56,2800,100,500,1000,0,0,YES
MCPL/25-26/0254,01-01-2026,U. S. AUTO CONTROLS PVT LTD,PUNE,PANTNAGAR,AIR,203974,23-12-2025,2-Bag,50,56,2800,100,500,1000,0,0,YES
MCPL/25-26/0255,01-01-2026,U. S. AUTO CONTROLS PVT LTD,PUNE,BLR,AIR,203957,16-12-2025,1,50,80,4000,100,500,2500,0,0,YES
MCPL/25-26/0256,01-01-2026,STARWAYS PRECISIONS PVT. LTD.,PUNE,STG,AIR,203923,04-12-2025,1,50,65,3250,100,500,1000,0,0,YES
MCPL/25-26/0257,01-01-2026,STARWAYS PRECISIONS PVT. LTD.,PUNE,STG,TRAIN,203908,01-12-2025,56-Bag,1030,20,20600,100,500,1000,0,0,YES
MCPL/25-26/0257,01-01-2026,STARWAYS PRECISIONS PVT. LTD.,PUNE,STG,TRAIN,203922,03-12-2025,7-Bag,195,20,3900,100,500,1000,0,0,YES
MCPL/25-26/0257,01-01-2026,STARWAYS PRECISIONS PVT. LTD.,PUNE,STG,TRAIN,203929,06-12-2025,16-Bag,280,20,5600,100,500,1000,0,0,YES
MCPL/25-26/0257,01-01-2026,STARWAYS PRECISIONS PVT. LTD.,PUNE,STG,TRAIN,203935,08-12-2025,34-Bag,1020,20,20400,100,500,1000,0,0,YES
MCPL/25-26/0257,01-01-2026,STARWAYS PRECISIONS PVT. LTD.,PUNE,STG,TRAIN,203937,09-12-2025,7-Bag,175,20,3500,100,500,1000,0,0,YES
MCPL/25-26/0257,01-01-2026,STARWAYS PRECISIONS PVT. LTD.,PUNE,STG,TRAIN,203943,11-12-2025,3-Bag,100,20,2000,100,500,1000,0,0,YES
MCPL/25-26/0257,01-01-2026,STARWAYS PRECISIONS PVT. LTD.,PUNE,STG,TRAIN,203954,15-12-2025,3-Bag,100,20,2000,100,500,1000,0,0,YES
MCPL/25-26/0257,01-01-2026,STARWAYS PRECISIONS PVT. LTD.,PUNE,STG,TRAIN,203961,17-12-2025,11-Bag,285,20,5700,100,500,1000,0,0,YES
MCPL/25-26/0257,01-01-2026,STARWAYS PRECISIONS PVT. LTD.,PUNE,STG,TRAIN,203963,18-12-2025,1Bag,100,20,2000,100,500,1000,0,0,YES
MCPL/25-26/0257,01-01-2026,STARWAYS PRECISIONS PVT. LTD.,PUNE,STG,TRAIN,203964,19-12-2025,9-Bag,160,20,3200,100,500,1000,0,0,YES
MCPL/25-26/0257,01-01-2026,STARWAYS PRECISIONS PVT. LTD.,PUNE,STG,TRAIN,203971,22-12-2025,2-Bag,100,20,2000,100,500,1000,0,0,YES
MCPL/25-26/0257,01-01-2026,STARWAYS PRECISIONS PVT. LTD.,PUNE,STG,TRAIN,203972,22-12-2025,40,830,20,16600,100,500,1000,0,0,YES
MCPL/25-26/0257,01-01-2026,STARWAYS PRECISIONS PVT. LTD.,PUNE,STG,TRAIN,203976,24-12-2025,2-Bag,100,20,2000,100,500,1000,0,0,YES
MCPL/25-26/0257,01-01-2026,STARWAYS PRECISIONS PVT. LTD.,PUNE,STG,TRAIN,203977,24-12-2025,1-BOX,100,20,2000,100,0,1000,0,0,YES
MCPL/25-26/0257,01-01-2026,STARWAYS PRECISIONS PVT. LTD.,PUNE,STG,TRAIN,203983,26-12-2025,3-Bag,100,20,2000,100,500,1000,0,0,YES
MCPL/25-26/0257,01-01-2026,STARWAYS PRECISIONS PVT. LTD.,PUNE,STG,TRAIN,203985,28-12-2025,14-Bag,310,20,6200,100,500,1000,0,0,YES
MCPL/25-26/0257,01-01-2026,STARWAYS PRECISIONS PVT. LTD.,PUNE,STG,TRAIN,203988,31-12-2025,5-Bag,100,20,2000,100,500,1000,0,0,YES
MCPL/25-26/0258,01-01-2026,STARWAYS INDUSTRIES- CHAKAN,PUNE,STG,TRAIN,203951,14-12-2025,42-Bag,1350,20,27000,100,500,1000,0,0,YES
MCPL/25-26/0258,01-01-2026,STARWAYS INDUSTRIES- CHAKAN,PUNE,STG,TRAIN,203970,22-12-2025,5-Bag,130,20,2600,100,500,1000,0,0,YES
MCPL/25-26/0259,01-01-2026,STARWAYS INDUSTRIES- CHAKAN,PUNE,STG,AIR,203910,01-12-2025,14-Bag,285,65,18525,100,500,1000,0,0,YES
MCPL/25-26/0259,01-01-2026,STARWAYS INDUSTRIES- CHAKAN,PUNE,STG,AIR,203920,02-12-2025,1-Bag,50,65,3250,100,500,1000,0,0,YES
MCPL/25-26/0259,01-01-2026,STARWAYS INDUSTRIES- CHAKAN,PUNE,STG,AIR,203927,05-12-2025,4,100,65,6500,100,500,1000,0,0,YES
MCPL/25-26/0259,01-01-2026,STARWAYS INDUSTRIES- CHAKAN,PUNE,STG,AIR,203962,18-12-2025,1-Bag,50,65,3250,100,500,1000,0,0,YES
MCPL/25-26/0259,01-01-2026,STARWAYS INDUSTRIES- CHAKAN,PUNE,STG,AIR,203965,20-12-2025,1-Bag,50,65,3250,100,500,1000,0,0,YES
MCPL/25-26/0259,01-01-2026,STARWAYS INDUSTRIES- CHAKAN,PUNE,STG,AIR,203973,23-12-2025,1-Bag,50,65,3250,100,500,1000,0,0,YES
MCPL/25-26/0259,01-01-2026,STARWAYS INDUSTRIES- CHAKAN,PUNE,STG,AIR,203979,26-12-2025,1-Bag,50,65,3250,100,500,1000,0,0,YES
MCPL/25-26/0259,01-01-2026,STARWAYS INDUSTRIES- CHAKAN,PUNE,STG,AIR,203987,30-12-2025,1-Bag,50,65,3250,100,500,1000,0,0,YES
MCPL/25-26/0260,01-01-2026,HIMALAYAN AUTO ERA PVT LTD,PANTNAGAR,PUNE,ROAD-EXPRESS,203950,13-12-2025,20,650,25,16250,100,0,0,0,0,YES
MCPL/25-26/0261,01-01-2026,HIMALAYAN AUTO ERA PVT LTD,PUNE,PANTNAGAR,ROAD-EXPRESS,203956,16-12-2025,12,320,25,8000,100,0,0,0,0,YES
MCPL/25-26/0262,01-01-2026,HIMALAYAN AUTO ERA PVT LTD,PUNE,PANTNAGAR,ROAD-EXPRESS,203967,21-12-2025,1000pcs,5200,25,130000,100,0,0,0,0,YES
MCPL/25-26/0263,01-01-2026,Shreya Industries - PNQ,PUNE,NDA,ROAD,203930,06-12-2025,1,200,12,2400,100,0,1500,0,0,YES
MCPL/25-26/0264,01-01-2026,Shreya Industries - PNQ,PUNE,PANTNAGAR,ROAD,203907,01-12-2025,40,40,375,15000,100,0,0,0,0,YES
MCPL/25-26/0264,01-01-2026,Shreya Industries - PNQ,PUNE,PANTNAGAR,ROAD,203928,06-12-2025,27,27,375,10125,100,0,0,0,0,YES
MCPL/25-26/0264,01-01-2026,Shreya Industries - PNQ,PUNE,PANTNAGAR,ROAD,203936,09-12-2025,33,33,375,12375,100,0,0,0,0,YES
MCPL/25-26/0265,01-01-2026,Shreya Industries - PNQ,PUNE,PANTNAGAR,ROAD,203944,12-12-2025,40,40,375,15000,100,0,0,0,0,YES
MCPL/25-26/0265,01-01-2026,Shreya Industries - PNQ,PUNE,PANTNAGAR,ROAD,203953,15-12-2025,40,40,375,15000,100,0,0,0,0,YES
MCPL/25-26/0265,01-01-2026,Shreya Industries - PNQ,PUNE,PANTNAGAR,ROAD,203959,17-12-2025,40,40,375,15000,100,0,0,0,0,YES
MCPL/25-26/0266,01-01-2026,Shreya Industries - PNQ,PUNE,PANTNAGAR,ROAD,203968,22-12-2025,40,40,375,15000,100,0,0,0,0,YES
MCPL/25-26/0266,01-01-2026,Shreya Industries - PNQ,PUNE,PANTNAGAR,ROAD,203978,25-12-2025,40,40,375,15000,100,0,0,0,0,YES
MCPL/25-26/0266,01-01-2026,Shreya Industries - PNQ,PUNE,PANTNAGAR,ROAD,203986,29-12-2025,40,40,375,15000,100,0,0,0,0,YES
MCPL/25-26/0267,31-01-2026,CJ DARCL LOGISTICS LIMITED,DELHI,PANTNAGAR,Road,203992,05-01-2026,6,0,0,2600,0,0,0,0,0,YES
MCPL/25-26/0267,31-01-2026,CJ DARCL LOGISTICS LIMITED,PANTNAGAR,DELHI,Road,203995,05-01-2026,40,0,0,7300,0,0,0,0,0,YES
MCPL/25-26/0267,31-01-2026,CJ DARCL LOGISTICS LIMITED,DELHI,PANTNAGAR,Road,204034,17-01-2026,3,0,0,2300,0,0,0,0,0,YES
MCPL/25-26/0268,31-01-2026,ASHA INDUSTRIES,AURANGABAD,PANTNAGAR,Train,204014,12-01-2026,3,100,18,1800,100,1000,1000,0,0,YES
MCPL/25-26/0268,31-01-2026,ASHA INDUSTRIES,AURANGABAD,PANTNAGAR,Train,204057,20-01-2026,3,100,18,1800,100,1000,1000,0,0,YES
MCPL/25-26/0269,31-01-2026,DALI SAMIR ENGG.PVT LTD-PUNE,FARIDABAD,PANTNAGAR,Road,204065,26-01-2026,18,0,0,0,100,0,0,6000,0,YES
MCPL/25-26/0270,31-01-2026,DALI SAMIR ENGG.PVT LTD-PUNE,PUNE,PANTNAGAR,Train,204025,14-01-2026,6,150,18,2700,100,1000,500,0,0,YES
MCPL/25-26/0270,31-01-2026,DALI SAMIR ENGG.PVT LTD-PUNE,PUNE,PANTNAGAR,Train,204066,27-01-2026,8-Box,200,18,3600,100,1000,500,0,0,YES
MCPL/25-26/0270,31-01-2026,DALI SAMIR ENGG.PVT LTD-PUNE,PUNE,PANTNAGAR,Train,204070,28-01-2026,6-Box,150,18,2700,100,1000,500,0,0,YES
MCPL/25-26/0270,31-01-2026,DALI SAMIR ENGG.PVT LTD-PUNE,PUNE,PANTNAGAR,Train,204083,31-01-2026,6-Box,150,18,2700,100,1000,500,0,0,YES
MCPL/25-26/0271,31-01-2026,DALI SAMIR ENGG.PVT LTD-PUNE,PUNE,PANTNAGAR,Air,203993,05-01-2026,1,50,80,4000,100,1000,500,0,0,YES
MCPL/25-26/0271,31-01-2026,DALI SAMIR ENGG.PVT LTD-PUNE,PUNE,PANTNAGAR,Air,204003,08-01-2026,1,50,80,4000,100,1000,500,0,0,YES
MCPL/25-26/0271,31-01-2026,DALI SAMIR ENGG.PVT LTD-PUNE,PUNE,PANTNAGAR,Air,204017,13-01-2026,2,50,80,4000,100,1000,500,0,0,YES
MCPL/25-26/0271,31-01-2026,DALI SAMIR ENGG.PVT LTD-PUNE,PUNE,PANTNAGAR,Air,204064,27-01-2026,7-Box,140,80,11200,100,1000,0,6000,0,YES
MCPL/25-26/0271,31-01-2026,DALI SAMIR ENGG.PVT LTD-PUNE,PUNE,PANTNAGAR,Air,204069,28-01-2026,8-Box,160,80,12800,100,1000,500,0,0,YES
MCPL/25-26/0272,31-01-2026,HIMALAYAN AUTO ERA PVT LTD,PUNE,PANTNAGAR,Air,204023,14-01-2026,4,150,78,11700,100,0,0,0,0,YES
MCPL/25-26/0273,31-01-2026,HIMALAYAN AUTO ERA PVT LTD,PUNE,PANTNAGAR,Train,204030,16-01-2026,15,450,28,12600,100,0,0,0,0,YES
MCPL/25-26/0274,31-01-2026,HIMALAYAN AUTO ERA PVT LTD,PUNE,PANTNAGAR,Road,204049,22-01-2026,24,580,25,14500,100,0,0,0,0,YES
MCPL/25-26/0274,31-01-2026,HIMALAYAN AUTO ERA PVT LTD,PUNE,PANTNAGAR,Road,204050,22-01-2026,12-Bag,250,25,6250,100,0,0,0,0,YES
MCPL/25-26/0275,31-01-2026,PANORAMA AUTOMOTIVE IND. PVT. LTD.,PUNE,PANTNAGAR,Train,204018,13-01-2026,4,120,20,2400,100,800,500,0,0,YES
MCPL/25-26/0275,31-01-2026,PANORAMA AUTOMOTIVE IND. PVT. LTD.,PUNE,PANTNAGAR,Train,204004,08-01-2026,3,100,20,2000,100,800,500,0,0,YES
MCPL/25-26/0275,31-01-2026,PANORAMA AUTOMOTIVE IND. PVT. LTD.,PUNE,PANTNAGAR,Train,204022,14-01-2026,3,100,20,2000,100,800,500,0,0,YES
MCPL/25-26/0275,31-01-2026,PANORAMA AUTOMOTIVE IND. PVT. LTD.,PUNE,PANTNAGAR,Train,204040,19-01-2026,4-Bag,120,20,2400,100,800,500,0,0,YES
MCPL/25-26/0275,31-01-2026,PANORAMA AUTOMOTIVE IND. PVT. LTD.,PUNE,PANTNAGAR,Train,204079,30-01-2026,4,120,20,2400,100,800,500,0,0,YES
MCPL/25-26/0275,31-01-2026,PANORAMA AUTOMOTIVE IND. PVT. LTD.,PUNE,PANTNAGAR,Train,203839,15-11-2025,3,100,20,2000,100,800,500,0,0,YES
MCPL/25-26/0275,31-01-2026,PANORAMA AUTOMOTIVE IND. PVT. LTD.,PUNE,PANTNAGAR,Train,203924,04-12-2025,3,100,20,2000,100,800,500,0,0,YES
MCPL/25-26/0275,31-01-2026,PANORAMA AUTOMOTIVE IND. PVT. LTD.,PUNE,PANTNAGAR,Train,203949,13-12-2025,3,100,20,2000,100,800,500,0,0,YES
MCPL/25-26/0275,31-01-2026,PANORAMA AUTOMOTIVE IND. PVT. LTD.,PUNE,PANTNAGAR,Train,203958,15-12-2025,3,100,20,2000,100,800,500,0,0,YES
MCPL/25-26/0275,31-01-2026,PANORAMA AUTOMOTIVE IND. PVT. LTD.,PUNE,PANTNAGAR,Train,203960,17-12-2025,3,100,20,2000,100,800,500,0,0,YES
MCPL/25-26/0276,31-01-2026,PANORAMA AUTOMOTIVE IND. PVT. LTD.,PUNE,PANTNAGAR,Air,204043,20-01-2026,1,40,80,3200,100,800,500,0,0,YES
MCPL/25-26/0277,31-01-2026,BELRISE INDUSTRIES LTD UNIT-14,PANTNAGAR,PUNE,Air,203941,11-12-2025,2,50,60,3000,0,5000,500,0,0,YES
MCPL/25-26/0278,31-01-2026,STARWAYS INDUSTRIES- CHAKAN,PUNE,SITARGANJ,Train,203996,06-01-2026,5,120,20,2400,100,500,1000,0,0,YES
MCPL/25-26/0279,31-01-2026,STARWAYS INDUSTRIES- CHAKAN,PUNE,SITARGANJ,Air,203997,06-01-2026,1,50,65,3250,100,500,1000,0,0,YES
MCPL/25-26/0279,31-01-2026,STARWAYS INDUSTRIES- CHAKAN,PUNE,SITARGANJ,Air,204046,21-01-2026,2,50,65,3250,100,500,1000,0,0,YES
MCPL/25-26/0279,31-01-2026,STARWAYS INDUSTRIES- CHAKAN,PUNE,SITARGANJ,Air,204053,23-01-2026,2-Bag,50,65,3250,100,500,0,6500,0,YES
MCPL/25-26/0279,31-01-2026,STARWAYS INDUSTRIES- CHAKAN,PUNE,SITARGANJ,Air,204059,25-01-2026,1-Bag,50,65,3250,100,500,1000,0,0,YES
MCPL/25-26/0279,31-01-2026,STARWAYS INDUSTRIES- CHAKAN,PUNE,SITARGANJ,Air,204074,29-01-2026,1-Bag,50,65,3250,100,500,1000,0,0,YES
MCPL/25-26/0279,31-01-2026,STARWAYS INDUSTRIES- CHAKAN,PUNE,SITARGANJ,Air,204081,31-01-2026,1-Bag,50,65,3250,100,500,1000,0,0,YES
MCPL/25-26/0280,31-01-2026,STARWAYS INDUSTRIES (SI),SITARGANJ,AURANGABAD,Train,204020,14-01-2026,1,100,20,2000,100,2500,1000,0,0,YES
MCPL/25-26/0281,31-01-2026,STARWAYS PRECISIONS PVT. LTD. ,PUNE,SITARGANJ,Train,203991,03-01-2026,2,100,20,2000,100,500,1000,0,0,YES
MCPL/25-26/0281,31-01-2026,STARWAYS PRECISIONS PVT. LTD. ,PUNE,SITARGANJ,Train,204002,07-01-2026,16,335,20,6700,100,0,1000,0,0,YES
MCPL/25-26/0281,31-01-2026,STARWAYS PRECISIONS PVT. LTD. ,PUNE,SITARGANJ,Train,204007,08-01-2026,10,100,20,2000,100,500,1000,0,0,YES
MCPL/25-26/0281,31-01-2026,STARWAYS PRECISIONS PVT. LTD. ,PUNE,SITARGANJ,Train,204008,08-01-2026,55,1080,20,21600,100,0,1000,0,0,YES
MCPL/25-26/0281,31-01-2026,STARWAYS PRECISIONS PVT. LTD. ,PUNE,SITARGANJ,Train,204009,09-01-2026,2,100,20,2000,100,500,1000,0,0,YES
MCPL/25-26/0281,31-01-2026,STARWAYS PRECISIONS PVT. LTD. ,PUNE,SITARGANJ,Train,204027,15-01-2026,15,100,20,2000,100,500,1000,0,0,YES
MCPL/25-26/0281,31-01-2026,STARWAYS PRECISIONS PVT. LTD. ,PUNE,SITARGANJ,Train,204032,16-01-2026,8,210,20,4200,100,500,1000,0,0,YES
MCPL/25-26/0281,31-01-2026,STARWAYS PRECISIONS PVT. LTD. ,PUNE,SITARGANJ,Train,204062,25-01-2026,11-Bag,495,20,9900,100,0,1000,0,0,YES
MCPL/25-26/0281,31-01-2026,STARWAYS PRECISIONS PVT. LTD. ,PUNE,SITARGANJ,Train,204072,28-01-2026,9-Bag,180,20,3600,100,0,1000,0,0,YES
MCPL/25-26/0281,31-01-2026,STARWAYS PRECISIONS PVT. LTD. ,PUNE,SITARGANJ,Train,204085,31-01-2026,2-Bag,100,20,2000,100,0,1000,0,0,YES
MCPL/25-26/0282,31-01-2026,STARWAYS PRECISIONS PVT. LTD. ,PUNE,SITARGANJ,Air,204026,14-01-2026,5,105,60,6300,100,500,1000,0,0,YES
MCPL/25-26/0282,31-01-2026,STARWAYS PRECISIONS PVT. LTD. ,PUNE,SITARGANJ,Air,204001,07-01-2026,1,50,60,3000,100,500,1000,0,0,YES
MCPL/25-26/0282,31-01-2026,STARWAYS PRECISIONS PVT. LTD. ,PUNE,SITARGANJ,Air,204044,20-01-2026,4-Bag,60,60,3600,100,500,1000,0,0,YES
MCPL/25-26/0282,31-01-2026,STARWAYS PRECISIONS PVT. LTD. ,PUNE,SITARGANJ,Air,204048,21-01-2026,1-Bag,50,60,3000,100,500,1000,0,0,YES
MCPL/25-26/0282,31-01-2026,STARWAYS PRECISIONS PVT. LTD. ,PUNE,SITARGANJ,Air,204052,22-01-2026,2-Bag,50,60,3000,100,500,0,6500,0,YES
MCPL/25-26/0282,31-01-2026,STARWAYS PRECISIONS PVT. LTD. ,PUNE,SITARGANJ,Air,204056,23-01-2026,3-Bag,70,60,4200,100,500,1000,0,0,YES
MCPL/25-26/0282,31-01-2026,STARWAYS PRECISIONS PVT. LTD. ,PUNE,SITARGANJ,Air,204061,25-01-2026,2-Bag,50,60,3000,100,500,1000,0,0,YES
MCPL/25-26/0282,31-01-2026,STARWAYS PRECISIONS PVT. LTD. ,PUNE,SITARGANJ,Air,204067,27-01-2026,1-Bag,50,60,3000,100,500,1000,0,0,YES
MCPL/25-26/0282,31-01-2026,STARWAYS PRECISIONS PVT. LTD. ,PUNE,SITARGANJ,Air,204073,28-01-2026,4-Bag,90,60,5400,100,500,1000,0,0,YES
MCPL/25-26/0282,31-01-2026,STARWAYS PRECISIONS PVT. LTD. ,PUNE,SITARGANJ,Air,204076,29-01-2026,1-Bag,50,60,3000,100,500,1000,0,0,YES
MCPL/25-26/0283,31-01-2026,U. S. AUTO CONTROLS PVT LTD ,PUNE,PANTNAGAR,Air,204000,07-01-2026,2,60,56,3360,100,500,0,6500,0,YES
MCPL/25-26/0283,31-01-2026,U. S. AUTO CONTROLS PVT LTD ,PUNE,PANTNAGAR,Air,204005,08-01-2026,2,60,56,3360,100,500,1000,0,0,YES
MCPL/25-26/0283,31-01-2026,U. S. AUTO CONTROLS PVT LTD ,PUNE,PANTNAGAR,Air,204012,10-01-2026,2,50,56,2800,100,500,1000,0,0,YES
MCPL/25-26/0283,31-01-2026,U. S. AUTO CONTROLS PVT LTD ,PUNE,PANTNAGAR,Air,204019,13-01-2026,2,65,56,3640,100,500,1000,0,0,YES
MCPL/25-26/0283,31-01-2026,U. S. AUTO CONTROLS PVT LTD ,PUNE,PANTNAGAR,Air,204028,15-01-2026,3,75,56,4200,100,500,1000,0,0,YES
MCPL/25-26/0283,31-01-2026,U. S. AUTO CONTROLS PVT LTD ,PUNE,PANTNAGAR,Air,204037,18-01-2026,2,50,56,2800,100,500,1000,0,0,YES
MCPL/25-26/0283,31-01-2026,U. S. AUTO CONTROLS PVT LTD ,PUNE,PANTNAGAR,Air,204047,21-01-2026,3,75,56,4200,100,500,1000,0,0,YES
MCPL/25-26/0284,31-01-2026,U. S. AUTO CONTROLS PVT LTD ,PANTNAGAR,PUNE,Air,204035,17-01-2026,1,50,56,2800,100,1000,500,0,0,YES
MCPL/25-26/0285,01-02-2026,SHREYA INDUSTRIES - PNQ,PUNE,PANTNAGAR,Air,203994,05-01-2026,24,960,60,57600,100,0,4000,0,0,YES
MCPL/25-26/0286,01-02-2026,SHREYA INDUSTRIES - PNQ,PUNE,PANTNAGAR,Air,203998,06-01-2026,24,960,60,57600,100,0,4000,0,0,YES
MCPL/25-26/0287,01-02-2026,SHREYA INDUSTRIES - PNQ,PUNE,NOIDA,Road,204077,30-01-2026,1,200,12,2400,100,0,1500,0,0,YES
MCPL/25-26/0288,01-02-2026,SHREYA INDUSTRIES - PNQ,PUNE,PANTNAGAR,Road,203989,02-01-2026,40,40,375,15000,100,0,0,0,0,YES
MCPL/25-26/0288,01-02-2026,SHREYA INDUSTRIES - PNQ,PUNE,PANTNAGAR,Road,203999,07-01-2026,24,24,375,9000,100,0,0,0,0,YES
MCPL/25-26/0288,01-02-2026,SHREYA INDUSTRIES - PNQ,PUNE,PANTNAGAR,Road,204006,08-01-2026,24,24,375,9000,100,0,0,0,0,YES
MCPL/25-26/0288,01-02-2026,SHREYA INDUSTRIES - PNQ,PUNE,PANTNAGAR,Road,204010,10-01-2026,25,25,375,9375,100,0,0,0,0,YES
MCPL/25-26/0288,01-02-2026,SHREYA INDUSTRIES - PNQ,PUNE,PANTNAGAR,Road,204011,10-01-2026,25,25,375,9375,100,0,0,0,0,YES
MCPL/25-26/0289,01-02-2026,SHREYA INDUSTRIES - PNQ,PUNE,PANTNAGAR,Road,204015,13-01-2026,26,26,375,9750,100,0,0,0,0,YES
MCPL/25-26/0289,01-02-2026,SHREYA INDUSTRIES - PNQ,PUNE,PANTNAGAR,Road,204016,13-01-2026,26,26,375,9750,100,0,0,0,0,YES
MCPL/25-26/0289,01-02-2026,SHREYA INDUSTRIES - PNQ,PUNE,PANTNAGAR,Road,204024,14-01-2026,26,26,375,9750,100,0,0,0,0,YES
MCPL/25-26/0289,01-02-2026,SHREYA INDUSTRIES - PNQ,PUNE,PANTNAGAR,Road,204029,16-01-2026,26,26,375,9750,100,0,0,0,0,YES
MCPL/25-26/0289,01-02-2026,SHREYA INDUSTRIES - PNQ,PUNE,PANTNAGAR,Road,204033,17-01-2026,26,26,375,9750,100,0,0,0,0,YES
MCPL/25-26/0289,01-02-2026,SHREYA INDUSTRIES - PNQ,PUNE,PANTNAGAR,Road,204036,18-01-2026,26-Box,26,375,9750,100,0,0,0,0,YES
MCPL/25-26/0289,01-02-2026,SHREYA INDUSTRIES - PNQ,PUNE,PANTNAGAR,Road,204038,19-01-2026,27-Box,27,375,10125,100,0,0,0,0,YES
MCPL/25-26/0289,01-02-2026,SHREYA INDUSTRIES - PNQ,PUNE,PANTNAGAR,Road,204041,20-01-2026,27-Box,27,375,10125,100,0,0,0,0,YES
MCPL/25-26/0290,01-02-2026,SHREYA INDUSTRIES - PNQ,PUNE,PANTNAGAR,Road,204045,21-01-2026,28-Box,28,375,10500,100,0,0,0,0,YES
MCPL/25-26/0290,01-02-2026,SHREYA INDUSTRIES - PNQ,PUNE,PANTNAGAR,Road,204051,22-01-2026,28-Box,28,375,10500,100,0,0,0,0,YES
MCPL/25-26/0290,01-02-2026,SHREYA INDUSTRIES - PNQ,PUNE,PANTNAGAR,Road,204054,23-01-2026,28-Box,28,375,10500,100,0,0,0,0,YES
MCPL/25-26/0290,01-02-2026,SHREYA INDUSTRIES - PNQ,PUNE,PANTNAGAR,Road,204058,24-01-2026,29-Box,29,375,10875,100,0,0,0,0,YES
MCPL/25-26/0290,01-02-2026,SHREYA INDUSTRIES - PNQ,PUNE,PANTNAGAR,Road,204060,25-01-2026,30-Box,30,375,11250,100,0,0,0,0,YES
MCPL/25-26/0290,01-02-2026,SHREYA INDUSTRIES - PNQ,PUNE,PANTNAGAR,Road,204068,28-01-2026,30,30,375,11250,100,0,0,0,0,YES
MCPL/25-26/0290,01-02-2026,SHREYA INDUSTRIES - PNQ,PUNE,PANTNAGAR,Road,204071,28-01-2026,30-Box,30,375,11250,100,0,0,0,0,YES
MCPL/25-26/0290,01-02-2026,SHREYA INDUSTRIES - PNQ,PUNE,PANTNAGAR,Road,204075,29-01-2026,30-Box,30,375,11250,100,0,0,0,0,YES
MCPL/25-26/0290,01-02-2026,SHREYA INDUSTRIES - PNQ,PUNE,PANTNAGAR,Road,204080,31-01-2026,30-Box,30,375,11250,100,0,0,0,0,YES
MCPL/25-26/0282,31-01-2026,STARWAYS PRECISIONS PVT. LTD.,PUNE,SITARGANJ,Air,204084,31-01-2026,1,50,60,3000,100,500,1000,0,0,YES
MCPL/25-26/0291,28-02-2026,CJ DARCL LOGISTICS LIMITED,PANTNAGAR,DELHI,Road,204164,17-02-2026,57,0,0,9000,0,0,0,0,0,YES
MCPL/25-26/0291,28-02-2026,CJ DARCL LOGISTICS LIMITED,PANTNAGAR,DELHI,Road,204189,21-02-2026,75,0,0,9000,0,0,0,0,0,YES
MCPL/25-26/0291,28-02-2026,CJ DARCL LOGISTICS LIMITED,PANTNAGAR,DELHI,Road,204209,27-02-2026,40,0,0,7300,0,0,0,0,0,YES
MCPL/25-26/0292,28-02-2026,CJ DARCL LOGISTICS LIMITED,DELHI,PANTNAGAR,Road,204088,02-02-2026,2,0,0,2300,0,0,0,0,0,YES
MCPL/25-26/0292,28-02-2026,CJ DARCL LOGISTICS LIMITED,DELHI,PANTNAGAR,Road,204117,08-02-2026,2,0,0,2300,0,0,0,0,0,YES
MCPL/25-26/0292,28-02-2026,CJ DARCL LOGISTICS LIMITED,DELHI,PANTNAGAR,Road,204118,09-02-2026,3,0,0,2300,0,0,0,0,0,YES
MCPL/25-26/0292,28-02-2026,CJ DARCL LOGISTICS LIMITED,DELHI,PANTNAGAR,Road,204148,06-02-2026,2,0,0,2300,0,0,0,0,0,YES
MCPL/25-26/0292,28-02-2026,CJ DARCL LOGISTICS LIMITED,DELHI,PANTNAGAR,Road,204188,21-02-2026,4,0,0,2300,0,0,0,0,0,YES
MCPL/25-26/0292,28-02-2026,CJ DARCL LOGISTICS LIMITED,DELHI,PANTNAGAR,Road,204208,27-02-2026,6,0,0,2600,0,0,0,0,0,YES
MCPL/25-26/0293,28-02-2026,VENKATESH AUTOMOBILE PVT LTD,CHANDIGARH,PUNE,Air,204021,13-01-2026,6,120,85,10200,100,4000,1500,0,0,YES
MCPL/25-26/0294,28-02-2026,PRECIFAST PRIVATE LIMITED,PUNE,PANTNAGAR,Train,204217,28-02-2026,15-Box,180,20,3600,100,500,1500,0,0,YES
MCPL/25-26/0295,28-02-2026,REUTTER INNOVATIVE CLOSURE TECHNOLOGIES (P) LTD,CHENNAI,PUNE,Air,204206,26-02-2026,5,130,80,10400,100,2000,1500,0,0,YES
MCPL/25-26/0295,28-02-2026,REUTTER INNOVATIVE CLOSURE TECHNOLOGIES (P) LTD,CHENNAI,PUNE,Air,204216,28-02-2026,6,156,80,12480,100,2000,1500,0,0,YES
MCPL/25-26/0296,28-02-2026,PANORAMA AUTOMOTIVE IND. PVT. LTD.,PUNE,PANTNAGAR,Train,204092,03-02-2026,3-Bag,80,20,1600,100,800,500,0,0,YES
MCPL/25-26/0296,28-02-2026,PANORAMA AUTOMOTIVE IND. PVT. LTD.,PUNE,PANTNAGAR,Train,204099,04-02-2026,2-Bag,80,20,1600,100,800,500,0,0,YES
MCPL/25-26/0296,28-02-2026,PANORAMA AUTOMOTIVE IND. PVT. LTD.,PUNE,PANTNAGAR,Train,204136,13-02-2026,3-Bag,85,20,1700,100,800,500,0,0,YES
MCPL/25-26/0297,28-02-2026,DALI SAMIR ENGG.PVT LTD-PUNE,FARIDABAD,PANTNAGAR,Road,204149,13-02-2026,8,0,0,0,100,0,6000,0,0,YES
MCPL/25-26/0298,28-02-2026,DALI SAMIR ENGG.PVT LTD-PUNE,PUNE,PANTNAGAR,Train,204087,02-02-2026,20-Box,500,18,9000,100,1000,500,0,0,YES
MCPL/25-26/0298,28-02-2026,DALI SAMIR ENGG.PVT LTD-PUNE,PUNE,PANTNAGAR,Train,204109,06-02-2026,7-BOX,175,18,3150,100,1000,500,0,0,YES
MCPL/25-26/0298,28-02-2026,DALI SAMIR ENGG.PVT LTD-PUNE,PUNE,PANTNAGAR,Train,204114,07-02-2026,6-Box,150,18,2700,100,1000,500,0,0,YES
MCPL/25-26/0298,28-02-2026,DALI SAMIR ENGG.PVT LTD-PUNE,PUNE,PANTNAGAR,Train,204120,09-02-2026,4-Box,100,18,1800,100,1000,500,0,0,YES
MCPL/25-26/0298,28-02-2026,DALI SAMIR ENGG.PVT LTD-PUNE,PUNE,PANTNAGAR,Train,204126,10-02-2026,3-Box,100,18,1800,100,1000,500,0,0,YES
MCPL/25-26/0299,28-02-2026,DALI SAMIR ENGG.PVT LTD-PUNE,PUNE,PANTNAGAR,Train,204130,11-02-2026,6-Box,150,18,2700,100,1000,500,0,0,YES
MCPL/25-26/0299,28-02-2026,DALI SAMIR ENGG.PVT LTD-PUNE,PUNE,PANTNAGAR,Train,204140,13-02-2026,6-BOX,150,18,2700,100,1000,500,0,0,YES
MCPL/25-26/0299,28-02-2026,DALI SAMIR ENGG.PVT LTD-PUNE,PUNE,PANTNAGAR,Train,204152,16-02-2026,6-Box,150,18,2700,100,1000,500,0,0,YES
MCPL/25-26/0299,28-02-2026,DALI SAMIR ENGG.PVT LTD-PUNE,PUNE,PANTNAGAR,Train,204163,16-02-2026,8,200,18,3600,100,1000,500,0,0,YES
MCPL/25-26/0300,28-02-2026,HIMALAYAN AUTO ERA PVT LTD,PUNE,PANTNAGAR,Air,204183,23-02-2026,2-Box,50,78,3900,100,0,0,0,0,YES
MCPL/25-26/0300,28-02-2026,HIMALAYAN AUTO ERA PVT LTD,PUNE,PANTNAGAR,Air,204213,28-02-2026,30,255,78,19890,100,0,0,0,0,YES
MCPL/25-26/0301,28-02-2026,HIMALAYAN AUTO ERA PVT LTD,PUNE,PANTNAGAR,Road-Express,204155,17-02-2026,1-W/Box,550,25,13750,100,0,0,0,0,YES
MCPL/25-26/0301,28-02-2026,HIMALAYAN AUTO ERA PVT LTD,PUNE,PANTNAGAR,Road-Express,204182,23-02-2026,92-Box,2070,25,51750,100,0,0,0,0,YES
MCPL/25-26/0301,28-02-2026,HIMALAYAN AUTO ERA PVT LTD,PUNE,PANTNAGAR,Road-Express,204214,28-02-2026,34,285,25,7125,100,0,0,0,0,YES
MCPL/25-26/0302,28-02-2026,HIMALAYAN AUTO ERA PVT LTD,GURUGRAM,PANTNAGAR,Road-Express,204101,04-02-2026,2,0,0,0,100,0,7000,0,0,YES
MCPL/25-26/0302,28-02-2026,HIMALAYAN AUTO ERA PVT LTD,GURUGRAM,PANTNAGAR,Road-Express,204212,28-02-2026,LOOSE,0,0,0,100,0,7000,0,0,YES
MCPL/25-26/0303,28-02-2026,HIMALAYAN AUTO ERA PVT LTD,PANTNAGAR,PUNE,Air,204116,07-02-2026,2,120,78,9360,100,0,0,0,0,YES
MCPL/25-26/0304,28-02-2026,SHREYA INDUSTRIES - PNQ,PUNE,PANTNAGAR,Road,204086,02-02-2026,36-Box,36,375,13500,100,0,0,0,0,YES
MCPL/25-26/0304,28-02-2026,SHREYA INDUSTRIES - PNQ,PUNE,PANTNAGAR,Road,204093,03-02-2026,36-Box,36,375,13500,100,0,0,0,0,YES
MCPL/25-26/0304,28-02-2026,SHREYA INDUSTRIES - PNQ,PUNE,PANTNAGAR,Road,204100,04-02-2026,36-Box,36,375,13500,100,0,0,0,0,YES
MCPL/25-26/0304,28-02-2026,SHREYA INDUSTRIES - PNQ,PUNE,PANTNAGAR,Road,204108,06-02-2026,36,36,375,13500,100,0,0,0,0,YES
MCPL/25-26/0304,28-02-2026,SHREYA INDUSTRIES - PNQ,PUNE,PANTNAGAR,Road,204110,07-02-2026,36-Box,36,375,13500,100,0,0,0,0,YES
MCPL/25-26/0304,28-02-2026,SHREYA INDUSTRIES - PNQ,PUNE,PANTNAGAR,Road,204112,07-02-2026,36-Box,36,375,13500,100,0,0,0,0,YES
MCPL/25-26/0304,28-02-2026,SHREYA INDUSTRIES - PNQ,PUNE,PANTNAGAR,Road,204122,10-02-2026,36-Box,36,375,13500,100,0,0,0,0,YES
MCPL/25-26/0305,28-02-2026,SHREYA INDUSTRIES - PNQ,PUNE,PANTNAGAR,Road,204128,11-02-2026,36-Box,36,375,13500,100,0,0,0,0,YES
MCPL/25-26/0305,28-02-2026,SHREYA INDUSTRIES - PNQ,PUNE,PANTNAGAR,Road,204133,12-02-2026,36-Box,36,375,13500,100,0,0,0,0,YES
MCPL/25-26/0305,28-02-2026,SHREYA INDUSTRIES - PNQ,PUNE,PANTNAGAR,Road,204135,13-02-2026,36-Box,36,375,13500,100,0,0,0,0,YES
MCPL/25-26/0305,28-02-2026,SHREYA INDUSTRIES - PNQ,PUNE,PANTNAGAR,Road,204144,15-02-2026,20-Box,20,375,7500,100,0,0,0,0,YES
MCPL/25-26/0305,28-02-2026,SHREYA INDUSTRIES - PNQ,PUNE,PANTNAGAR,Road,204145,15-02-2026,16-Box,16,375,6000,100,0,0,0,0,YES
MCPL/25-26/0305,28-02-2026,SHREYA INDUSTRIES - PNQ,PUNE,PANTNAGAR,Road,204153,17-02-2026,20-Box,20,375,7500,100,0,0,0,0,YES
MCPL/25-26/0305,28-02-2026,SHREYA INDUSTRIES - PNQ,PUNE,PANTNAGAR,Road,204154,17-02-2026,16-Box,16,375,6000,100,0,0,0,0,YES
MCPL/25-26/0305,28-02-2026,SHREYA INDUSTRIES - PNQ,PUNE,PANTNAGAR,Road,204158,18-02-2026,27-Box,27,375,10125,100,0,0,0,0,YES
MCPL/25-26/0305,28-02-2026,SHREYA INDUSTRIES - PNQ,PUNE,PANTNAGAR,Road,204166,19-02-2026,16-Box,16,375,6000,100,0,0,0,0,YES
MCPL/25-26/0305,28-02-2026,SHREYA INDUSTRIES - PNQ,PUNE,PANTNAGAR,Road,204167,19-02-2026,20-Box,20,375,7500,100,0,0,0,0,YES
MCPL/25-26/0306,28-02-2026,SHREYA INDUSTRIES - PNQ,PUNE,PANTNAGAR,Road,204172,21-02-2026,20-Box,20,375,7500,100,0,0,0,0,YES
MCPL/25-26/0306,28-02-2026,SHREYA INDUSTRIES - PNQ,PUNE,PANTNAGAR,Road,204173,21-02-2026,16-Box,16,375,6000,100,0,0,0,0,YES
MCPL/25-26/0306,28-02-2026,SHREYA INDUSTRIES - PNQ,PUNE,PANTNAGAR,Road,204180,23-02-2026,20-Box,20,375,7500,100,0,0,0,0,YES
MCPL/25-26/0306,28-02-2026,SHREYA INDUSTRIES - PNQ,PUNE,PANTNAGAR,Road,204181,23-02-2026,16-Box,16,375,6000,100,0,0,0,0,YES
MCPL/25-26/0306,28-02-2026,SHREYA INDUSTRIES - PNQ,PUNE,PANTNAGAR,Road,204198,26-02-2026,30-Box,30,375,11250,100,0,0,0,0,YES
MCPL/25-26/0306,28-02-2026,SHREYA INDUSTRIES - PNQ,PUNE,PANTNAGAR,Road,204199,26-02-2026,36-Box,36,375,13500,100,0,0,0,0,YES
MCPL/25-26/0307,28-02-2026,U. S. AUTO CONTROLS PVT LTD ,PUNE,HOSUR,Air,204096,04-02-2026,4-Bag,80,80,6400,100,500,3500,0,0,YES
MCPL/25-26/0307,28-02-2026,U. S. AUTO CONTROLS PVT LTD ,PUNE,HOSUR,Air,204131,11-02-2026,1-Bag,50,80,4000,100,500,3500,0,0,YES
MCPL/25-26/0308,28-02-2026,U. S. AUTO CONTROLS PVT LTD ,PUNE,BANGALORE,Air,204186,23-02-2026,6-Bag,150,80,12000,100,500,2500,0,0,YES
MCPL/25-26/0309,28-02-2026,U. S. AUTO CONTROLS PVT LTD ,PUNE,PANTNAGAR,Air,204106,05-02-2026,3-Bag,75,56,4200,100,500,1000,0,0,YES
MCPL/25-26/0309,28-02-2026,U. S. AUTO CONTROLS PVT LTD ,PUNE,PANTNAGAR,Air,204115,08-02-2026,3-Bag,75,56,4200,100,500,1000,0,0,YES
MCPL/25-26/0309,28-02-2026,U. S. AUTO CONTROLS PVT LTD ,PUNE,PANTNAGAR,Air,204127,10-02-2026,4-Bag,100,56,5600,100,500,1000,0,0,YES
MCPL/25-26/0309,28-02-2026,U. S. AUTO CONTROLS PVT LTD ,PUNE,PANTNAGAR,Air,204147,15-02-2026,3-Bag,75,56,4200,100,500,1000,0,0,YES
MCPL/25-26/0309,28-02-2026,U. S. AUTO CONTROLS PVT LTD ,PUNE,PANTNAGAR,Air,204185,23-02-2026,2-Bag,50,56,2800,100,500,1000,0,0,YES
MCPL/25-26/0309,28-02-2026,U. S. AUTO CONTROLS PVT LTD ,PUNE,PANTNAGAR,Air,204193,24-02-2026,4-Bag,100,56,5600,100,500,1000,0,0,YES
MCPL/25-26/0309,28-02-2026,U. S. AUTO CONTROLS PVT LTD ,PUNE,PANTNAGAR,Air,204197,25-02-2026,2-Bag,50,56,2800,100,500,1000,0,0,YES
MCPL/25-26/0309,28-02-2026,U. S. AUTO CONTROLS PVT LTD ,PUNE,PANTNAGAR,Air,204205,26-02-2026,2-Bag,50,56,2800,100,500,1000,0,0,YES
MCPL/25-26/0310,01-03-2026,STARWAYS INDUSTRIES- CHAKAN,PUNE,SITARGANJ,Air,204105,05-02-2026,1-Bag,50,65,3250,100,500,1000,0,0,YES
MCPL/25-26/0310,01-03-2026,STARWAYS INDUSTRIES- CHAKAN,PUNE,SITARGANJ,Air,204111,07-02-2026,1-Bag,50,65,3250,100,500,1000,0,0,YES
MCPL/25-26/0310,01-03-2026,STARWAYS INDUSTRIES- CHAKAN,PUNE,SITARGANJ,Air,204123,10-02-2026,1-Bag,50,65,3250,100,500,1000,0,0,YES
MCPL/25-26/0310,01-03-2026,STARWAYS INDUSTRIES- CHAKAN,PUNE,SITARGANJ,Air,204138,13-02-2026,1-Bag,50,65,3250,100,500,1000,0,0,YES
MCPL/25-26/0310,01-03-2026,STARWAYS INDUSTRIES- CHAKAN,PUNE,SITARGANJ,Air,204156,17-02-2026,5-Bag,75,65,4875,100,500,1000,0,0,YES
MCPL/25-26/0310,01-03-2026,STARWAYS INDUSTRIES- CHAKAN,PUNE,SITARGANJ,Air,204169,20-02-2026,1-Bag,50,65,3250,100,500,1000,0,0,YES
MCPL/25-26/0310,01-03-2026,STARWAYS INDUSTRIES- CHAKAN,PUNE,SITARGANJ,Air,204178,22-02-2026,11-Bag,165,65,10725,100,500,1000,0,0,YES
MCPL/25-26/0310,01-03-2026,STARWAYS INDUSTRIES- CHAKAN,PUNE,SITARGANJ,Air,204191,24-02-2026,9-Bag,135,65,8775,100,500,1000,0,0,YES
MCPL/25-26/0310,01-03-2026,STARWAYS INDUSTRIES- CHAKAN,PUNE,SITARGANJ,Air,204194,25-02-2026,8-Bag,80,65,5200,100,500,1000,0,0,YES
MCPL/25-26/0311,01-03-2026,STARWAYS INDUSTRIES- CHAKAN,PUNE,SITARGANJ,Train,204170,20-02-2026,11-Bag,132,20,2640,100,500,1000,0,0,YES
MCPL/25-26/0311,01-03-2026,STARWAYS INDUSTRIES- CHAKAN,PUNE,SITARGANJ,Train,204177,22-02-2026,18-Bag,491,20,9820,100,500,1000,0,0,YES
MCPL/25-26/0311,01-03-2026,STARWAYS INDUSTRIES- CHAKAN,PUNE,SITARGANJ,Train,204195,25-02-2026,8-Bag,150,20,3000,100,500,1000,0,0,YES
MCPL/25-26/0311,01-03-2026,STARWAYS INDUSTRIES- CHAKAN,PUNE,SITARGANJ,Train,204203,26-02-2026,6-Bag,94,20,1880,100,500,1000,0,0,YES
MCPL/25-26/0311,01-03-2026,STARWAYS INDUSTRIES- CHAKAN,PUNE,SITARGANJ,Train,204210,27-02-2026,14-Bag,365,20,7300,100,500,1000,0,0,YES
MCPL/25-26/0311,01-03-2026,STARWAYS INDUSTRIES- CHAKAN,PUNE,SITARGANJ,Train,204215,28-02-2026,15-Bag,223,20,4460,100,500,1000,0,0,YES
MCPL/25-26/0312,01-03-2026,STARWAYS PRECISIONS PVT. LTD. ,PUNE,SITARGANJ,Train,204104,04-02-2026,9-Bag,225,20,4500,100,0,1000,0,0,YES
MCPL/25-26/0312,01-03-2026,STARWAYS PRECISIONS PVT. LTD. ,PUNE,SITARGANJ,Train,204132,11-02-2026,2-Bag,130,20,2600,100,0,1000,0,0,YES
MCPL/25-26/0312,01-03-2026,STARWAYS PRECISIONS PVT. LTD. ,PUNE,SITARGANJ,Train,204151,16-02-2026,5-Bag,365,20,7300,100,0,1000,0,0,YES
MCPL/25-26/0312,01-03-2026,STARWAYS PRECISIONS PVT. LTD. ,PUNE,SITARGANJ,Train,204162,18-02-2026,6-Bag,140,20,2800,100,0,1000,0,0,YES
MCPL/25-26/0312,01-03-2026,STARWAYS PRECISIONS PVT. LTD. ,PUNE,SITARGANJ,Train,204219,28-02-2026,2-Bag,100,20,2000,100,0,1000,0,0,YES
MCPL/25-26/0313,01-03-2026,STARWAYS PRECISIONS PVT. LTD. ,PUNE,SITARGANJ,Air,204125,10-02-2026,2-Bag,50,65,3250,100,0,1000,0,0,YES
MCPL/25-26/0313,01-03-2026,STARWAYS PRECISIONS PVT. LTD. ,PUNE,SITARGANJ,Air,204124,10-02-2026,1-Bag,50,65,3250,100,500,1000,0,0,YES
MCPL/25-26/0313,01-03-2026,STARWAYS PRECISIONS PVT. LTD. ,PUNE,SITARGANJ,Air,204119,09-02-2026,2-Bag,50,65,3250,100,500,1000,0,0,YES
MCPL/25-26/0313,01-03-2026,STARWAYS PRECISIONS PVT. LTD. ,PUNE,SITARGANJ,Air,204113,07-02-2026,4-Bag,75,65,4875,100,500,1000,0,0,YES
MCPL/25-26/0313,01-03-2026,STARWAYS PRECISIONS PVT. LTD. ,PUNE,SITARGANJ,Air,204103,04-02-2026,3-Bag,80,65,5200,100,500,1000,0,0,YES
MCPL/25-26/0313,01-03-2026,STARWAYS PRECISIONS PVT. LTD. ,PUNE,SITARGANJ,Air,204107,05-02-2026,1-Bag,50,65,3250,100,500,1000,0,0,YES
MCPL/25-26/0313,01-03-2026,STARWAYS PRECISIONS PVT. LTD. ,PUNE,SITARGANJ,Air,204095,03-02-2026,1-Bag,50,65,3250,100,500,1000,0,0,YES
MCPL/25-26/0313,01-03-2026,STARWAYS PRECISIONS PVT. LTD. ,PUNE,SITARGANJ,Air,204089,02-02-2026,1-Bag,50,65,3250,100,500,1000,0,0,YES
MCPL/25-26/0314,01-03-2026,STARWAYS PRECISIONS PVT. LTD. ,PUNE,SITARGANJ,Air,204161,18-02-2026,2-Bag,50,65,3250,100,500,1000,0,0,YES
MCPL/25-26/0314,01-03-2026,STARWAYS PRECISIONS PVT. LTD. ,PUNE,SITARGANJ,Air,204157,17-02-2026,2-Bag,50,65,3250,100,500,1000,0,0,YES
MCPL/25-26/0314,01-03-2026,STARWAYS PRECISIONS PVT. LTD. ,PUNE,SITARGANJ,Air,204150,16-02-2026,1-Bag,50,65,3250,100,500,1000,0,0,YES
MCPL/25-26/0314,01-03-2026,STARWAYS PRECISIONS PVT. LTD. ,PUNE,SITARGANJ,Air,204146,15-02-2026,3-Bag,70,65,4550,100,500,1000,0,0,YES
MCPL/25-26/0314,01-03-2026,STARWAYS PRECISIONS PVT. LTD. ,PUNE,SITARGANJ,Air,204142,14-02-2026,3-Bag,70,65,4550,100,500,1000,0,0,YES
MCPL/25-26/0314,01-03-2026,STARWAYS PRECISIONS PVT. LTD. ,PUNE,SITARGANJ,Air,204139,13-02-2026,2-Bag,50,65,3250,100,500,1000,0,0,YES
MCPL/25-26/0314,01-03-2026,STARWAYS PRECISIONS PVT. LTD. ,PUNE,SITARGANJ,Air,204134,12-02-2026,2-Bag,50,65,3250,100,500,1000,0,0,YES
MCPL/25-26/0315,01-03-2026,STARWAYS PRECISIONS PVT. LTD. ,PUNE,SITARGANJ,Air,204176,21-02-2026,1-Bag,50,65,3250,100,500,1000,0,0,YES
MCPL/25-26/0315,01-03-2026,STARWAYS PRECISIONS PVT. LTD. ,PUNE,SITARGANJ,Air,204179,22-02-2026,2-Bag,50,65,3250,100,500,1000,0,0,YES
MCPL/25-26/0315,01-03-2026,STARWAYS PRECISIONS PVT. LTD. ,PUNE,SITARGANJ,Air,204184,23-02-2026,1-Bag,50,65,3250,100,500,1000,0,0,YES
MCPL/25-26/0315,01-03-2026,STARWAYS PRECISIONS PVT. LTD. ,PUNE,SITARGANJ,Air,204192,24-02-2026,2-Bag,50,65,3250,100,500,1000,0,0,YES
MCPL/25-26/0315,01-03-2026,STARWAYS PRECISIONS PVT. LTD. ,PUNE,SITARGANJ,Air,204196,25-02-2026,1-Bag,50,65,3250,100,500,1000,0,0,YES
MCPL/25-26/0315,01-03-2026,STARWAYS PRECISIONS PVT. LTD. ,PUNE,SITARGANJ,Air,204204,26-02-2026,3-Bag,60,65,3900,100,500,1000,0,0,YES
MCPL/25-26/0315,01-03-2026,STARWAYS PRECISIONS PVT. LTD. ,PUNE,SITARGANJ,Air,204211,27-02-2026,3-Bag,75,65,4875,100,500,1000,0,0,YES
MCPL/25-26/0315,01-03-2026,STARWAYS PRECISIONS PVT. LTD. ,PUNE,SITARGANJ,Air,204218,28-02-2026,2-Bag,50,65,3250,100,500,1000,0,0,YES
MCPL/25-26/0314,01-03-2026,STARWAYS PRECISIONS PVT. LTD. ,PUNE,SITARGANJ,Air,204168,19-02-2026,3-Bag,50,65,3250,100,500,1000,0,0,YES
MCPL/25-26/0314,01-03-2026,STARWAYS PRECISIONS PVT. LTD. ,PUNE,SITARGANJ,Air,204171,20-02-2026,2-Bag,50,65,3250,100,500,1000,0,0,YES
MCPL/25-26/0316,01-03-2026,"BELRISE INDUSTRIES LTD,UNIT-7E",PUNE,PANTNAGAR,Train,204063,27-01-2026,10-Bag,340,16,5440,0,500,1000,0,0,YES
MCPL/25-26/0316,01-03-2026,"BELRISE INDUSTRIES LTD,UNIT-7E",PUNE,PANTNAGAR,Train,204082,31-01-2026,11-Bag,374,16,5984,0,500,1000,0,0,YES
MCPL/25-26/0316,01-03-2026,"BELRISE INDUSTRIES LTD,UNIT-7E",PUNE,PANTNAGAR,Train,204090,02-02-2026,25-Bag,625,16,10000,0,500,1000,0,0,YES
MCPL/25-26/0316,01-03-2026,"BELRISE INDUSTRIES LTD,UNIT-7E",PUNE,PANTNAGAR,Train,204137,13-02-2026,40-Bag,1000,16,16000,0,500,1000,0,0,YES
MCPL/25-26/0331,25-03-2026,BELRISE INDUSTRIES LTD UNIT -IX,PUNE,PANTNAGAR,Train,204190,24-02-2026,20-Bag,280,16,4480,0,500,6000,0,0,YES
MCPL/25-26/0331,25-03-2026,BELRISE INDUSTRIES LTD UNIT -IX,PUNE,PANTNAGAR,Train,204187,23-02-2026,20-Bag,280,16,4480,0,500,6000,0,0,YES
MCPL/25-26/0331,25-03-2026,BELRISE INDUSTRIES LTD UNIT -IX,PUNE,PANTNAGAR,Train,204174,21-02-2026,20-Bag,280,16,4480,0,500,6000,0,0,YES
MCPL/25-26/0330,25-03-2026,BELRISE INDUSTRIES LTD UNIT -IX,AURANGABAD,PANTNAGAR,Air,203915,02-12-2025,22,550,60,33000,0,1200,6000,0,0,YES
MCPL/25-26/0331,25-03-2026,BELRISE INDUSTRIES LTD UNIT -IX,PUNE,PANTNAGAR,Train,204121,09-02-2026,20-Bag,280,16,4480,0,500,6000,0,0,YES
MCPL/25-26/0331,25-03-2026,BELRISE INDUSTRIES LTD UNIT -IX,PUNE,PANTNAGAR,Train,204160,18-02-2026,20-Bag,280,16,4480,0,500,6000,0,0,YES
MCPL/25-26/0320,01-03-2026,"BELRISE INDUSTRIES LTD,UNIT-12",PUNE,PANTNAGAR,Air,203940,10-12-2025,1,50,60,3000,0,500,1000,0,0,YES
MCPL/25-26/0321,01-03-2026,"BELRISE INDUSTRIES LTD,UNIT-12",PUNE,PANTNAGAR,Train,204039,19-01-2026,1-Box,100,16,1600,0,500,1000,0,0,YES
MCPL/25-26/0321,01-03-2026,"BELRISE INDUSTRIES LTD,UNIT-12",PUNE,PANTNAGAR,Train,203909,01-12-2025,1,100,16,1600,0,500,1000,0,0,YES
MCPL/25-26/0323,01-03-2026,"BELRISE INDUSTRIES LTD,UNIT-12",DELHI,PANTNAGAR,Road,204102,03-02-2026,4,0,0,0,0,0,1000,0,0,YES
MCPL/25-26/0324,05-03-2026,REUTTER INNOVATIVE CLOSURE TECHNOLOGIES (P) LTD,CHENNAI,PUNE,Air,204231,03-03-2026,4-Box,115,80,9200,100,2000,1500,0,0,YES
MCPL/25-26/0325,14-03-2026,SINGLA FORGING PVT LTD- RTQ,PANTNAGAR,HOSUR,Air,203842,16-11-2025,200,1410,45,63450,100,2500,1500,0,0,YES
MCPL/25-26/0326,14-03-2026,MANTRI METALLICS PVT LTD- PTN,PUNE,PANTNAGAR,Road,204159,18-02-2026,24-Bag,840,8.5,7140,100,2500,1000,0,0,YES
MCPL/25-26/0327,14-03-2026,SINGLA FORGING PVT LTD- RTQ,PANTNAGAR,PUNE,Air,203942,11-12-2025,4,50,90,4500,100,0,1500,0,0,YES
MCPL/25-26/0328,25-03-2026,"BELRISE INDUSTRIES LTD,UNIT-7E",PUNE,PANTNAGAR,Train,204234,05-03-2026,50-Bag,1250,16,20000,0,500,0,9000,0,YES
MCPL/25-26/0332,25-03-2026,BELRISE INDUSTRIES LTD UNIT -IX,PANTNAGAR,PUNE,Train,204175,21-02-2026,2,100,16,1600,0,5000,500,0,0,YES
MCPL/25-26/0329,25-03-2026,BELRISE INDUSTRIES LTD UNIT -IX,PUNE,PANTNAGAR,Train,204281,17-03-2026,30-Bag,420,16,6720,0,500,0,6000,0,YES
MCPL/25-26/0329,25-03-2026,BELRISE INDUSTRIES LTD UNIT -IX,PUNE,PANTNAGAR,Train,204272,16-03-2026,30-Bag,420,16,6720,0,500,0,6000,0,YES
MCPL/25-26/0329,25-03-2026,BELRISE INDUSTRIES LTD UNIT -IX,PUNE,PANTNAGAR,Train,204266,14-03-2026,30-Bag,420,16,6720,0,500,0,6000,0,YES
MCPL/25-26/0329,25-03-2026,BELRISE INDUSTRIES LTD UNIT -IX,PUNE,PANTNAGAR,Train,204252,11-03-2026,20-Bag,280,16,4480,0,500,0,6000,0,YES
MCPL/25-26/0333,31-03-2026,CJ DARCL LOGISTICS LIMITED,PANTNAGAR,DELHI,Road,204357,25-03-2026,30,0,0,7300,0,0,0,0,0,YES
MCPL/25-26/0333,31-03-2026,CJ DARCL LOGISTICS LIMITED,PANTNAGAR,DELHI,Road,204298,19-03-2026,3,0,0,7300,0,0,0,0,0,YES
MCPL/25-26/0334,31-03-2026,CJ DARCL LOGISTICS LIMITED,DELHI,PANTNAGAR,Road,204333,27-03-2026,3,0,0,5000,0,0,0,0,0,YES
MCPL/25-26/0334,31-03-2026,CJ DARCL LOGISTICS LIMITED,DELHI,PANTNAGAR,Road,204356,31-03-2026,4,0,0,2300,0,0,0,0,0,YES
MCPL/25-26/0335,31-03-2026,ASHA INDUSTRIES,AURANGABAD,PANTNAGAR,Train,204343,28-03-2026,2-Bag,100,18,1800,100,1000,1000,0,0,YES
MCPL/25-26/0336,31-03-2026,DALI SAMIR ENGG.PVT LTD-PUNE,PUNE,PANTNAGAR,Air,204228,02-03-2026,2,50,80,4000,100,1000,500,0,0,YES
MCPL/25-26/0337,31-03-2026,DALI SAMIR ENGG.PVT LTD-PUNE,PUNE,PANTNAGAR,Train,204224,02-03-2026,4-Box,100,18,1800,100,1000,500,0,0,YES
MCPL/25-26/0337,31-03-2026,DALI SAMIR ENGG.PVT LTD-PUNE,PUNE,PANTNAGAR,Train,204264,13-03-2026,4-Box,100,18,1800,100,1000,500,0,0,YES
MCPL/25-26/0337,31-03-2026,DALI SAMIR ENGG.PVT LTD-PUNE,PUNE,PANTNAGAR,Train,204275,16-03-2026,4-Box,100,18,1800,100,1000,500,0,0,YES
MCPL/25-26/0338,31-03-2026,PANORAMA AUTOMOTIVE IND. PVT. LTD.,PUNE,PANTNAGAR,Train,204222,01-03-2026,4-Bag,120,20,2400,100,800,500,0,0,YES
MCPL/25-26/0338,31-03-2026,PANORAMA AUTOMOTIVE IND. PVT. LTD.,PUNE,PANTNAGAR,Train,204229,03-03-2026,3-Bag,105,20,2100,100,800,500,0,0,YES
MCPL/25-26/0338,31-03-2026,PANORAMA AUTOMOTIVE IND. PVT. LTD.,PUNE,PANTNAGAR,Train,204280,17-03-2026,3-Bag,80,20,1600,100,800,500,0,0,YES
MCPL/25-26/0338,31-03-2026,PANORAMA AUTOMOTIVE IND. PVT. LTD.,PUNE,PANTNAGAR,Train,204299,20-03-2026,2-Bag,80,20,1600,100,800,500,0,0,YES
MCPL/25-26/0338,31-03-2026,PANORAMA AUTOMOTIVE IND. PVT. LTD.,PUNE,PANTNAGAR,Train,204361,31-03-2026,4-Bag,80,20,1600,100,800,500,0,0,YES
MCPL/25-26/0339,31-03-2026,PANORAMA AUTOMOTIVE IND. PVT. LTD.,PANTNAGAR,PUNE,Train,204237,06-03-2026,1,80,20,1600,100,500,800,0,0,YES
MCPL/25-26/0340,31-03-2026,REUTTER INNOVATIVE CLOSURE TECHNOLOGIES (P) LTD,CHENNAI,PUNE,Air,204247,10-03-2026,2,50,80,4000,100,2000,1500,0,0,YES
MCPL/25-26/0340,31-03-2026,REUTTER INNOVATIVE CLOSURE TECHNOLOGIES (P) LTD,CHENNAI,PUNE,Air,204262,12-03-2026,4,110,80,8800,100,2000,1500,0,0,YES
MCPL/25-26/0340,31-03-2026,REUTTER INNOVATIVE CLOSURE TECHNOLOGIES (P) LTD,CHENNAI,PUNE,Air,204265,13-03-2026,6,160,80,12800,100,2000,1500,0,0,YES
MCPL/25-26/0340,31-03-2026,REUTTER INNOVATIVE CLOSURE TECHNOLOGIES (P) LTD,CHENNAI,PUNE,Air,204267,14-03-2026,4,110,80,8800,100,2000,1500,0,0,YES
MCPL/25-26/0340,31-03-2026,REUTTER INNOVATIVE CLOSURE TECHNOLOGIES (P) LTD,CHENNAI,PUNE,Air,204318,24-03-2026,7-Box,190,80,15200,100,2000,1500,0,0,YES
MCPL/25-26/0340,31-03-2026,REUTTER INNOVATIVE CLOSURE TECHNOLOGIES (P) LTD,CHENNAI,PUNE,Air,204325,25-03-2026,6-Box,160,80,12800,100,2000,1500,0,0,YES
MCPL/25-26/0340,31-03-2026,REUTTER INNOVATIVE CLOSURE TECHNOLOGIES (P) LTD,CHENNAI,PUNE,Air,204344,29-03-2026,12,320,80,25600,100,2000,1500,0,0,YES
MCPL/25-26/0340,31-03-2026,REUTTER INNOVATIVE CLOSURE TECHNOLOGIES (P) LTD,CHENNAI,PUNE,Air,204349,30-03-2026,10,250,80,20000,100,2000,1500,0,0,YES
MCPL/25-26/0340,31-03-2026,REUTTER INNOVATIVE CLOSURE TECHNOLOGIES (P) LTD,CHENNAI,PUNE,Air,204355,30-03-2026,9-Box,240,80,19200,100,2000,1500,0,0,YES
MCPL/25-26/0341,31-03-2026,REUTTER INNOVATIVE CLOSURE TECHNOLOGIES (P) LTD,CHENNAI,PITHAMPUR,Air,204303,21-03-2026,6,150,80,12000,100,2000,1500,0,0,YES
MCPL/25-26/0342,31-03-2026,HIMALAYAN AUTO ERA PVT LTD,PANTNAGAR,BANGALORE,Air,204289,18-03-2026,1,50,85,4250,100,0,1500,0,0,YES
MCPL/25-26/0343,31-03-2026,HIMALAYAN AUTO ERA PVT LTD,PUNE,PANTNAGAR,Train,204273,16-03-2026,20-Bag,480,28,13440,100,0,0,0,0,YES
MCPL/25-26/0343,31-03-2026,HIMALAYAN AUTO ERA PVT LTD,PUNE,PANTNAGAR,Train,204285,18-03-2026,20-Bag,480,28,13440,100,0,0,0,0,YES
MCPL/25-26/0344,31-03-2026,HIMALAYAN AUTO ERA PVT LTD,PUNE,PANTNAGAR,Road Express,204251,11-03-2026,12-Bag,320,25,8000,100,0,0,0,0,YES
MCPL/25-26/0344,31-03-2026,HIMALAYAN AUTO ERA PVT LTD,PUNE,PANTNAGAR,Road Express,204274,16-03-2026,62-Nos,496,25,12400,100,0,0,0,0,YES
MCPL/25-26/0344,31-03-2026,HIMALAYAN AUTO ERA PVT LTD,PUNE,PANTNAGAR,Road Express,204332,27-03-2026,12-Bag,320,25,8000,100,0,0,0,0,YES
MCPL/25-26/0345,31-03-2026,SKY 4 PUNE,DELHI-AIRPORT,PANTNAGAR,Road,204258,12-03-2026,7,0,0,4000,0,0,1500,0,0,YES
MCPL/25-26/0345,31-03-2026,SKY 4 PUNE,DELHI-AIRPORT,PANTNAGAR,Road,204236,06-03-2026,15,0,0,2500,0,0,1500,0,0,YES
MCPL/25-26/0345,31-03-2026,SKY 4 PUNE,DELHI-AIRPORT,PANTNAGAR,Road,204207,26-02-2026,3,0,0,2500,0,0,1500,0,0,YES
MCPL/25-26/0345,31-03-2026,SKY 4 PUNE,DELHI-AIRPORT,PANTNAGAR,Road,204202,23-02-2026,1,0,0,3000,0,0,1500,0,0,YES
MCPL/25-26/0345,31-03-2026,SKY 4 PUNE,DELHI-STATION,PANTNAGAR,Road,204013,12-01-2026,16,0,0,2500,0,0,500,0,0,YES
MCPL/25-26/0345,31-03-2026,SKY 4 PUNE,DELHI-AIRPORT,PANTNAGAR,Road,204200,19-02-2026,7,0,0,2000,0,0,1500,0,0,YES
MCPL/25-26/0345,31-03-2026,SKY 4 PUNE,DELHI-AIRPORT,PANTNAGAR,Road,204201,19-02-2026,1,0,0,4000,0,0,1500,0,0,YES
MCPL/25-26/0346,31-03-2026,SKY 4 PUNE,DELHI-AIRPORT,PANTNAGAR,Road,202919,16-05-2025,5,0,0,2500,0,0,500,0,0,YES
MCPL/25-26/0346,31-03-2026,SKY 4 PUNE,DELHI-AIRPORT,PANTNAGAR,Road,202916,13-05-2025,1,0,0,2500,0,0,500,0,0,YES
MCPL/25-26/0346,31-03-2026,SKY 4 PUNE,DELHI-STATION,PANTNAGAR,Road,202914,12-05-2025,4,0,0,2500,0,0,500,0,0,YES
MCPL/25-26/0346,31-03-2026,SKY 4 PUNE,DELHI-STATION,PANTNAGAR,Road,202915,12-05-2025,5,0,0,0,0,0,0,0,0,YES
MCPL/25-26/0346,31-03-2026,SKY 4 PUNE,DELHI-AIRPORT,PANTNAGAR,Road,202913,09-05-2025,5,0,0,2500,0,0,500,0,0,YES
MCPL/25-26/0346,31-03-2026,SKY 4 PUNE,DELHI-AIRPORT,PANTNAGAR,Road,202912,07-05-2025,7,0,0,2500,0,0,500,0,0,YES
MCPL/25-26/0346,31-03-2026,SKY 4 PUNE,DELHI-AIRPORT,PANTNAGAR,Road,202917,24-04-2025,5,0,0,2500,0,0,500,0,0,YES
MCPL/25-26/0346,31-03-2026,SKY 4 PUNE,DELHI-AIRPORT,PANTNAGAR,Road,202911,20-04-2025,4,0,0,2500,0,0,500,0,0,YES
MCPL/25-26/0346,31-03-2026,SKY 4 PUNE,DELHI-AIRPORT,PANTNAGAR,Road,202780,16-04-2025,3,0,0,2500,0,0,500,0,0,YES
MCPL/25-26/0346,31-03-2026,SKY 4 PUNE,DELHI-AIRPORT,PANTNAGAR,Road,202933,18-05-2025,7,0,0,2500,0,0,500,0,0,YES
MCPL/25-26/0346,31-03-2026,SKY 4 PUNE,DELHI-AIRPORT,PANTNAGAR,Road,202962,22-05-2025,4,0,0,2500,0,0,500,0,0,YES
MCPL/25-26/0346,31-03-2026,SKY 4 PUNE,DELHI-AIRPORT,PANTNAGAR,Road,202963,23-05-2025,3,0,0,2500,0,0,500,0,0,YES
MCPL/25-26/0346,31-03-2026,SKY 4 PUNE,DELHI-AIRPORT,PANTNAGAR,Road,202977,26-05-2025,6,0,0,2500,0,0,500,0,0,YES
MCPL/25-26/0346,31-03-2026,SKY 4 PUNE,DELHI-AIRPORT,PANTNAGAR,Road,203000,31-05-2025,1,0,0,2500,0,0,500,0,0,YES
MCPL/25-26/0346,31-03-2026,SKY 4 PUNE,DELHI-AIRPORT,PANTNAGAR,Road,203016,05-06-2025,1,0,0,2500,0,0,500,0,0,YES
MCPL/25-26/0346,31-03-2026,SKY 4 PUNE,DELHI-AIRPORT,PANTNAGAR,Road,203052,07-06-2025,1,0,0,2500,0,0,500,0,0,YES
MCPL/25-26/0346,31-03-2026,SKY 4 PUNE,DELHI-STATION,PANTNAGAR,Road,203056,14-06-2025,3,0,0,2500,0,0,500,0,0,YES
MCPL/25-26/0346,31-03-2026,SKY 4 PUNE,DELHI-AIRPORT,PANTNAGAR,Road,203168,09-07-2025,1,0,0,2500,0,0,500,0,0,YES
MCPL/25-26/0346,31-03-2026,SKY 4 PUNE,DELHI-AIRPORT,PANTNAGAR,Road,203199,14-07-2025,1,0,0,2500,0,0,500,0,0,YES
MCPL/25-26/0346,31-03-2026,SKY 4 PUNE,DELHI-AIRPORT,PANTNAGAR,Road,203344,06-08-2025,2,0,0,2500,0,0,500,0,0,YES
MCPL/25-26/0346,31-03-2026,SKY 4 PUNE,DELHI-STATION,PANTNAGAR,Road,203489,01-09-2025,1,0,0,2500,0,0,500,0,0,YES
MCPL/25-26/0346,31-03-2026,SKY 4 PUNE,DELHI-STATION,PANTNAGAR,Road,203497,02-09-2025,2,0,0,2500,0,0,500,0,0,YES
MCPL/25-26/0346,31-03-2026,SKY 4 PUNE,DELHI-STATION,PANTNAGAR,Road,203512,04-09-2025,2,0,0,2500,0,0,500,0,0,YES
MCPL/25-26/0346,31-03-2026,SKY 4 PUNE,DELHI-STATION,PANTNAGAR,Road,203513,04-09-2025,2,0,0,0,0,0,500,0,0,YES
MCPL/25-26/0346,31-03-2026,SKY 4 PUNE,DELHI-AIRPORT,PANTNAGAR,Road,203525,07-09-2025,2,0,0,2500,0,0,500,0,0,YES
MCPL/25-26/0346,31-03-2026,SKY 4 PUNE,DELHI-STATION,PANTNAGAR,Road,203524,08-09-2025,2,0,0,2500,0,0,500,0,0,YES
MCPL/25-26/0346,31-03-2026,SKY 4 PUNE,DELHI-STATION,PANTNAGAR,Road,203523,08-09-2025,1,0,0,0,0,0,0,0,0,YES
MCPL/25-26/0346,31-03-2026,SKY 4 PUNE,PANTNAGAR,DELHI-AIRPORT,Road,203859,09-09-2025,1,0,0,4000,0,0,1500,0,0,YES
MCPL/25-26/0346,31-03-2026,SKY 4 PUNE,DELHI-AIRPORT,PANTNAGAR,Road,203636,26-09-2025,3,0,0,2500,0,0,500,0,0,YES
MCPL/25-26/0346,31-03-2026,SKY 4 PUNE,DELHI-AIRPORT,PANTNAGAR,Road,203635,26-09-2025,2,0,0,0,0,0,0,0,0,YES
MCPL/25-26/0346,31-03-2026,SKY 4 PUNE,DELHI-STATION,PANTNAGAR,Road,203705,11-10-2025,3,0,0,2500,0,0,500,0,0,YES
MCPL/25-26/0346,31-03-2026,SKY 4 PUNE,DELHI-STATION,PANTNAGAR,Road,203711,13-10-2025,5,0,0,2500,0,0,500,0,0,YES
MCPL/25-26/0346,31-03-2026,SKY 4 PUNE,DELHI-STATION,PANTNAGAR,Road,203721,13-10-2025,2,0,0,0,0,0,500,0,0,YES
MCPL/25-26/0346,31-03-2026,SKY 4 PUNE,DELHI-AIRPORT,PANTNAGAR,Road,203731,16-10-2025,10,0,0,4000,0,0,1500,0,0,YES
MCPL/25-26/0346,31-03-2026,SKY 4 PUNE,DELHI-AIRPORT,PANTNAGAR,Road,203756,27-10-2025,3,0,0,2500,0,0,500,0,0,YES
MCPL/25-26/0346,31-03-2026,SKY 4 PUNE,DELHI-AIRPORT,PANTNAGAR,Road,203755,27-10-2025,2,0,0,0,0,0,500,0,0,YES
MCPL/25-26/0346,31-03-2026,SKY 4 PUNE,DELHI-STATION,PANTNAGAR,Road,203763,29-10-2025,8,0,0,2500,0,0,500,0,0,YES
MCPL/25-26/0346,31-03-2026,SKY 4 PUNE,DELHI-AIRPORT,PANTNAGAR,Road,203862,20-11-2025,10,0,0,2500,0,0,1500,0,0,YES
MCPL/25-26/0346,31-03-2026,SKY 4 PUNE,DELHI-AIRPORT,PANTNAGAR,Road,203913,22-11-2025,4,0,0,7600,0,0,0,0,0,YES
MCPL/25-26/0346,31-03-2026,SKY 4 PUNE,DELHI-AIRPORT,PANTNAGAR,Road,203914,22-11-2025,7,0,0,9900,0,0,0,0,0,YES
MCPL/25-26/0347,31-03-2026,SKY 4 PUNE,PANTNAGAR,PANTNAGAR,Road,203389,13-08-2025,4,0,0,650,0,0,500,0,0,YES
MCPL/25-26/0347,31-03-2026,SKY 4 PUNE,PANTNAGAR,PANTNAGAR,Road,203390,13-08-2025,1,0,0,0,0,0,0,0,0,YES
MCPL/25-26/0347,31-03-2026,SKY 4 PUNE,PANTNAGAR,PANTNAGAR,Road,203561,12-09-2025,1,0,0,650,0,0,500,0,0,YES
MCPL/25-26/0347,31-03-2026,SKY 4 PUNE,PANTNAGAR,PANTNAGAR,Road,203560,12-09-2025,3,0,0,0,0,0,0,0,0,YES
MCPL/25-26/0347,31-03-2026,SKY 4 PUNE,PANTNAGAR,PANTNAGAR,Road,203569,13-09-2025,4,0,0,650,0,0,500,0,0,YES
MCPL/25-26/0347,31-03-2026,SKY 4 PUNE,PANTNAGAR,PANTNAGAR,Road,203634,26-09-2025,2,0,0,1250,0,0,500,0,0,YES
MCPL/25-26/0347,31-03-2026,SKY 4 PUNE,PANTNAGAR,PANTNAGAR,Road,203633,26-09-2025,4,0,0,0,0,0,0,0,0,YES
MCPL/25-26/0347,31-03-2026,SKY 4 PUNE,PANTNAGAR,PANTNAGAR,Road,203659,01-10-2025,7,0,0,650,0,0,500,0,0,YES
MCPL/25-26/0347,31-03-2026,SKY 4 PUNE,PANTNAGAR,PANTNAGAR,Road,203679,06-10-2025,1,0,0,650,0,0,500,0,0,YES
MCPL/25-26/0347,31-03-2026,SKY 4 PUNE,PANTNAGAR,PANTNAGAR,Road,203678,06-10-2025,1,0,0,650,0,0,500,0,0,YES
MCPL/25-26/0347,31-03-2026,SKY 4 PUNE,PANTNAGAR,PANTNAGAR,Road,203677,06-10-2025,1,0,0,1550,0,0,0,0,0,YES
MCPL/25-26/0347,31-03-2026,SKY 4 PUNE,PANTNAGAR,PANTNAGAR,Road,203676,06-10-2025,5,0,0,0,0,0,0,0,0,YES
MCPL/25-26/0347,31-03-2026,SKY 4 PUNE,PANTNAGAR,PANTNAGAR,Road,203703,10-10-2025,3,0,0,650,0,0,500,0,0,YES
MCPL/25-26/0347,31-03-2026,SKY 4 PUNE,PANTNAGAR,PANTNAGAR,Road,203747,25-10-2025,3,0,0,650,0,0,500,0,0,YES
MCPL/25-26/0347,31-03-2026,SKY 4 PUNE,PANTNAGAR,PANTNAGAR,Road,203746,25-10-2025,3,0,0,0,0,0,500,0,0,YES
MCPL/25-26/0347,31-03-2026,SKY 4 PUNE,PANTNAGAR,PANTNAGAR,Road,203785,03-11-2025,1,0,0,3290,0,0,500,0,0,YES
MCPL/25-26/0347,31-03-2026,SKY 4 PUNE,PANTNAGAR,PANTNAGAR,Road,203879,24-11-2025,2,0,0,950,0,0,500,0,0,YES
MCPL/25-26/0347,31-03-2026,SKY 4 PUNE,PANTNAGAR,PANTNAGAR,Road,203880,24-11-2025,4,0,0,0,0,0,0,0,0,YES
MCPL/25-26/0347,31-03-2026,SKY 4 PUNE,PANTNAGAR,PANTNAGAR,Road,203881,24-11-2025,8,0,0,1250,0,0,0,0,0,YES
MCPL/25-26/0347,31-03-2026,SKY 4 PUNE,PANTNAGAR,PANTNAGAR,Road,203882,24-11-2025,2,0,0,800,0,0,0,0,0,YES
MCPL/25-26/0347,31-03-2026,SKY 4 PUNE,PANTNAGAR,PANTNAGAR,Road,203883,24-11-2025,3,0,0,0,0,0,0,0,0,YES
MCPL/25-26/0347,31-03-2026,SKY 4 PUNE,PANTNAGAR,PANTNAGAR,Road,203888,21-11-2025,5,0,0,800,0,0,500,0,0,YES
MCPL/25-26/0347,31-03-2026,SKY 4 PUNE,PANTNAGAR,PANTNAGAR,Road,203904,29-11-2025,7,0,0,1100,0,0,500,0,0,YES
MCPL/25-26/0347,31-03-2026,SKY 4 PUNE,PANTNAGAR,PANTNAGAR,Road,203917,02-12-2025,4,0,0,1100,0,0,500,0,0,YES
MCPL/25-26/0347,31-03-2026,SKY 4 PUNE,PANTNAGAR,PANTNAGAR,Road,203918,02-12-2025,4,0,0,950,0,0,0,0,0,YES
MCPL/25-26/0347,31-03-2026,SKY 4 PUNE,PANTNAGAR,PANTNAGAR,Road,203919,02-12-2025,1,0,0,0,0,0,0,0,0,YES
MCPL/25-26/0347,31-03-2026,SKY 4 PUNE,PANTNAGAR,PANTNAGAR,Road,203925,05-12-2025,3,0,0,650,0,0,500,0,0,YES
MCPL/25-26/0347,31-03-2026,SKY 4 PUNE,PANTNAGAR,PANTNAGAR,Road,203931,06-12-2025,1,0,0,0,0,0,500,0,0,YES
MCPL/25-26/0347,31-03-2026,SKY 4 PUNE,PANTNAGAR,PANTNAGAR,Road,203932,06-12-2025,1,0,0,0,0,0,0,0,0,YES
MCPL/25-26/0347,31-03-2026,SKY 4 PUNE,PANTNAGAR,PANTNAGAR,Road,203933,06-12-2025,2,0,0,0,0,0,0,0,0,YES
MCPL/25-26/0347,31-03-2026,SKY 4 PUNE,PANTNAGAR,PANTNAGAR,Road,203934,06-12-2025,1,0,0,0,0,0,0,0,0,YES
MCPL/25-26/0347,31-03-2026,SKY 4 PUNE,PANTNAGAR,PANTNAGAR,Road,203947,13-12-2025,12,0,0,1850,0,0,500,0,0,YES
MCPL/26-27/0158,30-07-2026,BELRISE INDUSTRIES LTD UNIT -IX,PUNE,PANTNAGAR,Train,204358,31-03-2026,143-Bag,1645,16,26320,0,500,0,9000,0,YES
MCPL/26-27/0019,01-04-2026,PRECIFAST PRIVATE LIMITED,PUNE,PANTNAGAR,Train,204362,31-03-2026,30-Box,360,20,7200,100,500,1500,0,0,YES
MCPL/26-27/0019,01-04-2026,PRECIFAST PRIVATE LIMITED,PUNE,PANTNAGAR,Train,204279,17-03-2026,10-Box,120,20,2400,100,500,1500,0,0,YES
MCPL/26-27/0002,01-04-2026,U. S. AUTO CONTROLS PVT LTD ,PUNE,BANGALORE,Air,204263,13-03-2026,6-Bag,150,80,12000,100,500,2500,0,0,YES
MCPL/26-27/0003,01-04-2026,U. S. AUTO CONTROLS PVT LTD ,PUNE,PANTNAGAR,Air,204223,01-03-2026,5-Bag,115,56,6440,100,500,1000,0,0,YES
MCPL/26-27/0003,01-04-2026,U. S. AUTO CONTROLS PVT LTD ,PUNE,PANTNAGAR,Air,204240,08-03-2026,5-Bag,100,56,5600,100,500,1000,0,0,YES
MCPL/26-27/0003,01-04-2026,U. S. AUTO CONTROLS PVT LTD ,PUNE,PANTNAGAR,Air,204248,10-03-2026,5-Bag,110,56,6160,100,500,1000,0,0,YES
MCPL/26-27/0003,01-04-2026,U. S. AUTO CONTROLS PVT LTD ,PUNE,PANTNAGAR,Air,204259,12-03-2026,7-Bag,130,56,7280,100,500,1000,0,0,YES
MCPL/26-27/0003,01-04-2026,U. S. AUTO CONTROLS PVT LTD ,PUNE,PANTNAGAR,Air,204269,15-03-2026,10-Bag,190,56,10640,100,500,1000,0,0,YES
MCPL/26-27/0003,01-04-2026,U. S. AUTO CONTROLS PVT LTD ,PUNE,PANTNAGAR,Air,204282,17-03-2026,8-Bag,165,56,9240,100,500,1000,0,0,YES
MCPL/26-27/0003,01-04-2026,U. S. AUTO CONTROLS PVT LTD ,PUNE,PANTNAGAR,Air,204297,19-03-2026,6-Bag,130,56,7280,100,500,1000,0,0,YES
MCPL/26-27/0003,01-04-2026,U. S. AUTO CONTROLS PVT LTD ,PUNE,PANTNAGAR,Air,204312,23-03-2026,11-Bag,205,56,11480,100,500,1000,0,0,YES
MCPL/26-27/0003,01-04-2026,U. S. AUTO CONTROLS PVT LTD ,PUNE,PANTNAGAR,Air,204323,25-03-2026,7-Bag,145,56,8120,100,500,1000,0,0,YES
MCPL/26-27/0003,01-04-2026,U. S. AUTO CONTROLS PVT LTD ,PUNE,PANTNAGAR,Air,204329,26-03-2026,4-Bag,50,56,2800,100,500,1000,0,0,YES
MCPL/26-27/0003,01-04-2026,U. S. AUTO CONTROLS PVT LTD ,PUNE,PANTNAGAR,Air,204335,27-03-2026,3-Bag,50,56,2800,100,500,1000,0,0,YES
MCPL/26-27/0003,01-04-2026,U. S. AUTO CONTROLS PVT LTD ,PUNE,PANTNAGAR,Air,204339,28-03-2026,3-Bag,75,56,4200,100,500,1000,0,0,YES
MCPL/26-27/0003,01-04-2026,U. S. AUTO CONTROLS PVT LTD ,PUNE,PANTNAGAR,Air,204345,29-03-2026,3-Bag,60,56,3360,100,500,1000,0,0,YES
MCPL/26-27/0003,01-04-2026,U. S. AUTO CONTROLS PVT LTD ,PUNE,PANTNAGAR,Air,204352,30-03-2026,3-Bag,65,56,3640,100,500,1000,0,0,YES
MCPL/26-27/0004,01-04-2026,SHREYA INDUSTRIES - PNQ,PUNE,PANTNAGAR,Air,204309,23-03-2026,20-Box,800,60,48000,100,0,4000,0,0,YES
MCPL/26-27/0005,01-04-2026,SHREYA INDUSTRIES - PNQ,PUNE,PANTNAGAR,Air,204310,23-03-2026,16-Box,640,60,38400,100,0,4000,0,0,YES
MCPL/26-27/0007,01-04-2026,SHREYA INDUSTRIES - PNQ,PUNE,PANTNAGAR,Air,204319,25-03-2026,20-Box,800,60,48000,100,0,4000,0,0,YES
MCPL/26-27/0006,01-04-2026,SHREYA INDUSTRIES - PNQ,PUNE,PANTNAGAR,Air,204320,25-03-2026,16-Box,640,60,38400,100,0,4000,0,0,YES
MCPL/26-27/0008,01-04-2026,SHREYA INDUSTRIES - PNQ,PUNE,PANTNAGAR,Air,204331,27-03-2026,23-Box,920,60,55200,100,0,4000,0,0,YES
MCPL/26-27/0009,01-04-2026,SHREYA INDUSTRIES - PNQ,PUNE,PANTNAGAR,Road,204232,05-03-2026,20-Box,20,375,7500,100,0,0,0,0,YES
MCPL/26-27/0009,01-04-2026,SHREYA INDUSTRIES - PNQ,PUNE,PANTNAGAR,Road,204220,01-03-2026,20-Box,20,375,7500,100,0,0,0,0,YES
MCPL/26-27/0009,01-04-2026,SHREYA INDUSTRIES - PNQ,PUNE,PANTNAGAR,Road,204221,01-03-2026,16-Box,16,375,6000,100,0,0,0,0,YES
MCPL/26-27/0009,01-04-2026,SHREYA INDUSTRIES - PNQ,PUNE,PANTNAGAR,Road,204226,03-03-2026,16-Box,16,375,6000,100,0,0,0,0,YES
MCPL/26-27/0009,01-04-2026,SHREYA INDUSTRIES - PNQ,PUNE,PANTNAGAR,Road,204227,03-03-2026,20-Box,20,375,7500,100,0,0,0,0,YES
MCPL/26-27/0009,01-04-2026,SHREYA INDUSTRIES - PNQ,PUNE,PANTNAGAR,Road,204233,05-03-2026,16-Box,16,375,6000,100,0,0,0,0,YES
MCPL/26-27/0010,01-04-2026,SHREYA INDUSTRIES - PNQ,PUNE,PANTNAGAR,Road,204239,08-03-2026,26-Box,26,375,9750,100,0,0,0,0,YES
MCPL/26-27/0010,01-04-2026,SHREYA INDUSTRIES - PNQ,PUNE,PANTNAGAR,Road,204241,09-03-2026,16-Box,16,375,6000,100,0,0,0,0,YES
MCPL/26-27/0010,01-04-2026,SHREYA INDUSTRIES - PNQ,PUNE,PANTNAGAR,Road,204242,09-03-2026,20-Box,20,375,7500,100,0,0,0,0,YES
MCPL/26-27/0010,01-04-2026,SHREYA INDUSTRIES - PNQ,PUNE,PANTNAGAR,Road,204249,11-03-2026,16-Box,16,375,6000,100,0,0,0,0,YES
MCPL/26-27/0010,01-04-2026,SHREYA INDUSTRIES - PNQ,PUNE,PANTNAGAR,Road,204250,11-03-2026,20-Box,20,375,7500,100,0,0,0,0,YES
MCPL/26-27/0010,01-04-2026,SHREYA INDUSTRIES - PNQ,PUNE,PANTNAGAR,Road,204256,12-03-2026,20-Box,20,375,7500,100,0,0,0,0,YES
MCPL/26-27/0010,01-04-2026,SHREYA INDUSTRIES - PNQ,PUNE,PANTNAGAR,Road,204257,12-03-2026,16-Box,16,375,6000,100,0,0,0,0,YES
MCPL/26-27/0011,01-04-2026,SHREYA INDUSTRIES - PNQ,PUNE,PANTNAGAR,Road,204270,16-03-2026,20-Box,20,375,7500,100,0,0,0,0,YES
MCPL/26-27/0011,01-04-2026,SHREYA INDUSTRIES - PNQ,PUNE,PANTNAGAR,Road,204271,16-03-2026,16-Box,16,375,6000,100,0,0,0,0,YES
MCPL/26-27/0011,01-04-2026,SHREYA INDUSTRIES - PNQ,PUNE,PANTNAGAR,Road,204277,17-03-2026,20-Box,20,375,7500,100,0,0,0,0,YES
MCPL/26-27/0011,01-04-2026,SHREYA INDUSTRIES - PNQ,PUNE,PANTNAGAR,Road,204278,17-03-2026,16-Box,16,375,6000,100,0,0,0,0,YES
MCPL/26-27/0011,01-04-2026,SHREYA INDUSTRIES - PNQ,PUNE,PANTNAGAR,Road,204287,18-03-2026,20-Box,20,375,7500,100,0,0,0,0,YES
MCPL/26-27/0011,01-04-2026,SHREYA INDUSTRIES - PNQ,PUNE,PANTNAGAR,Road,204288,18-03-2026,16-Box,16,375,6000,100,0,0,0,0,YES
MCPL/26-27/0011,01-04-2026,SHREYA INDUSTRIES - PNQ,PUNE,PANTNAGAR,Road,204300,20-03-2026,20-Box,20,375,7500,100,0,0,0,0,YES
MCPL/26-27/0011,01-04-2026,SHREYA INDUSTRIES - PNQ,PUNE,PANTNAGAR,Road,204301,20-03-2026,16-Box,16,375,6000,100,0,0,0,0,YES
MCPL/26-27/0012,01-04-2026,SHREYA INDUSTRIES - PNQ,PUNE,PANTNAGAR,Road,204330,27-03-2026,30-Box,30,375,11250,100,0,0,0,0,YES
MCPL/26-27/0012,01-04-2026,SHREYA INDUSTRIES - PNQ,PUNE,PANTNAGAR,Road,204340,29-03-2026,20-Box,20,375,7500,100,0,0,0,0,YES
MCPL/26-27/0012,01-04-2026,SHREYA INDUSTRIES - PNQ,PUNE,PANTNAGAR,Road,204341,29-03-2026,16-Box,16,375,6000,100,0,0,0,0,YES
MCPL/26-27/0012,01-04-2026,SHREYA INDUSTRIES - PNQ,PUNE,PANTNAGAR,Road,204346,30-03-2026,20-Box,20,375,7500,100,0,0,0,0,YES
MCPL/26-27/0012,01-04-2026,SHREYA INDUSTRIES - PNQ,PUNE,PANTNAGAR,Road,204347,30-03-2026,16-Box,16,375,6000,100,0,0,0,0,YES
MCPL/26-27/0013,01-04-2026,STARWAYS PRECISIONS PVT. LTD. ,AURANGABAD,SITARGANJ,Air,204324,25-03-2026,1-Bag,50,65,3250,100,6500,2500,0,0,YES
MCPL/26-27/0014,01-04-2026,STARWAYS PRECISIONS PVT. LTD. ,PUNE,SITARGANJ,Air,204254,11-03-2026,1-Bag,50,65,3250,100,500,1000,0,0,YES
MCPL/26-27/0014,01-04-2026,STARWAYS PRECISIONS PVT. LTD. ,PUNE,SITARGANJ,Air,204255,11-03-2026,1-Bag,50,65,3250,100,0,1000,0,0,YES
MCPL/26-27/0014,01-04-2026,STARWAYS PRECISIONS PVT. LTD. ,PUNE,SITARGANJ,Air,204291,19-03-2026,1-Bag,50,65,3250,100,0,1000,0,0,YES
MCPL/26-27/0014,01-04-2026,STARWAYS PRECISIONS PVT. LTD. ,PUNE,SITARGANJ,Air,204294,19-03-2026,1-Bag,50,65,3250,100,500,1000,0,0,YES
MCPL/26-27/0014,01-04-2026,STARWAYS PRECISIONS PVT. LTD. ,PUNE,SITARGANJ,Air,204304,21-03-2026,1-Bag,50,65,3250,100,500,1000,0,0,YES
MCPL/26-27/0014,01-04-2026,STARWAYS PRECISIONS PVT. LTD. ,PUNE,SITARGANJ,Air,204311,23-03-2026,1-Bag,50,65,3250,100,500,1000,0,0,YES
MCPL/26-27/0014,01-04-2026,STARWAYS PRECISIONS PVT. LTD. ,PUNE,SITARGANJ,Air,204328,26-03-2026,1-Bag,50,65,3250,100,500,1000,0,0,YES
MCPL/26-27/0014,01-04-2026,STARWAYS PRECISIONS PVT. LTD. ,PUNE,SITARGANJ,Air,204337,28-03-2026,2-Bag,50,65,3250,100,0,1000,0,0,YES
MCPL/26-27/0014,01-04-2026,STARWAYS PRECISIONS PVT. LTD. ,PUNE,SITARGANJ,Air,204351,30-03-2026,1-Bag,50,65,3250,100,0,1000,0,0,YES
MCPL/26-27/0014,01-04-2026,STARWAYS PRECISIONS PVT. LTD. ,PUNE,SITARGANJ,Air,204360,31-03-2026,1-Bag,50,65,3250,100,500,1000,0,0,YES
MCPL/26-27/0015,01-04-2026,STARWAYS PRECISIONS PVT. LTD. ,PUNE,SITARGANJ,Train,204225,02-03-2026,6-Bag,110,20,2200,100,500,1000,0,0,YES
MCPL/26-27/0015,01-04-2026,STARWAYS PRECISIONS PVT. LTD. ,PUNE,SITARGANJ,Train,204230,03-03-2026,8-Bag,150,20,3000,100,500,1000,0,0,YES
MCPL/26-27/0015,01-04-2026,STARWAYS PRECISIONS PVT. LTD. ,PUNE,SITARGANJ,Train,204235,05-03-2026,2-Bag,100,20,2000,100,500,1000,0,0,YES
MCPL/26-27/0015,01-04-2026,STARWAYS PRECISIONS PVT. LTD. ,PUNE,SITARGANJ,Train,204238,07-03-2026,25-Bag,440,20,8800,100,500,1000,0,0,YES
MCPL/26-27/0015,01-04-2026,STARWAYS PRECISIONS PVT. LTD. ,PUNE,SITARGANJ,Train,204246,10-03-2026,4-Bag,100,20,2000,100,500,1000,0,0,YES
MCPL/26-27/0015,01-04-2026,STARWAYS PRECISIONS PVT. LTD. ,PUNE,SITARGANJ,Train,204260,12-03-2026,4-Bag,100,20,2000,100,500,1000,0,0,YES
MCPL/26-27/0015,01-04-2026,STARWAYS PRECISIONS PVT. LTD. ,PUNE,SITARGANJ,Train,204268,14-03-2026,2-Bag,100,20,2000,100,500,1000,0,0,YES
MCPL/26-27/0015,01-04-2026,STARWAYS PRECISIONS PVT. LTD. ,PUNE,SITARGANJ,Train,204276,16-03-2026,5Box,180,20,3600,100,500,1000,0,0,YES
MCPL/26-27/0015,01-04-2026,STARWAYS PRECISIONS PVT. LTD. ,PUNE,SITARGANJ,Train,204284,17-03-2026,3-Bag,100,20,2000,100,500,1000,0,0,YES
MCPL/26-27/0015,01-04-2026,STARWAYS PRECISIONS PVT. LTD. ,PUNE,SITARGANJ,Train,204286,18-03-2026,10-Bag,208,20,4160,100,500,1000,0,0,YES
MCPL/26-27/0015,01-04-2026,STARWAYS PRECISIONS PVT. LTD. ,PUNE,SITARGANJ,Train,204292,19-03-2026,2-Bag,100,20,2000,100,500,1000,0,0,YES
MCPL/26-27/0015,01-04-2026,STARWAYS PRECISIONS PVT. LTD. ,PUNE,SITARGANJ,Train,204305,21-03-2026,14,330,20,6600,100,0,1000,0,0,YES
MCPL/26-27/0015,01-04-2026,STARWAYS PRECISIONS PVT. LTD. ,PUNE,SITARGANJ,Train,204316,24-03-2026,18,360,20,7200,100,500,1000,0,0,YES
MCPL/26-27/0015,01-04-2026,STARWAYS PRECISIONS PVT. LTD. ,PUNE,SITARGANJ,Train,204321,25-03-2026,3-Bag,100,20,2000,100,500,1000,0,0,YES
MCPL/26-27/0015,01-04-2026,STARWAYS PRECISIONS PVT. LTD. ,PUNE,SITARGANJ,Train,204338,28-03-2026,16-Bag,260,20,5200,100,500,1000,0,0,YES
MCPL/26-27/0015,01-04-2026,STARWAYS PRECISIONS PVT. LTD. ,PUNE,SITARGANJ,Train,204353,30-03-2026,8-Bag,230,20,4600,100,500,1000,0,0,YES
MCPL/26-27/0016,01-04-2026,STARWAYS INDUSTRIES- CHAKAN,PUNE,SITARGANJ,Air,204243,09-03-2026,5-Bag,180,65,11700,100,500,1000,0,0,YES
MCPL/26-27/0016,01-04-2026,STARWAYS INDUSTRIES- CHAKAN,PUNE,SITARGANJ,Air,204293,19-03-2026,1-Bag,50,65,3250,100,500,1000,0,0,YES
MCPL/26-27/0016,01-04-2026,STARWAYS INDUSTRIES- CHAKAN,PUNE,SITARGANJ,Air,204314,24-03-2026,1-Bag,50,65,3250,100,500,1000,0,0,YES
MCPL/26-27/0016,01-04-2026,STARWAYS INDUSTRIES- CHAKAN,PUNE,SITARGANJ,Air,204326,26-03-2026,1-Bag,50,65,3250,100,500,1000,0,0,YES
MCPL/26-27/0016,01-04-2026,STARWAYS INDUSTRIES- CHAKAN,PUNE,SITARGANJ,Air,204350,30-03-2026,5-Bag,85,65,5525,100,500,1000,0,0,YES
MCPL/26-27/0016,01-04-2026,STARWAYS INDUSTRIES- CHAKAN,PUNE,SITARGANJ,Air,204359,31-03-2026,1-Bag,50,65,3250,100,500,1000,0,0,YES
MCPL/26-27/0017,01-04-2026,STARWAYS INDUSTRIES- CHAKAN,SITARGANJ,AURANGABAD,Train,204307,21-03-2026,6,150,20,3000,100,2500,1000,0,0,YES
MCPL/26-27/0018,01-04-2026,STARWAYS INDUSTRIES- CHAKAN,PUNE,SITARGANJ,Train,204244,09-03-2026,13-Bag,410,20,8200,100,500,1000,0,0,YES
MCPL/26-27/0018,01-04-2026,STARWAYS INDUSTRIES- CHAKAN,PUNE,SITARGANJ,Train,204245,10-03-2026,22-Bag,620,20,12400,100,500,1000,0,0,YES
MCPL/26-27/0018,01-04-2026,STARWAYS INDUSTRIES- CHAKAN,PUNE,SITARGANJ,Train,204253,11-03-2026,11-Bag,180,20,3600,100,500,1000,0,0,YES
MCPL/26-27/0018,01-04-2026,STARWAYS INDUSTRIES- CHAKAN,PUNE,SITARGANJ,Train,204283,17-03-2026,22-Bag,385,20,7700,100,500,1000,0,0,YES
MCPL/26-27/0018,01-04-2026,STARWAYS INDUSTRIES- CHAKAN,PUNE,SITARGANJ,Train,204296,19-03-2026,20-Bag,370,20,7400,100,500,1000,0,0,YES
MCPL/26-27/0018,01-04-2026,STARWAYS INDUSTRIES- CHAKAN,PUNE,SITARGANJ,Train,204302,20-03-2026,20-Bag,370,20,7400,100,500,1000,0,0,YES
MCPL/26-27/0018,01-04-2026,STARWAYS INDUSTRIES- CHAKAN,PUNE,SITARGANJ,Train,204306,21-03-2026,20-Bag,370,20,7400,100,500,1000,0,0,YES
MCPL/26-27/0018,01-04-2026,STARWAYS INDUSTRIES- CHAKAN,PUNE,SITARGANJ,Train,204308,22-03-2026,22-Bag,385,20,7700,100,500,1000,0,0,YES
MCPL/26-27/0018,01-04-2026,STARWAYS INDUSTRIES- CHAKAN,PUNE,SITARGANJ,Train,204313,23-03-2026,22-Bag,385,20,7700,100,500,1000,0,0,YES
MCPL/26-27/0018,01-04-2026,STARWAYS INDUSTRIES- CHAKAN,PUNE,SITARGANJ,Train,204315,24-03-2026,15-Bag,230,20,4600,100,500,1000,0,0,YES
MCPL/26-27/0018,01-04-2026,STARWAYS INDUSTRIES- CHAKAN,PUNE,SITARGANJ,Train,204317,24-03-2026,22-Bag,385,20,7700,100,500,1000,0,0,YES
MCPL/26-27/0018,01-04-2026,STARWAYS INDUSTRIES- CHAKAN,PUNE,SITARGANJ,Train,204322,25-03-2026,22-Bag,385,20,7700,100,500,1000,0,0,YES
MCPL/26-27/0018,01-04-2026,STARWAYS INDUSTRIES- CHAKAN,PUNE,SITARGANJ,Train,204327,26-03-2026,25-Bag,440,20,8800,100,500,1000,0,0,YES
MCPL/26-27/0018,01-04-2026,STARWAYS INDUSTRIES- CHAKAN,PUNE,SITARGANJ,Train,204336,27-03-2026,22-Bag,385,20,7700,100,500,1000,0,0,YES
MCPL/26-27/0018,01-04-2026,STARWAYS INDUSTRIES- CHAKAN,PUNE,SITARGANJ,Train,204342,29-03-2026,22-Bag,385,20,7700,100,500,1000,0,0,YES
MCPL/26-27/0018,01-04-2026,STARWAYS INDUSTRIES- CHAKAN,PUNE,SITARGANJ,Train,204348,29-03-2026,20-Bag,370,20,7400,100,500,1000,0,0,YES
MCPL/26-27/0018,01-04-2026,STARWAYS INDUSTRIES- CHAKAN,PUNE,SITARGANJ,Train,204354,30-03-2026,20-Bag,370,20,7400,100,500,1000,0,0,YES
MCPL/26-27/0018,01-04-2026,STARWAYS INDUSTRIES- CHAKAN,PUNE,SITARGANJ,Train,204363,31-03-2026,15-Bag,270,20,5400,100,500,1000,0,0,YES
MCPL/26-27/0019,01-04-2026,PRECIFAST PRIVATE LIMITED,PUNE,PANTNAGAR,Train,204383,31-03-2026,10,120,20,2400,100,500,1500,0,0,YES
MCPL/25-26/0347,31-03-2026,SKY 4 PUNE,PANTNAGAR,PUNE,Road,204414,30-10-2025,2,0,0,650,0,0,500,0,0,YES
MCPL/26-27/0020,01-04-2026,REUTTER INNOVATIVE CLOSURE TECHNOLOGIES (P) LTD,CHENNAI,NOIDA,Air,204409,26-03-2026,1,50,80,4000,100,2000,1500,0,0,YES
MCPL/26-27/0021,30-04-2026,CJ DARCL LOGISTICS LIMITED,PANTNAGAR,DELHI,Road,204408,07-04-2026,2,0,0,5500,0,0,0,0,0,YES
MCPL/26-27/0021,30-04-2026,CJ DARCL LOGISTICS LIMITED,PANTNAGAR,DELHI,Road,204538,26-04-2026,2,0,0,5500,0,0,0,0,0,YES
MCPL/26-27/0022,30-04-2026,CJ DARCL LOGISTICS LIMITED,DELHI,PANTNAGAR,Road,204378,03-04-2026,3,0,0,2300,0,0,0,0,0,YES
MCPL/26-27/0022,30-04-2026,CJ DARCL LOGISTICS LIMITED,DELHI,PANTNAGAR,Road,204394,05-04-2026,5,0,0,2300,0,0,0,0,0,YES
MCPL/26-27/0022,30-04-2026,CJ DARCL LOGISTICS LIMITED,DELHI,PANTNAGAR,Road,204395,06-04-2026,4,0,0,2300,0,0,0,0,0,YES
MCPL/26-27/0022,30-04-2026,CJ DARCL LOGISTICS LIMITED,DELHI,PANTNAGAR,Road,204416,08-04-2026,5,0,0,2300,0,0,0,0,0,YES
MCPL/26-27/0022,30-04-2026,CJ DARCL LOGISTICS LIMITED,DELHI,PANTNAGAR,Road,204427,10-04-2026,5,0,0,2300,0,0,0,0,0,YES
MCPL/26-27/0022,30-04-2026,CJ DARCL LOGISTICS LIMITED,DELHI,PANTNAGAR,Road,204448,13-04-2026,3,0,0,2300,0,0,0,0,0,YES
MCPL/26-27/0022,30-04-2026,CJ DARCL LOGISTICS LIMITED,DELHI,PANTNAGAR,Road,204504,22-04-2026,5,0,0,2300,0,0,0,0,0,YES
MCPL/26-27/0022,30-04-2026,CJ DARCL LOGISTICS LIMITED,DELHI,PANTNAGAR,Road,204524,24-04-2026,6,0,0,2600,0,0,0,0,0,YES
MCPL/26-27/0023,30-04-2026,ASHA INDUSTRIES,AURANGABAD,PANTNAGAR,Train,204419,08-04-2026,2-Bag,100,18,1800,100,1000,1000,0,0,YES
MCPL/26-27/0023,30-04-2026,ASHA INDUSTRIES,AURANGABAD,PANTNAGAR,Train,204462,11-04-2026,4-Bag,120,18,2160,100,1000,1000,0,0,YES
MCPL/26-27/0024,30-04-2026,DALI SAMIR ENGG.PVT LTD-PUNE,FARIDABAD,PANTNAGAR,Road,204553,29-04-2026,12,0,0,0,100,0,0,6000,0,YES
MCPL/26-27/0025,30-04-2026,DALI SAMIR ENGG.PVT LTD-PUNE,PUNE,PANTNAGAR,Train,204397,06-04-2026,6-Box,150,18,2700,100,1000,500,0,0,YES
MCPL/26-27/0025,30-04-2026,DALI SAMIR ENGG.PVT LTD-PUNE,PUNE,PANTNAGAR,Train,204429,10-04-2026,3-Box,100,18,1800,100,1000,500,0,0,YES
MCPL/26-27/0025,30-04-2026,DALI SAMIR ENGG.PVT LTD-PUNE,PUNE,PANTNAGAR,Train,204441,12-04-2026,5-Box,125,18,2250,100,1000,500,0,0,YES
MCPL/26-27/0025,30-04-2026,DALI SAMIR ENGG.PVT LTD-PUNE,PUNE,PANTNAGAR,Train,204470,16-04-2026,3-Box,100,18,1800,100,1000,500,0,0,YES
MCPL/26-27/0026,30-04-2026,HIMALAYAN AUTO ERA PVT LTD,PUNE,PANTNAGAR,Road Express,204552,29-04-2026,12-Bag,250,25,6250,100,0,0,0,0,YES
MCPL/26-27/0027,30-04-2026,HIMALAYAN AUTO ERA PVT LTD,PUNE,PANTNAGAR,Train,204372,02-04-2026,16,385,28,10780,100,0,0,0,0,YES
MCPL/26-27/0027,30-04-2026,HIMALAYAN AUTO ERA PVT LTD,PUNE,PANTNAGAR,Train,204449,13-04-2026,12,435,28,12180,100,0,0,0,0,YES
MCPL/26-27/0027,30-04-2026,HIMALAYAN AUTO ERA PVT LTD,PUNE,PANTNAGAR,Train,204499,21-04-2026,6,100,28,2800,100,0,0,0,0,YES
MCPL/26-27/0028,30-04-2026,HIMALAYAN AUTO ERA PVT LTD,PANTNAGAR,BANGALORE,Air,204492,20-04-2026,2,50,85,4250,100,0,1500,0,0,YES
MCPL/26-27/0029,30-04-2026,HIMALAYAN AUTO ERA PVT LTD,PUNE,PANTNAGAR,Air,204366,01-04-2026,12,290,78,22620,100,0,0,0,0,YES
MCPL/26-27/0029,30-04-2026,HIMALAYAN AUTO ERA PVT LTD,PUNE,PANTNAGAR,Air,204443,12-04-2026,10,360,78,28080,100,0,0,0,0,YES
MCPL/26-27/0030,30-04-2026,PANORAMA AUTOMOTIVE IND. PVT. LTD.,PUNE,PANTNAGAR,Train,204502,21-04-2026,2-Bag,80,20,1600,100,800,500,0,0,YES
MCPL/26-27/0030,30-04-2026,PANORAMA AUTOMOTIVE IND. PVT. LTD.,PUNE,PANTNAGAR,Train,204530,25-04-2026,3-Bag,95,20,1900,100,800,500,0,0,YES
MCPL/26-27/0031,30-04-2026,PRECIFAST PRIVATE LIMITED,PUNE,PANTNAGAR,Train,204407,08-04-2026,10-Box,120,20,2400,100,500,1500,0,0,YES
MCPL/26-27/0031,30-04-2026,PRECIFAST PRIVATE LIMITED,PUNE,PANTNAGAR,Train,204490,20-04-2026,5-Box,100,20,2000,100,500,1500,0,0,YES
MCPL/26-27/0031,30-04-2026,PRECIFAST PRIVATE LIMITED,PUNE,PANTNAGAR,Train,204518,23-04-2026,5-Box,100,20,2000,100,500,1500,0,0,YES
MCPL/26-27/0031,30-04-2026,PRECIFAST PRIVATE LIMITED,PUNE,PANTNAGAR,Train,204522,24-04-2026,10-Box,120,20,2400,100,500,1500,0,0,YES
MCPL/26-27/0032,30-04-2026,REUTTER INNOVATIVE CLOSURE TECHNOLOGIES (P) LTD,CHENNAI,NOIDA,Air,204425,09-04-2026,4,100,80,8000,100,2000,1500,0,0,YES
MCPL/26-27/0032,30-04-2026,REUTTER INNOVATIVE CLOSURE TECHNOLOGIES (P) LTD,CHENNAI,NOIDA,Air,204469,15-04-2026,6,120,80,9600,100,2000,1500,0,0,YES
MCPL/26-27/0033,30-04-2026,REUTTER INNOVATIVE CLOSURE TECHNOLOGIES (P) LTD,CHENNAI,PITHAMPUR,Air,204418,08-04-2026,4,85,80,6800,100,2000,1500,0,0,YES
MCPL/26-27/0034,30-04-2026,REUTTER INNOVATIVE CLOSURE TECHNOLOGIES (P) LTD,CHENNAI,PUNE,Air,204520,24-04-2026,6,150,80,12000,100,2000,1500,0,0,YES
MCPL/26-27/0034,30-04-2026,REUTTER INNOVATIVE CLOSURE TECHNOLOGIES (P) LTD,CHENNAI,PUNE,Air,204549,27-04-2026,4,100,80,8000,100,2000,1500,0,0,YES
MCPL/26-27/0034,30-04-2026,REUTTER INNOVATIVE CLOSURE TECHNOLOGIES (P) LTD,CHENNAI,PUNE,Air,204551,28-04-2026,1,50,80,4000,100,2000,1500,0,0,YES
MCPL/26-27/0035,30-04-2026,REUTTER INNOVATIVE CLOSURE TECHNOLOGIES (P) LTD,PUNE,CHENNAI,Air,204550,28-04-2026,1,50,80,4000,100,1500,2000,0,0,YES
MCPL/26-27/0035,30-04-2026,REUTTER INNOVATIVE CLOSURE TECHNOLOGIES (P) LTD,PUNE,CHENNAI,Air,204555,29-04-2026,1,50,80,4000,100,1500,2000,0,0,YES
MCPL/26-27/0036,30-04-2026,SHREYA INDUSTRIES - PNQ,RUDRAPUR,PUNE,Train,204421,09-04-2026,12,216,22,4752,100,2500,1500,0,0,YES
MCPL/26-27/0036,30-04-2026,SHREYA INDUSTRIES - PNQ,RUDRAPUR,PUNE,Train,204438,11-04-2026,12,216,22,4752,100,2500,1500,0,0,YES
MCPL/26-27/0037,30-04-2026,SKY 4 PUNE,DELHI-STATION,PANTNAGAR,Road,204369,01-04-2026,1,200,0,2500,0,0,500,0,0,YES
MCPL/26-27/0037,30-04-2026,SKY 4 PUNE,DELHI-STATION,PANTNAGAR,Road,204385,04-04-2026,2,0,0,2500,0,0,500,0,0,YES
MCPL/26-27/0037,30-04-2026,SKY 4 PUNE,DELHI-STATION,PANTNAGAR,Road,204393,06-04-2026,2,0,0,2500,0,0,500,0,0,YES
MCPL/26-27/0037,30-04-2026,SKY 4 PUNE,DELHI-STATION,PANTNAGAR,Road,204447,13-04-2026,4,0,0,2500,0,0,500,0,0,YES
MCPL/26-27/0037,30-04-2026,SKY 4 PUNE,DELHI-STATION,PANTNAGAR,Road,204453,14-04-2026,50,0,0,2500,0,0,500,0,0,YES
MCPL/26-27/0037,30-04-2026,SKY 4 PUNE,DELHI-STATION,PANTNAGAR,Road,204471,16-04-2026,3,0,0,2500,0,0,500,0,0,YES
MCPL/26-27/0037,30-04-2026,SKY 4 PUNE,DELHI-AIRPORT,PANTNAGAR,Road,204489,20-04-2026,12,0,0,2500,0,0,1500,0,0,YES
MCPL/26-27/0037,30-04-2026,SKY 4 PUNE,DELHI-STATION,PANTNAGAR,Road,204537,27-04-2026,3,0,0,2500,0,0,500,0,0,YES
MCPL/26-27/0037,30-04-2026,SKY 4 PUNE,DELHI-STATION,PANTNAGAR,Road,204557,30-04-2026,22,0,0,2500,0,0,500,0,0,YES
MCPL/26-27/0038,01-05-2026,SHREYA INDUSTRIES - PNQ,PUNE,PANTNAGAR,Road,204364,01-04-2026,20-Box,20,375,7500,100,0,0,0,0,YES
MCPL/26-27/0038,01-05-2026,SHREYA INDUSTRIES - PNQ,PUNE,PANTNAGAR,Road,204365,01-04-2026,16-Box,16,375,6000,100,0,0,0,0,YES
MCPL/26-27/0038,01-05-2026,SHREYA INDUSTRIES - PNQ,PUNE,PANTNAGAR,Road,204373,02-04-2026,20-Box,20,375,7500,100,0,0,0,0,YES
MCPL/26-27/0038,01-05-2026,SHREYA INDUSTRIES - PNQ,PUNE,PANTNAGAR,Road,204374,02-04-2026,16-Box,16,375,6000,100,0,0,0,0,YES
MCPL/26-27/0038,01-05-2026,SHREYA INDUSTRIES - PNQ,PUNE,PANTNAGAR,Road,204376,03-04-2026,20-Box,20,375,7500,100,0,0,0,0,YES
MCPL/26-27/0038,01-05-2026,SHREYA INDUSTRIES - PNQ,PUNE,PANTNAGAR,Road,204377,03-04-2026,16-Box,16,375,6000,100,0,0,0,0,YES
MCPL/26-27/0038,01-05-2026,SHREYA INDUSTRIES - PNQ,PUNE,PANTNAGAR,Road,204387,04-04-2026,20-Box,20,375,7500,100,0,0,0,0,YES
MCPL/26-27/0038,01-05-2026,SHREYA INDUSTRIES - PNQ,PUNE,PANTNAGAR,Road,204388,04-04-2026,16-Box,16,375,6000,100,0,0,0,0,YES
MCPL/26-27/0039,01-05-2026,SHREYA INDUSTRIES - PNQ,PUNE,PANTNAGAR,Road,204398,06-04-2026,30-Box,30,375,11250,100,0,0,0,0,YES
MCPL/26-27/0039,01-05-2026,SHREYA INDUSTRIES - PNQ,PUNE,PANTNAGAR,Road,204403,07-04-2026,30-Box,30,375,11250,100,0,0,0,0,YES
MCPL/26-27/0039,01-05-2026,SHREYA INDUSTRIES - PNQ,PUNE,PANTNAGAR,Road,204411,08-04-2026,30-Box,30,375,11250,100,0,0,0,0,YES
MCPL/26-27/0039,01-05-2026,SHREYA INDUSTRIES - PNQ,PUNE,PANTNAGAR,Road,204426,10-04-2026,30-Box,30,375,11250,100,0,0,0,0,YES
MCPL/26-27/0039,01-05-2026,SHREYA INDUSTRIES - PNQ,PUNE,PANTNAGAR,Road,204433,11-04-2026,30-Box,30,375,11250,100,0,0,0,0,YES
MCPL/26-27/0040,01-05-2026,SHREYA INDUSTRIES - PNQ,PUNE,PANTNAGAR,Road,204455,14-04-2026,20-Box,20,375,7500,100,0,0,0,0,YES
MCPL/26-27/0040,01-05-2026,SHREYA INDUSTRIES - PNQ,PUNE,PANTNAGAR,Road,204456,14-04-2026,16-Box,16,375,6000,100,0,0,0,0,YES
MCPL/26-27/0040,01-05-2026,SHREYA INDUSTRIES - PNQ,PUNE,PANTNAGAR,Road,204478,17-04-2026,20-Box,20,375,7500,100,0,0,0,0,YES
MCPL/26-27/0040,01-05-2026,SHREYA INDUSTRIES - PNQ,PUNE,PANTNAGAR,Road,204479,17-04-2026,16-Box,16,375,6000,100,0,0,0,0,YES
MCPL/26-27/0040,01-05-2026,SHREYA INDUSTRIES - PNQ,PUNE,PANTNAGAR,Road,204480,18-04-2026,20-Box,20,375,7500,100,0,0,0,0,YES
MCPL/26-27/0040,01-05-2026,SHREYA INDUSTRIES - PNQ,PUNE,PANTNAGAR,Road,204481,18-04-2026,16-Box,16,375,6000,100,0,0,0,0,YES
MCPL/26-27/0041,01-05-2026,SHREYA INDUSTRIES - PNQ,PUNE,PANTNAGAR,Road,204493,20-04-2026,20-Box,20,375,7500,100,0,0,0,0,YES
MCPL/26-27/0041,01-05-2026,SHREYA INDUSTRIES - PNQ,PUNE,PANTNAGAR,Road,204494,20-04-2026,16-Box,16,375,6000,100,0,0,0,0,YES
MCPL/26-27/0041,01-05-2026,SHREYA INDUSTRIES - PNQ,PUNE,PANTNAGAR,Road,204511,23-04-2026,20,20,375,7500,100,0,0,0,0,YES
MCPL/26-27/0041,01-05-2026,SHREYA INDUSTRIES - PNQ,PUNE,PANTNAGAR,Road,204512,23-04-2026,16,16,375,6000,100,0,0,0,0,YES
MCPL/26-27/0041,01-05-2026,SHREYA INDUSTRIES - PNQ,PUNE,PANTNAGAR,Road,204534,26-04-2026,20-Box,20,375,7500,100,0,0,0,0,YES
MCPL/26-27/0041,01-05-2026,SHREYA INDUSTRIES - PNQ,PUNE,PANTNAGAR,Road,204535,26-04-2026,16-Box,16,375,6000,100,0,0,0,0,YES
MCPL/26-27/0042,01-05-2026,SHREYA INDUSTRIES - PNQ,PUNE,PANTNAGAR,Road,204543,28-04-2026,20-Box,20,375,7500,100,0,0,0,0,YES
MCPL/26-27/0042,01-05-2026,SHREYA INDUSTRIES - PNQ,PUNE,PANTNAGAR,Road,204544,28-04-2026,16-Box,16,375,6000,100,0,0,0,0,YES
MCPL/26-27/0043,01-05-2026,STARWAYS INDUSTRIES- CHAKAN,PUNE,SITARGANJ,Train,204384,04-04-2026,20-Bag,385,20,7700,100,500,1000,0,0,YES
MCPL/26-27/0043,01-05-2026,STARWAYS INDUSTRIES- CHAKAN,PUNE,SITARGANJ,Train,204386,04-04-2026,20-Bag,385,20,7700,100,500,1000,0,0,YES
MCPL/26-27/0043,01-05-2026,STARWAYS INDUSTRIES- CHAKAN,PUNE,SITARGANJ,Train,204400,06-04-2026,25-Bag,440,20,8800,100,500,1000,0,0,YES
MCPL/26-27/0043,01-05-2026,STARWAYS INDUSTRIES- CHAKAN,PUNE,SITARGANJ,Train,204406,07-04-2026,22-Bag,385,20,7700,100,500,1000,0,0,YES
MCPL/26-27/0043,01-05-2026,STARWAYS INDUSTRIES- CHAKAN,PUNE,SITARGANJ,Train,204410,08-04-2026,8-Bag,125,20,2500,100,500,1000,0,0,YES
MCPL/26-27/0043,01-05-2026,STARWAYS INDUSTRIES- CHAKAN,PUNE,SITARGANJ,Train,204415,08-04-2026,22-Bag,385,20,7700,100,500,1000,0,0,YES
MCPL/26-27/0043,01-05-2026,STARWAYS INDUSTRIES- CHAKAN,PUNE,SITARGANJ,Train,204423,09-04-2026,10-Bag,290,20,5800,100,500,1000,0,0,YES
MCPL/26-27/0043,01-05-2026,STARWAYS INDUSTRIES- CHAKAN,PUNE,SITARGANJ,Train,204432,10-04-2026,22-Bag,385,20,7700,100,500,1000,0,0,YES
MCPL/26-27/0043,01-05-2026,STARWAYS INDUSTRIES- CHAKAN,PUNE,SITARGANJ,Train,204435,11-04-2026,39,1080,20,21600,100,500,1000,0,0,YES
MCPL/26-27/0043,01-05-2026,STARWAYS INDUSTRIES- CHAKAN,PUNE,SITARGANJ,Train,204440,11-04-2026,22-Bag,385,20,7700,100,500,1000,0,0,YES
MCPL/26-27/0043,01-05-2026,STARWAYS INDUSTRIES- CHAKAN,PUNE,SITARGANJ,Train,204442,12-04-2026,22-Bag,385,20,7700,100,500,1000,0,0,YES
MCPL/26-27/0043,01-05-2026,STARWAYS INDUSTRIES- CHAKAN,PUNE,SITARGANJ,Train,204464,15-04-2026,3-Bag,50,20,1000,100,500,1000,0,0,YES
MCPL/26-27/0043,01-05-2026,STARWAYS INDUSTRIES- CHAKAN,PUNE,SITARGANJ,Train,204475,16-04-2026,10-Bag,380,20,7600,100,500,1000,0,0,YES
MCPL/26-27/0043,01-05-2026,STARWAYS INDUSTRIES- CHAKAN,PUNE,SITARGANJ,Train,204497,21-04-2026,9-Bag,265,20,5300,100,500,1000,0,0,YES
MCPL/26-27/0043,01-05-2026,STARWAYS INDUSTRIES- CHAKAN,PUNE,SITARGANJ,Train,204509,22-04-2026,8-Bag,185,20,3700,100,500,1000,0,0,YES
MCPL/26-27/0043,01-05-2026,STARWAYS INDUSTRIES- CHAKAN,PUNE,SITARGANJ,Train,204510,22-04-2026,15-Bag,265,20,5300,100,500,1000,0,0,YES
MCPL/26-27/0043,01-05-2026,STARWAYS INDUSTRIES- CHAKAN,PUNE,SITARGANJ,Train,204516,23-04-2026,12-Bag,210,20,4200,100,500,1000,0,0,YES
MCPL/26-27/0043,01-05-2026,STARWAYS INDUSTRIES- CHAKAN,PUNE,SITARGANJ,Train,204523,24-04-2026,20-Bag,385,20,7700,100,500,1000,0,0,YES
MCPL/26-27/0043,01-05-2026,STARWAYS INDUSTRIES- CHAKAN,PUNE,SITARGANJ,Train,204526,25-04-2026,12-Bag,360,20,7200,100,500,1000,0,0,YES
MCPL/26-27/0043,01-05-2026,STARWAYS INDUSTRIES- CHAKAN,PUNE,SITARGANJ,Train,204531,25-04-2026,20-Bag,385,20,7700,100,500,1000,0,0,YES
MCPL/26-27/0043,01-05-2026,STARWAYS INDUSTRIES- CHAKAN,PUNE,SITARGANJ,Train,204536,26-04-2026,20-Bag,385,20,7700,100,500,1000,0,0,YES
MCPL/26-27/0043,01-05-2026,STARWAYS INDUSTRIES- CHAKAN,PUNE,SITARGANJ,Train,204539,27-04-2026,5-Bag,100,20,2000,100,500,1000,0,0,YES
MCPL/26-27/0043,01-05-2026,STARWAYS INDUSTRIES- CHAKAN,PUNE,SITARGANJ,Train,204542,27-04-2026,22-Bag,385,20,7700,100,500,1000,0,0,YES
MCPL/26-27/0043,01-05-2026,STARWAYS INDUSTRIES- CHAKAN,PUNE,SITARGANJ,Train,204548,28-04-2026,22-Bag,385,20,7700,100,500,1000,0,0,YES
MCPL/26-27/0043,01-05-2026,STARWAYS INDUSTRIES- CHAKAN,PUNE,SITARGANJ,Train,204556,29-04-2026,22-Bag,385,20,7700,100,500,1000,0,0,YES
MCPL/26-27/0043,01-05-2026,STARWAYS INDUSTRIES- CHAKAN,PUNE,SITARGANJ,Train,204559,30-04-2026,4-Bag,100,20,2000,100,500,1000,0,0,YES
MCPL/26-27/0044,01-05-2026,STARWAYS INDUSTRIES- CHAKAN,PUNE,SITARGANJ,Air,204379,03-04-2026,20-Bag,385,65,25025,100,500,1000,0,0,YES
MCPL/26-27/0044,01-05-2026,STARWAYS INDUSTRIES- CHAKAN,PUNE,SITARGANJ,Air,204380,03-04-2026,1-Bag,50,65,3250,100,500,1000,0,0,YES
MCPL/26-27/0044,01-05-2026,STARWAYS INDUSTRIES- CHAKAN,PUNE,SITARGANJ,Air,204396,06-04-2026,4,60,65,3900,100,500,1000,0,0,YES
MCPL/26-27/0044,01-05-2026,STARWAYS INDUSTRIES- CHAKAN,PUNE,SITARGANJ,Air,204399,06-04-2026,20-Bag,365,65,23725,100,500,1000,0,0,YES
MCPL/26-27/0044,01-05-2026,STARWAYS INDUSTRIES- CHAKAN,PUNE,SITARGANJ,Air,204402,07-04-2026,4-Bag,65,65,4225,100,500,1000,0,0,YES
MCPL/26-27/0044,01-05-2026,STARWAYS INDUSTRIES- CHAKAN,PUNE,SITARGANJ,Air,204422,09-04-2026,8-Bag,195,65,12675,100,500,1000,0,0,YES
MCPL/26-27/0044,01-05-2026,STARWAYS INDUSTRIES- CHAKAN,PUNE,SITARGANJ,Air,204437,11-04-2026,1-Bag,50,65,3250,100,500,1000,0,0,YES
MCPL/26-27/0044,01-05-2026,STARWAYS INDUSTRIES- CHAKAN,PUNE,SITARGANJ,Air,204446,13-04-2026,6-Bag,120,65,7800,100,500,1000,0,0,YES
MCPL/26-27/0044,01-05-2026,STARWAYS INDUSTRIES- CHAKAN,PUNE,SITARGANJ,Air,204452,13-04-2026,22-Bag,385,65,25025,100,500,1000,0,0,YES
MCPL/26-27/0044,01-05-2026,STARWAYS INDUSTRIES- CHAKAN,PUNE,SITARGANJ,Air,204457,14-04-2026,1-Bag,50,65,3250,100,500,1000,0,0,YES
MCPL/26-27/0044,01-05-2026,STARWAYS INDUSTRIES- CHAKAN,PUNE,SITARGANJ,Air,204459,14-04-2026,15-Bag,250,65,16250,100,500,1000,0,0,YES
MCPL/26-27/0044,01-05-2026,STARWAYS INDUSTRIES- CHAKAN,PUNE,SITARGANJ,Air,204463,15-04-2026,12-Bag,180,65,11700,100,500,1000,0,0,YES
MCPL/26-27/0044,01-05-2026,STARWAYS INDUSTRIES- CHAKAN,PUNE,SITARGANJ,Air,204474,16-04-2026,5-Bag,90,65,5850,100,500,1000,0,0,YES
MCPL/26-27/0044,01-05-2026,STARWAYS INDUSTRIES- CHAKAN,PUNE,SITARGANJ,Air,204496,21-04-2026,2-Box,50,65,3250,100,500,1000,0,0,YES
MCPL/26-27/0044,01-05-2026,STARWAYS INDUSTRIES- CHAKAN,PUNE,SITARGANJ,Air,204508,22-04-2026,3-Bag,60,65,3900,100,500,1000,0,0,YES
MCPL/26-27/0044,01-05-2026,STARWAYS INDUSTRIES- CHAKAN,PUNE,SITARGANJ,Air,204515,23-04-2026,13,245,65,15925,100,500,0,6500,0,YES
MCPL/26-27/0044,01-05-2026,STARWAYS INDUSTRIES- CHAKAN,PUNE,SITARGANJ,Air,204525,25-04-2026,1-Bag,50,65,3250,100,500,1000,0,0,YES
MCPL/26-27/0044,01-05-2026,STARWAYS INDUSTRIES- CHAKAN,PUNE,SITARGANJ,Air,204558,30-04-2026,8-Bag,155,65,10075,100,500,1000,0,0,YES
MCPL/26-27/0045,01-05-2026,U. S. AUTO CONTROLS PVT LTD ,PUNE,PANTNAGAR,Air,204370,01-04-2026,7-Bag,140,56,7840,100,500,1000,0,0,YES
MCPL/26-27/0045,01-05-2026,U. S. AUTO CONTROLS PVT LTD ,PUNE,PANTNAGAR,Air,204382,03-04-2026,5-Bag,100,56,5600,100,500,1000,0,0,YES
MCPL/26-27/0045,01-05-2026,U. S. AUTO CONTROLS PVT LTD ,PUNE,PANTNAGAR,Air,204392,05-04-2026,13-Bag,240,56,13440,100,500,1000,0,0,YES
MCPL/26-27/0045,01-05-2026,U. S. AUTO CONTROLS PVT LTD ,PUNE,PANTNAGAR,Air,204405,07-04-2026,13-Bag,240,56,13440,100,500,1000,0,0,YES
MCPL/26-27/0045,01-05-2026,U. S. AUTO CONTROLS PVT LTD ,PUNE,PANTNAGAR,Air,204420,09-04-2026,9-Bag,180,56,10080,100,500,1000,0,0,YES
MCPL/26-27/0045,01-05-2026,U. S. AUTO CONTROLS PVT LTD ,PUNE,PANTNAGAR,Air,204439,11-04-2026,11-Bag,190,56,10640,100,500,1000,0,0,YES
MCPL/26-27/0045,01-05-2026,U. S. AUTO CONTROLS PVT LTD ,PUNE,PANTNAGAR,Air,204458,14-04-2026,14-Bag,280,56,15680,100,500,1000,0,0,YES
MCPL/26-27/0045,01-05-2026,U. S. AUTO CONTROLS PVT LTD ,PUNE,PANTNAGAR,Air,204472,16-04-2026,4-Bag,80,56,4480,100,500,1000,0,0,YES
MCPL/26-27/0045,01-05-2026,U. S. AUTO CONTROLS PVT LTD ,PUNE,PANTNAGAR,Air,204483,18-04-2026,10-Bag,190,56,10640,100,500,1000,0,0,YES
MCPL/26-27/0045,01-05-2026,U. S. AUTO CONTROLS PVT LTD ,PUNE,PANTNAGAR,Air,204491,20-04-2026,3-Bag,65,56,3640,100,500,1000,0,0,YES
MCPL/26-27/0045,01-05-2026,U. S. AUTO CONTROLS PVT LTD ,PUNE,PANTNAGAR,Air,204519,23-04-2026,6-Bag,110,56,6160,100,500,1000,0,0,YES
MCPL/26-27/0045,01-05-2026,U. S. AUTO CONTROLS PVT LTD ,PUNE,PANTNAGAR,Air,204532,25-04-2026,4-Bag,70,56,3920,100,500,1000,0,0,YES
MCPL/26-27/0045,01-05-2026,U. S. AUTO CONTROLS PVT LTD ,PUNE,PANTNAGAR,Air,204546,28-04-2026,5-Bag,100,56,5600,100,500,1000,0,0,YES
MCPL/26-27/0045,01-05-2026,U. S. AUTO CONTROLS PVT LTD ,PUNE,PANTNAGAR,Air,204563,30-04-2026,4-Bag,90,56,5040,100,500,1000,0,0,YES
MCPL/26-27/0046,01-05-2026,U. S. AUTO CONTROLS PVT LTD ,PUNE,PANTNAGAR,Road,204436,11-04-2026,10-Bag,255,8.5,2167.5,100,1000,500,0,0,YES
MCPL/26-27/0046,01-05-2026,U. S. AUTO CONTROLS PVT LTD ,PUNE,PANTNAGAR,Road,204444,13-04-2026,11-Bag,300,8.5,2550,100,1000,500,0,0,YES
MCPL/26-27/0046,01-05-2026,U. S. AUTO CONTROLS PVT LTD ,PUNE,PANTNAGAR,Road,204445,13-04-2026,4-Bag,70,8.5,595,100,0,500,0,0,YES
MCPL/26-27/0046,01-05-2026,U. S. AUTO CONTROLS PVT LTD ,PUNE,PANTNAGAR,Road,204454,14-04-2026,16-Bag,420,8.5,3570,100,1000,500,0,0,YES
MCPL/26-27/0046,01-05-2026,U. S. AUTO CONTROLS PVT LTD ,PUNE,PANTNAGAR,Road,204466,15-04-2026,4-Bag,70,8.5,595,100,0,500,0,0,YES
MCPL/26-27/0046,01-05-2026,U. S. AUTO CONTROLS PVT LTD ,PUNE,PANTNAGAR,Road,204467,15-04-2026,12-Bag,305,8.5,2592.5,100,1000,500,0,0,YES
MCPL/26-27/0046,01-05-2026,U. S. AUTO CONTROLS PVT LTD ,PUNE,PANTNAGAR,Road,204473,16-04-2026,8-Bag,250,8.5,2125,100,1000,500,0,0,YES
MCPL/26-27/0046,01-05-2026,U. S. AUTO CONTROLS PVT LTD ,PUNE,PANTNAGAR,Road,204484,18-04-2026,12-Bag,310,8.5,2635,100,1000,500,0,0,YES
MCPL/26-27/0046,01-05-2026,U. S. AUTO CONTROLS PVT LTD ,PUNE,PANTNAGAR,Road,204487,20-04-2026,4-Bag,70,8.5,595,100,0,500,0,0,YES
MCPL/26-27/0046,01-05-2026,U. S. AUTO CONTROLS PVT LTD ,PUNE,PANTNAGAR,Road,204488,20-04-2026,13-Bag,355,8.5,3017.5,100,1000,500,0,0,YES
MCPL/26-27/0046,01-05-2026,U. S. AUTO CONTROLS PVT LTD ,PUNE,PANTNAGAR,Road,204498,21-04-2026,9-Bag,275,8.5,2337.5,100,1000,500,0,0,YES
MCPL/26-27/0046,01-05-2026,U. S. AUTO CONTROLS PVT LTD ,PUNE,PANTNAGAR,Road,204503,22-04-2026,7-Bag,250,8.5,2125,100,1000,500,0,0,YES
MCPL/26-27/0046,01-05-2026,U. S. AUTO CONTROLS PVT LTD ,PUNE,PANTNAGAR,Road,204513,23-04-2026,19-Bag,475,8.5,4037.5,100,1000,500,0,0,YES
MCPL/26-27/0046,01-05-2026,U. S. AUTO CONTROLS PVT LTD ,PUNE,PANTNAGAR,Road,204514,23-04-2026,4-Bag,70,8.5,595,100,0,500,0,0,YES
MCPL/26-27/0046,01-05-2026,U. S. AUTO CONTROLS PVT LTD ,PUNE,PANTNAGAR,Road,204528,25-04-2026,22-Bag,520,8.5,4420,100,1000,500,0,0,YES
MCPL/26-27/0046,01-05-2026,U. S. AUTO CONTROLS PVT LTD ,PUNE,PANTNAGAR,Road,204540,27-04-2026,10-Bag,260,8.5,2210,100,1000,500,0,0,YES
MCPL/26-27/0046,01-05-2026,U. S. AUTO CONTROLS PVT LTD ,PUNE,PANTNAGAR,Road,204547,28-04-2026,26-Bag,625,8.5,5312.5,100,1000,500,0,0,YES
MCPL/26-27/0046,01-05-2026,U. S. AUTO CONTROLS PVT LTD ,PUNE,PANTNAGAR,Road,204561,30-04-2026,13-Bag,365,8.5,3102.5,100,1000,500,0,0,YES
MCPL/26-27/0046,01-05-2026,U. S. AUTO CONTROLS PVT LTD ,PUNE,PANTNAGAR,Road,204562,30-04-2026,4-Bag,70,8.5,595,100,0,500,0,0,YES
MCPL/26-27/0048,10-05-2026,REUTTER INNOVATIVE CLOSURE TECHNOLOGIES (P) LTD,CHENNAI,PUNE,Air,204565,30-04-2026,1-Box,50,80,4000,100,2000,1500,0,0,YES
MCPL/26-27/0047,10-05-2026,SCHLEMMER TECHNOLOGY IND PVT LTD,PUDUCHERRY,MANESAR,Air,204615,09-05-2026,6,385,80,30800,100,0,2000,0,0,YES
MCPL/26-27/0049,10-05-2026,"BELRISE INDUSTRIES LTD,UNIT-7E",PUNE,PANTNAGAR,Train,204468,15-04-2026,1,100,16,1600,0,500,1000,0,0,YES
MCPL/26-27/0049,10-05-2026,"BELRISE INDUSTRIES LTD,UNIT-7E",PUNE,PANTNAGAR,Train,204541,27-04-2026,20-Bag,680,16,10880,0,500,0,8000,0,YES
MCPL/26-27/0157,30-07-2026,BELRISE INDUSTRIES LTD UNIT -IX,PUNE,PANTNAGAR,Train,204417,09-04-2026,58-Bag,715,16,11440,0,500,0,8000,0,YES
MCPL/26-27/0051,15-05-2026,HARIHARESHWAR AUOT TECH PRIVATE LIMITED,AURANGABAD,RUDRAPUR,Air,204601,04-05-2026,1,50,56,2800,100,3000,1000,0,0,YES
MCPL/26-27/0052,15-05-2026,STARWAYS PRECISIONS PVT. LTD. ,AURANGABAD,SITARGANJ,Air,204401,07-04-2026,1-Bag,50,65,3250,100,6500,2500,0,0,YES
MCPL/26-27/0052,15-05-2026,STARWAYS PRECISIONS PVT. LTD. ,AURANGABAD,SITARGANJ,Air,204424,09-04-2026,2-Bag,80,65,5200,100,6500,2500,0,0,YES
MCPL/26-27/0052,15-05-2026,STARWAYS PRECISIONS PVT. LTD. ,AURANGABAD,SITARGANJ,Air,204434,10-04-2026,1-Bag,50,65,3250,100,6500,2500,0,0,YES
MCPL/26-27/0053,15-05-2026,STARWAYS PRECISIONS PVT. LTD. ,PUNE,SITARGANJ,Air,204371,02-04-2026,2-Bag,50,65,3250,100,500,0,6500,0,YES
MCPL/26-27/0053,15-05-2026,STARWAYS PRECISIONS PVT. LTD. ,PUNE,SITARGANJ,Air,204389,04-04-2026,1-Bag,50,65,3250,100,500,0,6500,0,YES
MCPL/26-27/0053,15-05-2026,STARWAYS PRECISIONS PVT. LTD. ,PUNE,SITARGANJ,Air,204390,05-04-2026,1-Bag,50,65,3250,100,500,1000,0,0,YES
MCPL/26-27/0053,15-05-2026,STARWAYS PRECISIONS PVT. LTD. ,PUNE,SITARGANJ,Air,204412,08-04-2026,3-Bag,80,65,5200,100,500,1000,0,0,YES
MCPL/26-27/0053,15-05-2026,STARWAYS PRECISIONS PVT. LTD. ,PUNE,SITARGANJ,Air,204430,10-04-2026,3-Bag,80,65,5200,100,500,1000,0,0,YES
MCPL/26-27/0053,15-05-2026,STARWAYS PRECISIONS PVT. LTD. ,PUNE,SITARGANJ,Air,204450,13-04-2026,13,495,65,32175,100,500,1000,0,0,YES
MCPL/26-27/0053,15-05-2026,STARWAYS PRECISIONS PVT. LTD. ,PUNE,SITARGANJ,Air,204460,15-04-2026,1-Bag,50,65,3250,100,500,1000,0,0,YES
MCPL/26-27/0053,15-05-2026,STARWAYS PRECISIONS PVT. LTD. ,PUNE,SITARGANJ,Air,204465,15-04-2026,1-Bag,50,65,3250,100,500,1000,0,0,YES
MCPL/26-27/0053,15-05-2026,STARWAYS PRECISIONS PVT. LTD. ,PUNE,SITARGANJ,Air,204476,16-04-2026,1-Bag,50,65,3250,100,500,1000,0,0,YES
MCPL/26-27/0053,15-05-2026,STARWAYS PRECISIONS PVT. LTD. ,PUNE,SITARGANJ,Air,204485,19-04-2026,2-Bag,60,65,3900,100,500,1000,0,0,YES
MCPL/26-27/0053,15-05-2026,STARWAYS PRECISIONS PVT. LTD. ,PUNE,SITARGANJ,Air,204495,20-04-2026,1-Bag,50,65,3250,100,500,1000,0,0,YES
MCPL/26-27/0053,15-05-2026,STARWAYS PRECISIONS PVT. LTD. ,PUNE,SITARGANJ,Air,204500,21-04-2026,1-Bag,50,65,3250,100,500,1000,0,0,YES
MCPL/26-27/0053,15-05-2026,STARWAYS PRECISIONS PVT. LTD. ,PUNE,SITARGANJ,Air,204506,22-04-2026,2-Bag,50,65,3250,100,500,1000,0,0,YES
MCPL/26-27/0053,15-05-2026,STARWAYS PRECISIONS PVT. LTD. ,PUNE,SITARGANJ,Air,204507,22-04-2026,1-Bag,50,65,3250,100,0,1000,0,0,YES
MCPL/26-27/0053,15-05-2026,STARWAYS PRECISIONS PVT. LTD. ,PUNE,SITARGANJ,Air,204521,24-04-2026,1-Bag,50,65,3250,100,500,1000,0,0,YES
MCPL/26-27/0053,15-05-2026,STARWAYS PRECISIONS PVT. LTD. ,PUNE,SITARGANJ,Air,204560,30-04-2026,1,50,65,3250,100,500,1000,0,0,YES
MCPL/26-27/0054,15-05-2026,STARWAYS PRECISIONS PVT. LTD. ,SITARGANJ,PUNE,Train,204529,25-04-2026,3,100,20,2000,100,1000,500,0,0,YES
MCPL/26-27/0055,15-05-2026,STARWAYS PRECISIONS PVT. LTD. ,PUNE,SITARGANJ,Train,204375,02-04-2026,4-Bag,100,20,2000,100,500,1000,0,0,YES
MCPL/26-27/0055,15-05-2026,STARWAYS PRECISIONS PVT. LTD. ,PUNE,SITARGANJ,Train,204381,03-04-2026,2-Bag,100,20,2000,100,500,1000,0,0,YES
MCPL/26-27/0055,15-05-2026,STARWAYS PRECISIONS PVT. LTD. ,PUNE,SITARGANJ,Train,204391,05-04-2026,14-Bag,250,20,5000,100,0,1000,0,0,YES
MCPL/26-27/0055,15-05-2026,STARWAYS PRECISIONS PVT. LTD. ,PUNE,SITARGANJ,Train,204404,07-04-2026,3-Bag,100,20,2000,100,500,1000,0,0,YES
MCPL/26-27/0055,15-05-2026,STARWAYS PRECISIONS PVT. LTD. ,PUNE,SITARGANJ,Train,204413,08-04-2026,4-Bag,135,20,2700,100,0,1000,0,0,YES
MCPL/26-27/0055,15-05-2026,STARWAYS PRECISIONS PVT. LTD. ,PUNE,SITARGANJ,Train,204517,23-04-2026,14-Bag,400,20,8000,100,0,1000,0,0,YES
MCPL/26-27/0055,15-05-2026,STARWAYS PRECISIONS PVT. LTD. ,PUNE,SITARGANJ,Train,204431,10-04-2026,8,185,20,3700,100,0,1000,0,0,YES
MCPL/26-27/0055,15-05-2026,STARWAYS PRECISIONS PVT. LTD. ,PUNE,SITARGANJ,Train,204451,13-04-2026,15-Bag,390,20,7800,100,0,1000,0,0,YES
MCPL/26-27/0055,15-05-2026,STARWAYS PRECISIONS PVT. LTD. ,PUNE,SITARGANJ,Train,204461,15-04-2026,18-Bag,670,20,13400,100,0,1000,0,0,YES
MCPL/26-27/0055,15-05-2026,STARWAYS PRECISIONS PVT. LTD. ,PUNE,SITARGANJ,Train,204477,16-04-2026,11-Bag,380,20,7600,100,500,1000,0,0,YES
MCPL/26-27/0055,15-05-2026,STARWAYS PRECISIONS PVT. LTD. ,PUNE,SITARGANJ,Train,204482,18-04-2026,2,100,20,2000,100,0,1000,0,0,YES
MCPL/26-27/0055,15-05-2026,STARWAYS PRECISIONS PVT. LTD. ,PUNE,SITARGANJ,Train,204486,19-04-2026,2-Bag,165,20,3300,100,0,1000,0,0,YES
MCPL/26-27/0055,15-05-2026,STARWAYS PRECISIONS PVT. LTD. ,PUNE,SITARGANJ,Train,204501,21-04-2026,1-Box,100,20,2000,100,500,1000,0,0,YES
MCPL/26-27/0055,15-05-2026,STARWAYS PRECISIONS PVT. LTD. ,PUNE,SITARGANJ,Train,204505,22-04-2026,52-Bag,1125,20,22500,100,500,1000,0,0,YES
MCPL/26-27/0055,15-05-2026,STARWAYS PRECISIONS PVT. LTD. ,PUNE,SITARGANJ,Train,204527,25-04-2026,94-Bag,1585,20,31700,100,500,1000,0,0,YES
MCPL/26-27/0055,15-05-2026,STARWAYS PRECISIONS PVT. LTD. ,PUNE,SITARGANJ,Train,204533,26-04-2026,8-Bag,260,20,5200,100,500,1000,0,0,YES
MCPL/26-27/0055,15-05-2026,STARWAYS PRECISIONS PVT. LTD. ,PUNE,SITARGANJ,Train,204545,28-04-2026,5-Bag,105,20,2100,100,500,1000,0,0,YES
MCPL/26-27/0055,15-05-2026,STARWAYS PRECISIONS PVT. LTD. ,PUNE,SITARGANJ,Train,204554,29-04-2026,17-Bag,590,20,11800,100,500,1000,0,0,YES
MCPL/26-27/0056,28-05-2026,DHAM FASTENERS ,NASIK,HARIDWAR,Air,204729,25-05-2026,1,50,125,6250,100,5000,0,6000,0,YES
MCPL/26-27/0056,28-05-2026,DHAM FASTENERS ,NASIK,HARIDWAR,Air,204747,27-05-2026,1,50,125,6250,100,5000,0,6000,0,YES
MCPL/26-27/0057,28-05-2026,DHAM FASTENERS ,PUNE,HARIDWAR,Air,204750,27-05-2026,1,50,125,6250,100,2500,0,6000,0,YES
MCPL/26-27/0058,31-05-2026,CJ DARCL LOGISTICS LIMITED,DELHI,PANTNAGAR,Road,204577,02-05-2026,2,0,0,5500,0,0,0,0,0,YES
MCPL/26-27/0058,31-05-2026,CJ DARCL LOGISTICS LIMITED,DELHI,PANTNAGAR,Road,204647,05-05-2026,3,0,0,5500,0,0,0,0,0,YES
MCPL/26-27/0058,31-05-2026,CJ DARCL LOGISTICS LIMITED,DELHI,PANTNAGAR,Road,204671,18-05-2026,2,0,0,2300,0,0,0,0,0,YES
MCPL/26-27/0058,31-05-2026,CJ DARCL LOGISTICS LIMITED,DELHI,PANTNAGAR,Road,204725,23-05-2026,4,0,0,5500,0,0,0,0,0,YES
MCPL/26-27/0058,31-05-2026,CJ DARCL LOGISTICS LIMITED,DELHI,PANTNAGAR,Road,204735,25-05-2026,8,0,0,2600,0,0,0,0,0,YES
MCPL/26-27/0058,31-05-2026,CJ DARCL LOGISTICS LIMITED,DELHI,PANTNAGAR,Road,204782,31-05-2026,4,0,0,2300,0,0,0,0,0,YES
MCPL/26-27/0059,31-05-2026,ASHA INDUSTRIES,AURANGABAD,PANTNAGAR,Air,204642,12-05-2026,3-Bag,90,62,5580,100,2500,1000,0,0,YES
MCPL/26-27/0059,31-05-2026,ASHA INDUSTRIES,AURANGABAD,PANTNAGAR,Air,204672,16-05-2026,2,60,62,3720,100,2500,1000,0,0,YES
MCPL/26-27/0059,31-05-2026,ASHA INDUSTRIES,AURANGABAD,PANTNAGAR,Air,204690,18-05-2026,3,90,62,5580,100,2500,1000,0,0,YES
MCPL/26-27/0059,31-05-2026,ASHA INDUSTRIES,AURANGABAD,PANTNAGAR,Air,204776,29-05-2026,2,60,62,3720,100,2500,1000,0,0,YES
MCPL/26-27/0060,31-05-2026,ASHA INDUSTRIES,AURANGABAD,PANTNAGAR,Train,204592,04-05-2026,3-Bag,100,18,1800,100,1000,1000,0,0,YES
MCPL/26-27/0060,31-05-2026,ASHA INDUSTRIES,AURANGABAD,PANTNAGAR,Train,204739,25-05-2026,1,100,18,1800,100,1000,1000,0,0,YES
MCPL/26-27/0061,31-05-2026,DALI SAMIR ENGG.PVT LTD-PUNE,PUNE,PANTNAGAR,Air,204655,14-05-2026,2-Box,50,80,4000,100,1000,0,6000,0,YES
MCPL/26-27/0061,31-05-2026,DALI SAMIR ENGG.PVT LTD-PUNE,PUNE,PANTNAGAR,Air,204658,14-05-2026,3-Box,60,80,4800,100,1000,500,0,0,YES
MCPL/26-27/0061,31-05-2026,DALI SAMIR ENGG.PVT LTD-PUNE,PUNE,PANTNAGAR,Air,204698,21-05-2026,1,50,80,4000,100,1000,500,0,0,YES
MCPL/26-27/0061,31-05-2026,DALI SAMIR ENGG.PVT LTD-PUNE,PUNE,PANTNAGAR,Air,204700,21-05-2026,1-Box,50,80,4000,100,1000,500,0,0,YES
MCPL/26-27/0061,31-05-2026,DALI SAMIR ENGG.PVT LTD-PUNE,PUNE,PANTNAGAR,Air,204772,30-05-2026,1,50,80,4000,100,1000,500,0,0,YES
MCPL/26-27/0062,31-05-2026,DALI SAMIR ENGG.PVT LTD-PUNE,PUNE,PANTNAGAR,Train,204572,02-05-2026,3-Box,100,18,1800,100,1000,500,0,0,YES
MCPL/26-27/0062,31-05-2026,DALI SAMIR ENGG.PVT LTD-PUNE,PUNE,PANTNAGAR,Train,204578,03-05-2026,4-Box,100,18,1800,100,1000,500,0,0,YES
MCPL/26-27/0062,31-05-2026,DALI SAMIR ENGG.PVT LTD-PUNE,PUNE,PANTNAGAR,Train,204656,14-05-2026,8-Box,200,18,3600,100,1000,500,0,0,YES
MCPL/26-27/0062,31-05-2026,DALI SAMIR ENGG.PVT LTD-PUNE,PUNE,PANTNAGAR,Train,204661,15-05-2026,5-Box,125,18,2250,100,1000,500,0,0,YES
MCPL/26-27/0062,31-05-2026,DALI SAMIR ENGG.PVT LTD-PUNE,PUNE,PANTNAGAR,Train,204713,23-05-2026,3-Box,100,18,1800,100,1000,500,0,0,YES
MCPL/26-27/0062,31-05-2026,DALI SAMIR ENGG.PVT LTD-PUNE,PUNE,PANTNAGAR,Train,204714,23-05-2026,1,100,18,1800,100,1000,500,0,0,YES
MCPL/26-27/0062,31-05-2026,DALI SAMIR ENGG.PVT LTD-PUNE,PUNE,PANTNAGAR,Train,204741,26-05-2026,1,100,18,1800,100,1000,500,0,0,YES
MCPL/26-27/0063,31-05-2026,PANORAMA AUTOMOTIVE IND. PVT. LTD.,PUNE,PANTNAGAR,Train,204616,09-05-2026,3-Bag,80,20,1600,100,800,500,0,0,YES
MCPL/26-27/0063,31-05-2026,PANORAMA AUTOMOTIVE IND. PVT. LTD.,PUNE,PANTNAGAR,Train,204660,15-05-2026,3-Bag,80,20,1600,100,800,500,0,0,YES
MCPL/26-27/0063,31-05-2026,PANORAMA AUTOMOTIVE IND. PVT. LTD.,PUNE,PANTNAGAR,Train,204716,23-05-2026,2-Bag,80,20,1600,100,800,500,0,0,YES
MCPL/26-27/0063,31-05-2026,PANORAMA AUTOMOTIVE IND. PVT. LTD.,PUNE,PANTNAGAR,Train,204753,27-05-2026,3,80,20,1600,100,800,500,0,0,YES
MCPL/26-27/0064,31-05-2026,PRECIFAST PRIVATE LIMITED,PUNE,PANTNAGAR,Train,204588,05-05-2026,20-Box,450,20,9000,100,500,1500,0,0,YES
MCPL/26-27/0064,31-05-2026,PRECIFAST PRIVATE LIMITED,PUNE,PANTNAGAR,Train,204765,27-05-2026,14,280,20,5600,100,500,1500,0,0,YES
MCPL/26-27/0065,31-05-2026,REUTTER INNOVATIVE CLOSURE TECHNOLOGIES (P) LTD,CHENNAI,PUNE,Air,204611,08-05-2026,3,65,80,5200,100,2000,1500,0,0,YES
MCPL/26-27/0065,31-05-2026,REUTTER INNOVATIVE CLOSURE TECHNOLOGIES (P) LTD,CHENNAI,PUNE,Air,204644,12-05-2026,3-Box,65,80,5200,100,2000,1500,0,0,YES
MCPL/26-27/0065,31-05-2026,REUTTER INNOVATIVE CLOSURE TECHNOLOGIES (P) LTD,CHENNAI,PUNE,Air,204645,12-05-2026,1-Box,50,80,4000,100,2000,1500,0,0,YES
MCPL/26-27/0065,31-05-2026,REUTTER INNOVATIVE CLOSURE TECHNOLOGIES (P) LTD,CHENNAI,PUNE,Air,204668,15-05-2026,1-Box,50,80,4000,100,2000,1500,0,0,YES
MCPL/26-27/0067,31-05-2026,REUTTER INNOVATIVE CLOSURE TECHNOLOGIES (P) LTD,CHENNAI,JAMSHEDPUR,Air,204685,18-05-2026,4,100,85,8500,100,2000,3500,0,0,YES
MCPL/26-27/0065,31-05-2026,REUTTER INNOVATIVE CLOSURE TECHNOLOGIES (P) LTD,CHENNAI,PUNE,Air,204732,25-05-2026,1,50,80,4000,100,2000,1500,0,0,YES
MCPL/26-27/0065,31-05-2026,REUTTER INNOVATIVE CLOSURE TECHNOLOGIES (P) LTD,CHENNAI,PUNE,Air,204760,28-05-2026,2,60,80,4800,100,2000,1500,0,0,YES
MCPL/26-27/0066,31-05-2026,REUTTER INNOVATIVE CLOSURE TECHNOLOGIES (P) LTD,CHENNAI,PITHAMPUR,Air,204632,11-05-2026,3,65,80,5200,100,2000,1500,0,0,YES
MCPL/26-27/0066,31-05-2026,REUTTER INNOVATIVE CLOSURE TECHNOLOGIES (P) LTD,CHENNAI,PITHAMPUR,Air,204646,12-05-2026,6,90,80,7200,100,2000,1500,0,0,YES
MCPL/26-27/0068,01-06-2026,HIMALAYAN AUTO ERA PVT LTD,PUNE,PANTNAGAR,Air,204597,06-05-2026,6,160,78,12480,100,0,0,0,0,YES
MCPL/26-27/0068,01-06-2026,HIMALAYAN AUTO ERA PVT LTD,PUNE,PANTNAGAR,Air,204701,21-05-2026,4,150,78,11700,100,0,0,7000,0,YES
MCPL/26-27/0068,01-06-2026,HIMALAYAN AUTO ERA PVT LTD,PUNE,PANTNAGAR,Air,204751,27-05-2026,2,80,78,6240,100,0,0,7000,0,YES
MCPL/26-27/0069,01-06-2026,HIMALAYAN AUTO ERA PVT LTD,PUNE,PANTNAGAR,Train,204703,22-05-2026,12,435,28,12180,100,0,0,0,0,YES
MCPL/26-27/0070,01-06-2026,HIMALAYAN AUTO ERA PVT LTD,PUNE,PANTNAGAR,Road Express,204628,11-05-2026,100,1100,25,27500,100,0,0,0,0,YES
MCPL/26-27/0070,01-06-2026,HIMALAYAN AUTO ERA PVT LTD,PUNE,PANTNAGAR,Road Express,204766,30-05-2026,12,250,25,6250,100,0,0,0,0,YES
MCPL/26-27/0071,01-06-2026,SHREYA INDUSTRIES - PNQ,PUNE,PANTNAGAR,Road,204567,02-05-2026,20-Box,20,375,7500,100,0,0,0,0,YES
MCPL/26-27/0071,01-06-2026,SHREYA INDUSTRIES - PNQ,PUNE,PANTNAGAR,Road,204568,02-05-2026,16-Box,16,375,6000,100,0,0,0,0,YES
MCPL/26-27/0071,01-06-2026,SHREYA INDUSTRIES - PNQ,PUNE,PANTNAGAR,Road,204599,07-05-2026,20-Bax,20,375,7500,100,0,0,0,0,YES
MCPL/26-27/0071,01-06-2026,SHREYA INDUSTRIES - PNQ,PUNE,PANTNAGAR,Road,204600,07-05-2026,16-Bag,16,375,6000,100,0,0,0,0,YES
MCPL/26-27/0072,01-06-2026,SHREYA INDUSTRIES - PNQ,PUNE,PANTNAGAR,Road,204633,12-05-2026,20-Box,20,375,7500,100,0,0,0,0,YES
MCPL/26-27/0072,01-06-2026,SHREYA INDUSTRIES - PNQ,PUNE,PANTNAGAR,Road,204634,12-05-2026,16-Box,16,375,6000,100,0,0,0,0,YES
MCPL/26-27/0072,01-06-2026,SHREYA INDUSTRIES - PNQ,PUNE,PANTNAGAR,Road,204652,14-05-2026,20-Box,20,375,7500,100,0,0,0,0,YES
MCPL/26-27/0072,01-06-2026,SHREYA INDUSTRIES - PNQ,PUNE,PANTNAGAR,Road,204653,14-05-2026,16-Box,16,375,6000,100,0,0,0,0,YES
MCPL/26-27/0072,01-06-2026,SHREYA INDUSTRIES - PNQ,PUNE,PANTNAGAR,Road,204673,18-05-2026,20-Box,20,375,7500,100,0,0,0,0,YES
MCPL/26-27/0072,01-06-2026,SHREYA INDUSTRIES - PNQ,PUNE,PANTNAGAR,Road,204674,18-05-2026,16-Box,16,375,6000,100,0,0,0,0,YES
MCPL/26-27/0072,01-06-2026,SHREYA INDUSTRIES - PNQ,PUNE,PANTNAGAR,Road,204688,20-05-2026,20-Box,20,375,7500,100,0,0,0,0,YES
MCPL/26-27/0072,01-06-2026,SHREYA INDUSTRIES - PNQ,PUNE,PANTNAGAR,Road,204689,20-05-2026,16-Box,16,375,6000,100,0,0,0,0,YES
MCPL/26-27/0073,01-06-2026,SHREYA INDUSTRIES - PNQ,PUNE,PANTNAGAR,Road,204711,23-05-2026,20-Box,20,375,7500,100,0,0,0,0,YES
MCPL/26-27/0073,01-06-2026,SHREYA INDUSTRIES - PNQ,PUNE,PANTNAGAR,Road,204712,23-05-2026,16-Box,16,375,6000,100,0,0,0,0,YES
MCPL/26-27/0073,01-06-2026,SHREYA INDUSTRIES - PNQ,PUNE,PANTNAGAR,Road,204733,26-05-2026,20,20,375,7500,100,0,0,0,0,YES
MCPL/26-27/0073,01-06-2026,SHREYA INDUSTRIES - PNQ,PUNE,PANTNAGAR,Road,204734,26-05-2026,16,16,375,6000,100,0,0,0,0,YES
MCPL/26-27/0074,01-06-2026,U. S. AUTO CONTROLS PVT LTD ,PUNE,PANTNAGAR,Air,204584,04-05-2026,5-Bag,100,56,5600,100,500,1000,0,0,YES
MCPL/26-27/0074,01-06-2026,U. S. AUTO CONTROLS PVT LTD ,PUNE,PANTNAGAR,Air,204593,06-05-2026,4-Bag,80,56,4480,100,500,1000,0,0,YES
MCPL/26-27/0078,01-06-2026,U. S. AUTO CONTROLS PVT LTD ,PANTNAGAR,PUNE,Air,204602,07-05-2026,2,50,56,2800,100,1000,500,0,0,YES
MCPL/26-27/0074,01-06-2026,U. S. AUTO CONTROLS PVT LTD ,PUNE,PANTNAGAR,Air,204609,08-05-2026,3-Bag,75,56,4200,100,500,1000,0,0,YES
MCPL/26-27/0074,01-06-2026,U. S. AUTO CONTROLS PVT LTD ,PUNE,PANTNAGAR,Air,204630,11-05-2026,5-Bag,100,56,5600,100,500,1000,0,0,YES
MCPL/26-27/0074,01-06-2026,U. S. AUTO CONTROLS PVT LTD ,PUNE,PANTNAGAR,Air,204662,15-05-2026,3-Bag,95,56,5320,100,500,1000,0,0,YES
MCPL/26-27/0074,01-06-2026,U. S. AUTO CONTROLS PVT LTD ,PUNE,PANTNAGAR,Air,204730,25-05-2026,4,100,56,5600,100,500,1000,0,0,YES
MCPL/26-27/0074,01-06-2026,U. S. AUTO CONTROLS PVT LTD ,PUNE,PANTNAGAR,Air,204763,29-05-2026,2,50,56,2800,100,500,1000,0,0,YES
MCPL/26-27/0075,01-06-2026,U. S. AUTO CONTROLS PVT LTD ,PUNE,CHENNAI,Air,204622,10-05-2026,1-Bag,50,80,4000,100,500,2000,0,0,YES
MCPL/26-27/0076,01-06-2026,U. S. AUTO CONTROLS PVT LTD ,PUNE,PANTNAGAR,Road,204580,04-05-2026,16-Bag,448,8.5,3808,100,1000,500,0,0,YES
MCPL/26-27/0076,01-06-2026,U. S. AUTO CONTROLS PVT LTD ,PUNE,PANTNAGAR,Road,204589,05-05-2026,7-Bag,250,8.5,2125,100,1000,500,0,0,YES
MCPL/26-27/0076,01-06-2026,U. S. AUTO CONTROLS PVT LTD ,PUNE,PANTNAGAR,Road,204594,06-05-2026,12-Bag,336,8.5,2856,100,1000,500,0,0,YES
MCPL/26-27/0076,01-06-2026,U. S. AUTO CONTROLS PVT LTD ,PUNE,PANTNAGAR,Road,204610,08-05-2026,5-Bag,250,8.5,2125,100,1000,500,0,0,YES
MCPL/26-27/0076,01-06-2026,U. S. AUTO CONTROLS PVT LTD ,PUNE,PANTNAGAR,Road,204613,09-05-2026,4-Bag,125,8.5,1062.5,100,1000,500,0,0,YES
MCPL/26-27/0076,01-06-2026,U. S. AUTO CONTROLS PVT LTD ,PUNE,PANTNAGAR,Road,204614,09-05-2026,6-Bag,125,8.5,1062.5,100,0,500,0,0,YES
MCPL/26-27/0076,01-06-2026,U. S. AUTO CONTROLS PVT LTD ,PUNE,PANTNAGAR,Road,204629,11-05-2026,16-Bag,400,8.5,3400,100,1000,500,0,0,YES
MCPL/26-27/0076,01-06-2026,U. S. AUTO CONTROLS PVT LTD ,PUNE,PANTNAGAR,Road,204639,12-05-2026,4-Bag,125,8.5,1062.5,100,1000,500,0,0,YES
MCPL/26-27/0076,01-06-2026,U. S. AUTO CONTROLS PVT LTD ,PUNE,PANTNAGAR,Road,204640,12-05-2026,5-Bag,125,8.5,1062.5,100,0,500,0,0,YES
MCPL/26-27/0076,01-06-2026,U. S. AUTO CONTROLS PVT LTD ,PUNE,PANTNAGAR,Road,204649,13-05-2026,15-Bag,380,8.5,3230,100,1000,500,0,0,YES
MCPL/26-27/0076,01-06-2026,U. S. AUTO CONTROLS PVT LTD ,PUNE,PANTNAGAR,Road,204667,16-05-2026,20-Bag,435,8.5,3697.5,100,1000,500,0,0,YES
MCPL/26-27/0076,01-06-2026,U. S. AUTO CONTROLS PVT LTD ,PUNE,PANTNAGAR,Road,204677,18-05-2026,9-Bag,250,8.5,2125,100,1000,500,0,0,YES
MCPL/26-27/0076,01-06-2026,U. S. AUTO CONTROLS PVT LTD ,PUNE,PANTNAGAR,Road,204683,19-05-2026,15-Bag,365,8.5,3102.5,100,1000,500,0,0,YES
MCPL/26-27/0076,01-06-2026,U. S. AUTO CONTROLS PVT LTD ,PUNE,PANTNAGAR,Road,204694,20-05-2026,12,210,8.5,1785,100,1000,500,0,0,YES
MCPL/26-27/0076,01-06-2026,U. S. AUTO CONTROLS PVT LTD ,PUNE,PANTNAGAR,Road,204693,20-05-2026,4,110,8.5,935,100,0,500,0,0,YES
MCPL/26-27/0076,01-06-2026,U. S. AUTO CONTROLS PVT LTD ,PUNE,PANTNAGAR,Road,204717,23-05-2026,17-Bag,380,8.5,3230,100,1000,500,0,0,YES
MCPL/26-27/0076,01-06-2026,U. S. AUTO CONTROLS PVT LTD ,PUNE,PANTNAGAR,Road,204718,23-05-2026,4-Bag,75,8.5,637.5,100,0,500,0,0,YES
MCPL/26-27/0076,01-06-2026,U. S. AUTO CONTROLS PVT LTD ,PUNE,PANTNAGAR,Road,204746,26-05-2026,12,250,8.5,2125,100,1000,500,0,0,YES
MCPL/26-27/0076,01-06-2026,U. S. AUTO CONTROLS PVT LTD ,PUNE,PANTNAGAR,Road,204773,30-05-2026,8,140,8.5,1190,100,1000,500,0,0,YES
MCPL/26-27/0076,01-06-2026,U. S. AUTO CONTROLS PVT LTD ,PUNE,PANTNAGAR,Road,204774,30-05-2026,12,280,8.5,2380,100,0,500,0,0,YES
MCPL/26-27/0077,01-06-2026,U. S. AUTO CONTROLS PVT LTD ,PANTNAGAR,PUNE,Road,204571,02-05-2026,5,250,8.5,2125,100,500,1000,0,0,YES
MCPL/26-27/0077,01-06-2026,U. S. AUTO CONTROLS PVT LTD ,PANTNAGAR,PUNE,Road,204648,13-05-2026,7,250,8.5,2125,100,500,1000,0,0,YES
MCPL/26-27/0077,01-06-2026,U. S. AUTO CONTROLS PVT LTD ,PANTNAGAR,PUNE,Road,204740,26-05-2026,4,250,8.5,2125,100,500,1000,0,0,YES
MCPL/26-27/0079,01-06-2026,STARWAYS PRECISIONS PVT. LTD. ,PUNE,SITARGANJ,Air,204582,04-05-2026,3-Bag,70,65,4550,100,500,1000,0,0,YES
MCPL/26-27/0079,01-06-2026,STARWAYS PRECISIONS PVT. LTD. ,PUNE,SITARGANJ,Air,204590,05-05-2026,7-Bag,230,65,14950,100,500,1000,0,0,YES
MCPL/26-27/0079,01-06-2026,STARWAYS PRECISIONS PVT. LTD. ,PUNE,SITARGANJ,Air,204605,07-05-2026,5,360,65,23400,100,500,1000,0,0,YES
MCPL/26-27/0079,01-06-2026,STARWAYS PRECISIONS PVT. LTD. ,PUNE,SITARGANJ,Air,204618,09-05-2026,1-Bag,50,65,3250,100,500,1000,0,0,YES
MCPL/26-27/0079,01-06-2026,STARWAYS PRECISIONS PVT. LTD. ,PUNE,SITARGANJ,Air,204641,12-05-2026,2-Bag,65,65,4225,100,500,1000,0,0,YES
MCPL/26-27/0079,01-06-2026,STARWAYS PRECISIONS PVT. LTD. ,PUNE,SITARGANJ,Air,204657,14-05-2026,4-Bag,245,65,15925,100,500,1000,0,0,YES
MCPL/26-27/0079,01-06-2026,STARWAYS PRECISIONS PVT. LTD. ,PUNE,SITARGANJ,Air,204669,16-05-2026,2-Bag,50,65,3250,100,500,1000,0,0,YES
MCPL/26-27/0079,01-06-2026,STARWAYS PRECISIONS PVT. LTD. ,PUNE,SITARGANJ,Air,204679,18-05-2026,1-Bag,50,65,3250,100,500,1000,0,0,YES
MCPL/26-27/0079,01-06-2026,STARWAYS PRECISIONS PVT. LTD. ,PUNE,SITARGANJ,Air,204691,20-05-2026,1-Bag,50,65,3250,100,500,1000,0,0,YES
MCPL/26-27/0079,01-06-2026,STARWAYS PRECISIONS PVT. LTD. ,PUNE,SITARGANJ,Air,204702,21-05-2026,1-Bag,50,65,3250,100,500,1000,0,0,YES
MCPL/26-27/0079,01-06-2026,STARWAYS PRECISIONS PVT. LTD. ,PUNE,SITARGANJ,Air,204708,22-05-2026,1-Bag,50,65,3250,100,500,1000,0,0,YES
MCPL/26-27/0079,01-06-2026,STARWAYS PRECISIONS PVT. LTD. ,PUNE,SITARGANJ,Air,204721,23-05-2026,1-Bag,50,65,3250,100,500,1000,0,0,YES
MCPL/26-27/0079,01-06-2026,STARWAYS PRECISIONS PVT. LTD. ,PUNE,SITARGANJ,Air,204738,26-05-2026,11,240,65,15600,100,500,1000,0,0,YES
MCPL/26-27/0079,01-06-2026,STARWAYS PRECISIONS PVT. LTD. ,PUNE,SITARGANJ,Air,204754,27-05-2026,3,276,65,17940,100,500,1000,0,0,YES
MCPL/26-27/0079,01-06-2026,STARWAYS PRECISIONS PVT. LTD. ,PUNE,SITARGANJ,Air,204762,29-05-2026,2,50,65,3250,100,500,1000,0,0,YES
MCPL/26-27/0079,01-06-2026,STARWAYS PRECISIONS PVT. LTD. ,PUNE,SITARGANJ,Air,204778,31-05-2026,2,50,65,3250,100,500,1000,0,0,YES
MCPL/26-27/0080,01-06-2026,STARWAYS PRECISIONS PVT. LTD. ,PUNE,SITARGANJ,Train,204575,02-05-2026,3-Bag,190,20,3800,100,500,1000,0,0,YES
MCPL/26-27/0080,01-06-2026,STARWAYS PRECISIONS PVT. LTD. ,PUNE,SITARGANJ,Train,204596,06-05-2026,5-Bag,155,20,3100,100,500,1000,0,0,YES
MCPL/26-27/0080,01-06-2026,STARWAYS PRECISIONS PVT. LTD. ,PUNE,SITARGANJ,Train,204604,07-05-2026,25,260,20,5200,100,0,1000,0,0,YES
MCPL/26-27/0080,01-06-2026,STARWAYS PRECISIONS PVT. LTD. ,PUNE,SITARGANJ,Train,204608,08-05-2026,1-Bag,100,20,2000,100,500,1000,0,0,YES
MCPL/26-27/0080,01-06-2026,STARWAYS PRECISIONS PVT. LTD. ,PUNE,SITARGANJ,Train,204619,09-05-2026,11-Bag,400,20,8000,100,0,1000,0,0,YES
MCPL/26-27/0080,01-06-2026,STARWAYS PRECISIONS PVT. LTD. ,PUNE,SITARGANJ,Train,204623,10-05-2026,7-Bag,195,20,3900,100,500,1000,0,0,YES
MCPL/26-27/0080,01-06-2026,STARWAYS PRECISIONS PVT. LTD. ,PUNE,SITARGANJ,Train,204659,15-05-2026,21-Bag,645,20,12900,100,500,1000,0,0,YES
MCPL/26-27/0080,01-06-2026,STARWAYS PRECISIONS PVT. LTD. ,PUNE,SITARGANJ,Train,204680,18-05-2026,13-Bag,410,20,8200,100,0,1000,0,0,YES
MCPL/26-27/0080,01-06-2026,STARWAYS PRECISIONS PVT. LTD. ,PUNE,SITARGANJ,Train,204686,19-05-2026,3-Bag,285,20,5700,100,500,1000,0,0,YES
MCPL/26-27/0080,01-06-2026,STARWAYS PRECISIONS PVT. LTD. ,PUNE,SITARGANJ,Train,204709,22-05-2026,2-Bag,230,20,4600,100,0,1000,0,0,YES
MCPL/26-27/0080,01-06-2026,STARWAYS PRECISIONS PVT. LTD. ,PUNE,SITARGANJ,Train,204723,24-05-2026,7-Bag,135,20,2700,100,500,1000,0,0,YES
MCPL/26-27/0080,01-06-2026,STARWAYS PRECISIONS PVT. LTD. ,PUNE,SITARGANJ,Train,204737,26-05-2026,16,330,20,6600,100,0,1000,0,0,YES
MCPL/26-27/0081,01-06-2026,STARWAYS INDUSTRIES- CHAKAN,PUNE,SITARGANJ,Air,204726,25-05-2026,1,50,65,3250,100,500,0,6500,0,YES
MCPL/26-27/0081,01-06-2026,STARWAYS INDUSTRIES- CHAKAN,PUNE,SITARGANJ,Air,204771,30-05-2026,1,50,65,3250,100,500,1000,0,0,YES
MCPL/26-27/0082,01-06-2026,STARWAYS INDUSTRIES- CHAKAN,SITARGANJ,PUNE,Train,204566,01-05-2026,1,100,20,2000,100,500,1000,0,0,YES
MCPL/26-27/0083,01-06-2026,STARWAYS INDUSTRIES- CHAKAN,PUNE,SITARGANJ,Air,204752,27-05-2026,6,120,95,11400,100,500,0,6500,0,YES
MCPL/26-27/0084,01-06-2026,STARWAYS INDUSTRIES- CHAKAN,PUNE,SITARGANJ,Air,204573,02-05-2026,8-Bag,160,65,10400,100,500,1000,0,0,YES
MCPL/26-27/0084,01-06-2026,STARWAYS INDUSTRIES- CHAKAN,PUNE,SITARGANJ,Air,204586,05-05-2026,10-Bag,200,65,13000,100,500,1000,0,0,YES
MCPL/26-27/0084,01-06-2026,STARWAYS INDUSTRIES- CHAKAN,PUNE,SITARGANJ,Air,204595,06-05-2026,1-Bag,50,65,3250,100,500,1000,0,0,YES
MCPL/26-27/0084,01-06-2026,STARWAYS INDUSTRIES- CHAKAN,PUNE,SITARGANJ,Air,204635,12-05-2026,3-Bag,50,65,3250,100,500,1000,0,0,YES
MCPL/26-27/0084,01-06-2026,STARWAYS INDUSTRIES- CHAKAN,PUNE,SITARGANJ,Air,204654,14-05-2026,6,90,65,5850,100,500,1000,0,0,YES
MCPL/26-27/0084,01-06-2026,STARWAYS INDUSTRIES- CHAKAN,PUNE,SITARGANJ,Air,204676,18-05-2026,14-Bag,250,65,16250,100,500,1000,0,0,YES
MCPL/26-27/0084,01-06-2026,STARWAYS INDUSTRIES- CHAKAN,PUNE,SITARGANJ,Air,204696,21-05-2026,5-Bag,100,65,6500,100,500,1000,0,0,YES
MCPL/26-27/0084,01-06-2026,STARWAYS INDUSTRIES- CHAKAN,PUNE,SITARGANJ,Air,204728,25-05-2026,1,50,65,3250,100,500,1000,0,0,YES
MCPL/26-27/0084,01-06-2026,STARWAYS INDUSTRIES- CHAKAN,PUNE,SITARGANJ,Air,204743,26-05-2026,14,354,65,23010,100,500,1000,0,0,YES
MCPL/26-27/0084,01-06-2026,STARWAYS INDUSTRIES- CHAKAN,PUNE,SITARGANJ,Air,204748,27-05-2026,7,175,65,11375,100,500,1000,0,0,YES
MCPL/26-27/0084,01-06-2026,STARWAYS INDUSTRIES- CHAKAN,PUNE,SITARGANJ,Air,204758,28-05-2026,3,75,65,4875,100,500,1000,0,0,YES
MCPL/26-27/0084,01-06-2026,STARWAYS INDUSTRIES- CHAKAN,PUNE,SITARGANJ,Air,204761,29-05-2026,1,50,65,3250,100,500,1000,0,0,YES
MCPL/26-27/0084,01-06-2026,STARWAYS INDUSTRIES- CHAKAN,PUNE,SITARGANJ,Air,204770,30-05-2026,10,210,65,13650,100,500,1000,0,0,YES
MCPL/26-27/0085,01-06-2026,STARWAYS INDUSTRIES- CHAKAN,PUNE,SITARGANJ,Train,204564,01-05-2026,15-Bag,265,20,5300,100,500,1000,0,0,YES
MCPL/26-27/0085,01-06-2026,STARWAYS INDUSTRIES- CHAKAN,PUNE,SITARGANJ,Train,204576,02-05-2026,22-Bag,385,20,7700,100,500,1000,0,0,YES
MCPL/26-27/0085,01-06-2026,STARWAYS INDUSTRIES- CHAKAN,PUNE,SITARGANJ,Train,204579,03-05-2026,22-Bag,385,20,7700,100,500,1000,0,0,YES
MCPL/26-27/0085,01-06-2026,STARWAYS INDUSTRIES- CHAKAN,PUNE,SITARGANJ,Train,204581,04-05-2026,14-Bag,260,20,5200,100,500,1000,0,0,YES
MCPL/26-27/0085,01-06-2026,STARWAYS INDUSTRIES- CHAKAN,PUNE,SITARGANJ,Train,204583,04-05-2026,22-Bag,385,20,7700,100,500,1000,0,0,YES
MCPL/26-27/0085,01-06-2026,STARWAYS INDUSTRIES- CHAKAN,PUNE,SITARGANJ,Train,204587,05-05-2026,8-Bag,180,20,3600,100,500,1000,0,0,YES
MCPL/26-27/0085,01-06-2026,STARWAYS INDUSTRIES- CHAKAN,PUNE,SITARGANJ,Train,204591,05-05-2026,22-Bag,385,20,7700,100,500,1000,0,0,YES
MCPL/26-27/0085,01-06-2026,STARWAYS INDUSTRIES- CHAKAN,PUNE,SITARGANJ,Train,204598,06-05-2026,22-Bag,385,20,7700,100,500,1000,0,0,YES
MCPL/26-27/0085,01-06-2026,STARWAYS INDUSTRIES- CHAKAN,PUNE,SITARGANJ,Train,204603,07-05-2026,3,100,20,2000,100,500,1000,0,0,YES
MCPL/26-27/0085,01-06-2026,STARWAYS INDUSTRIES- CHAKAN,PUNE,SITARGANJ,Train,204606,08-05-2026,3-Bag,100,20,2000,100,500,1000,0,0,YES
MCPL/26-27/0085,01-06-2026,STARWAYS INDUSTRIES- CHAKAN,PUNE,SITARGANJ,Train,204607,08-05-2026,22-Bag,385,20,7700,100,500,1000,0,0,YES
MCPL/26-27/0085,01-06-2026,STARWAYS INDUSTRIES- CHAKAN,PUNE,SITARGANJ,Train,204617,09-05-2026,7-Bag,110,20,2200,100,500,1000,0,0,YES
MCPL/26-27/0085,01-06-2026,STARWAYS INDUSTRIES- CHAKAN,PUNE,SITARGANJ,Train,204620,09-05-2026,22-Bag,385,20,7700,100,500,1000,0,0,YES
MCPL/26-27/0085,01-06-2026,STARWAYS INDUSTRIES- CHAKAN,PUNE,SITARGANJ,Train,204624,10-05-2026,22-Bag,385,20,7700,100,500,1000,0,0,YES
MCPL/26-27/0085,01-06-2026,STARWAYS INDUSTRIES- CHAKAN,PUNE,SITARGANJ,Train,204631,11-05-2026,22-Bag,385,20,7700,100,500,1000,0,0,YES
MCPL/26-27/0085,01-06-2026,STARWAYS INDUSTRIES- CHAKAN,PUNE,SITARGANJ,Train,204636,12-05-2026,5-Bag,110,20,2200,100,500,1000,0,0,YES
MCPL/26-27/0085,01-06-2026,STARWAYS INDUSTRIES- CHAKAN,PUNE,SITARGANJ,Train,204643,12-05-2026,22-Bag,385,20,7700,100,500,1000,0,0,YES
MCPL/26-27/0085,01-06-2026,STARWAYS INDUSTRIES- CHAKAN,PUNE,SITARGANJ,Train,204651,13-05-2026,15-Bag,265,20,5300,100,500,1000,0,0,YES
MCPL/26-27/0085,01-06-2026,STARWAYS INDUSTRIES- CHAKAN,PUNE,SITARGANJ,Train,204663,15-05-2026,24-Bag,420,20,8400,100,500,1000,0,0,YES
MCPL/26-27/0085,01-06-2026,STARWAYS INDUSTRIES- CHAKAN,PUNE,SITARGANJ,Train,204666,16-05-2026,3-Bag,100,20,2000,100,500,1000,0,0,YES
MCPL/26-27/0085,01-06-2026,STARWAYS INDUSTRIES- CHAKAN,PUNE,SITARGANJ,Train,204670,16-05-2026,22-Bag,385,20,7700,100,500,1000,0,0,YES
MCPL/26-27/0085,01-06-2026,STARWAYS INDUSTRIES- CHAKAN,PUNE,SITARGANJ,Train,204675,18-05-2026,23-Bag,400,20,8000,100,500,1000,0,0,YES
MCPL/26-27/0085,01-06-2026,STARWAYS INDUSTRIES- CHAKAN,PUNE,SITARGANJ,Train,204682,18-05-2026,12-Bag,210,20,4200,100,500,1000,0,0,YES
MCPL/26-27/0085,01-06-2026,STARWAYS INDUSTRIES- CHAKAN,PUNE,SITARGANJ,Train,204687,19-05-2026,18-Bag,320,20,6400,100,500,1000,0,0,YES
MCPL/26-27/0085,01-06-2026,STARWAYS INDUSTRIES- CHAKAN,PUNE,SITARGANJ,Train,204692,20-05-2026,11-Bag,280,20,5600,100,500,1000,0,0,YES
MCPL/26-27/0085,01-06-2026,STARWAYS INDUSTRIES- CHAKAN,PUNE,SITARGANJ,Train,204695,20-05-2026,22-Bag,385,20,7700,100,500,1000,0,0,YES
MCPL/26-27/0085,01-06-2026,STARWAYS INDUSTRIES- CHAKAN,PUNE,SITARGANJ,Train,204697,21-05-2026,5-Bag,110,20,2200,100,500,1000,0,0,YES
MCPL/26-27/0085,01-06-2026,STARWAYS INDUSTRIES- CHAKAN,PUNE,SITARGANJ,Train,204710,22-05-2026,22-Bag,385,20,7700,100,500,1000,0,0,YES
MCPL/26-27/0085,01-06-2026,STARWAYS INDUSTRIES- CHAKAN,PUNE,SITARGANJ,Train,204715,23-05-2026,4-Bag,120,20,2400,100,500,1000,0,0,YES
MCPL/26-27/0085,01-06-2026,STARWAYS INDUSTRIES- CHAKAN,PUNE,SITARGANJ,Train,204722,23-05-2026,22-Bag,385,20,7700,100,500,1000,0,0,YES
MCPL/26-27/0085,01-06-2026,STARWAYS INDUSTRIES- CHAKAN,PUNE,SITARGANJ,Train,204724,24-05-2026,10-Bag,175,20,3500,100,500,1000,0,0,YES
MCPL/26-27/0085,01-06-2026,STARWAYS INDUSTRIES- CHAKAN,PUNE,SITARGANJ,Train,204731,25-05-2026,22,385,20,7700,100,500,1000,0,0,YES
MCPL/26-27/0085,01-06-2026,STARWAYS INDUSTRIES- CHAKAN,PUNE,SITARGANJ,Train,204744,26-05-2026,22,385,20,7700,100,500,1000,0,0,YES
MCPL/26-27/0085,01-06-2026,STARWAYS INDUSTRIES- CHAKAN,PUNE,SITARGANJ,Train,204749,27-05-2026,13,300,20,6000,100,500,1000,0,0,YES
MCPL/26-27/0085,01-06-2026,STARWAYS INDUSTRIES- CHAKAN,PUNE,SITARGANJ,Train,204755,27-05-2026,23,400,20,8000,100,500,1000,0,0,YES
MCPL/26-27/0085,01-06-2026,STARWAYS INDUSTRIES- CHAKAN,PUNE,SITARGANJ,Train,204759,28-05-2026,5,110,20,2200,100,500,1000,0,0,YES
MCPL/26-27/0085,01-06-2026,STARWAYS INDUSTRIES- CHAKAN,PUNE,SITARGANJ,Train,204764,29-05-2026,22,385,20,7700,100,500,1000,0,0,YES
MCPL/26-27/0085,01-06-2026,STARWAYS INDUSTRIES- CHAKAN,PUNE,SITARGANJ,Train,204775,30-05-2026,22,385,20,7700,100,500,1000,0,0,YES
MCPL/26-27/0085,01-06-2026,STARWAYS INDUSTRIES- CHAKAN,PUNE,SITARGANJ,Train,204779,31-05-2026,20,385,20,7700,100,500,1000,0,0,YES
MCPL/26-27/0086,01-06-2026,"BELRISE INDUSTRIES LTD,UNIT-7E",PUNE,PANTNAGAR,Air,204650,13-05-2026,1-Box,50,60,3000,0,500,0,5000,0,YES
MCPL/26-27/0087,01-06-2026,"BELRISE INDUSTRIES LTD,UNIT-7E",PUNE,PANTNAGAR,Train,204574,02-05-2026,20-Bag,680,16,10880,0,500,0,8000,0,YES
MCPL/26-27/0159,30-07-2026,BELRISE INDUSTRIES LTD UNIT -IX,DELHI,PANTNAGAR,Road,204777,30-05-2026,2,550,0,0,0,0,0,6000,0,YES
MCPL/26-27/0089,01-06-2026,BELRISE INDUSTRIES LTD UNIT -IX,PUNE,PANTNAGAR,Train,204585,05-05-2026,1-Box,100,16,1600,0,500,1000,0,0,YES
MCPL/26-27/0090,01-06-2026,BELRISE INDUSTRIES LTD UNIT -IX,PUNE,PANTNAGAR,Air,204699,21-05-2026,1-Bag,50,60,3000,0,500,0,5000,0,YES
MCPL/26-27/0155,28-07-2026,BELRISE INDUSTRIES LTD UNIT -IX,AURANGABAD,PANTNAGAR,Air,204681,18-05-2026,1-Box,50,60,3000,0,1200,0,5000,0,YES
MCPL/26-27/0092,01-06-2026,NOKA FRIEGHT CARRIERS PVT LTD,DELHI_AIRPORT-STATION,PANTNAGAR,Road,204829,31-05-2026,1830,32753,0,172070,0,0,0,0,0,YES
MCPL/26-27/0093,01-06-2026,NOKA FRIEGHT CARRIERS PVT LTD,DELHI-AIRPORT,PANTNAGAR,Road,204830,31-05-2026,1105,16535,0,41310,0,0,0,0,0,YES
MCPL/26-27/0094,01-06-2026,NOKA FRIEGHT CARRIERS PVT LTD,DELHI-STATION,PANTNAGAR,Road,204831,31-05-2026,921,19622,0,37400,0,0,0,0,0,YES
MCPL/26-27/0095,10-06-2026,PRECISION AUTO COMPONENTS,CHENNAI,PUNE,Air,204684,19-05-2026,2,50,0,5000,0,0,0,0,0,YES
MCPL/26-27/0156,30-07-2026,BELRISE INDUSTRIES LTD UNIT-14,PUNE,PANTNAGAR,Train,203975,24-12-2025,2,705,16,11280,0,500,1000,0,0,YES
MCPL/26-27/0099,15-06-2026,SHIV TEMPO SERVICE ,DELHI-AIRPORT,PANTNAGAR,Road,204940,15-06-2026,50,0,0,4000,0,0,0,0,0,YES
MCPL/26-27/0100,30-06-2026,M/S SIDDHARTH  ALLOYS,KICHHA,DELHI-AIRPORT,Road,205034,24-06-2026,1PILLET,142,0,4360,100,0,0,0,0,YES
MCPL/26-27/0102,30-06-2026,CJ DARCL LOGISTICS LIMITED,DELHI,PANTNAGAR,Road,204841,04-06-2026,2,0,0,5500,0,0,0,0,0,YES
MCPL/26-27/0102,30-06-2026,CJ DARCL LOGISTICS LIMITED,DELHI,PANTNAGAR,Road,204787,01-06-2026,8,0,0,2600,0,0,0,0,0,YES
MCPL/26-27/0102,30-06-2026,CJ DARCL LOGISTICS LIMITED,DELHI,PANTNAGAR,Road,204842,05-06-2026,12,0,0,3300,0,0,0,0,0,YES
MCPL/26-27/0103,30-06-2026,CJ DARCL LOGISTICS LIMITED,PANTNAGAR,DELHI,Road,204928,16-06-2026,1,0,0,2300,0,0,0,0,0,YES
MCPL/26-27/0103,30-06-2026,CJ DARCL LOGISTICS LIMITED,PANTNAGAR,DELHI,Road,205049,17-06-2026,2,0,0,2300,0,0,0,0,0,YES
MCPL/26-27/0104,30-06-2026,ASHA INDUSTRIES,AURANGABAD,PANTNAGAR,Air,204800,02-06-2026,2,60,62,3720,100,2500,1000,0,0,YES
MCPL/26-27/0105,30-06-2026,ASHA INDUSTRIES,AURANGABAD,PANTNAGAR,Train,204864,06-06-2026,3,100,18,1800,100,1000,1000,0,0,YES
MCPL/26-27/0106,30-06-2026,DALI SAMIR ENGG.PVT LTD-PUNE,PUNE,PANTNAGAR,Air,204802,03-06-2026,1,50,80,4000,100,1000,500,0,0,YES
MCPL/26-27/0107,30-06-2026,DALI SAMIR ENGG.PVT LTD-PUNE,PANTNAGAR,PUNE,Train,205016,27-06-2026,3,100,18,1800,100,500,1000,0,0,YES
MCPL/26-27/0108,30-06-2026,DALI SAMIR ENGG.PVT LTD-PUNE,PUNE,PANTNAGAR,Train,204850,09-06-2026,3,100,18,1800,100,1000,500,0,0,YES
MCPL/26-27/0108,30-06-2026,DALI SAMIR ENGG.PVT LTD-PUNE,PUNE,PANTNAGAR,Train,204852,10-06-2026,10,250,18,4500,100,1000,500,0,0,YES
MCPL/26-27/0108,30-06-2026,DALI SAMIR ENGG.PVT LTD-PUNE,PUNE,PANTNAGAR,Train,204854,10-06-2026,4,100,18,1800,100,1000,500,0,0,YES
MCPL/26-27/0108,30-06-2026,DALI SAMIR ENGG.PVT LTD-PUNE,PUNE,PANTNAGAR,Train,204884,13-06-2026,3,100,18,1800,100,1000,500,0,0,YES
MCPL/26-27/0108,30-06-2026,DALI SAMIR ENGG.PVT LTD-PUNE,PUNE,PANTNAGAR,Train,204896,15-06-2026,8,200,18,3600,100,1000,500,0,0,YES
MCPL/26-27/0108,30-06-2026,DALI SAMIR ENGG.PVT LTD-PUNE,PUNE,PANTNAGAR,Train,204938,17-06-2026,4,100,18,1800,100,1000,500,0,0,YES
MCPL/26-27/0108,30-06-2026,DALI SAMIR ENGG.PVT LTD-PUNE,PUNE,PANTNAGAR,Train,204965,20-06-2026,3,100,18,1800,100,1000,500,0,0,YES
MCPL/26-27/0108,30-06-2026,DALI SAMIR ENGG.PVT LTD-PUNE,PUNE,PANTNAGAR,Train,205015,27-06-2026,20,300,18,5400,100,1000,500,0,0,YES
MCPL/26-27/0109,30-06-2026,HIMALAYAN AUTO ERA PVT LTD,PUNE,PANTNAGAR,Road Express,204972,22-06-2026,217,1960,25,49000,100,0,0,0,0,YES
MCPL/26-27/0110,30-06-2026,HIMALAYAN AUTO ERA PVT LTD,PUNE,PANTNAGAR,Train,204993,23-06-2026,127,1145,28,32060,100,0,0,0,0,YES
MCPL/26-27/0111,30-06-2026,HIMALAYAN AUTO ERA PVT LTD,PUNE,PANTNAGAR,Train,204944,18-06-2026,150,1200,28,33600,100,0,0,0,0,YES
MCPL/26-27/0112,30-06-2026,HIMALAYAN AUTO ERA PVT LTD,PUNE,PANTNAGAR,Train,204819,06-06-2026,57,600,28,16800,100,0,0,0,0,YES
MCPL/26-27/0113,30-06-2026,HIMALAYAN AUTO ERA PVT LTD,PUNE,PANTNAGAR,Train,204872,12-06-2026,14,315,28,8820,100,0,0,0,0,YES
MCPL/26-27/0113,30-06-2026,HIMALAYAN AUTO ERA PVT LTD,PUNE,PANTNAGAR,Train,204919,16-06-2026,14,315,28,8820,100,0,0,0,0,YES
MCPL/26-27/0113,30-06-2026,HIMALAYAN AUTO ERA PVT LTD,PUNE,PANTNAGAR,Train,204994,23-06-2026,2,325,28,9100,100,0,0,0,0,YES
MCPL/26-27/0114,30-06-2026,NEUMANN COMPONENTS PVT LTD,FARIDABAD,ENNORE,Air,204983,22-06-2026,13,195,85,16575,100,0,0,0,0,YES
MCPL/26-27/0115,30-06-2026,PANORAMA AUTOMOTIVE IND. PVT. LTD.,PUNE,PANTNAGAR,Air,205020,27-06-2026,2,50,80,4000,100,800,500,0,0,YES
MCPL/26-27/0116,30-06-2026,PANORAMA AUTOMOTIVE IND. PVT. LTD.,PUNE,PANTNAGAR,Train,204849,09-06-2026,3,90,20,1800,100,800,500,0,0,YES
MCPL/26-27/0116,30-06-2026,PANORAMA AUTOMOTIVE IND. PVT. LTD.,PUNE,PANTNAGAR,Train,204913,16-06-2026,3,90,20,1800,100,800,500,0,0,YES
MCPL/26-27/0116,30-06-2026,PANORAMA AUTOMOTIVE IND. PVT. LTD.,PUNE,PANTNAGAR,Train,204977,22-06-2026,2,80,20,1600,100,800,500,0,0,YES
MCPL/26-27/0117,30-06-2026,SHREYA INDUSTRIES - PNQ,PUNE,PANTNAGAR,Road,204780,01-06-2026,20,20,375,7500,100,0,0,0,0,YES
MCPL/26-27/0117,30-06-2026,SHREYA INDUSTRIES - PNQ,PUNE,PANTNAGAR,Road,204781,01-06-2026,16,16,375,6000,100,0,0,0,0,YES
MCPL/26-27/0117,30-06-2026,SHREYA INDUSTRIES - PNQ,PUNE,PANTNAGAR,Road,204798,03-06-2026,16,16,375,6000,100,0,0,0,0,YES
MCPL/26-27/0117,30-06-2026,SHREYA INDUSTRIES - PNQ,PUNE,PANTNAGAR,Road,204799,03-06-2026,20,20,375,7500,100,0,0,0,0,YES
MCPL/26-27/0117,30-06-2026,SHREYA INDUSTRIES - PNQ,PUNE,PANTNAGAR,Road,204811,05-06-2026,20,20,375,7500,100,0,0,0,0,YES
MCPL/26-27/0117,30-06-2026,SHREYA INDUSTRIES - PNQ,PUNE,PANTNAGAR,Road,204812,05-06-2026,16,16,375,6000,100,0,0,0,0,YES
MCPL/26-27/0117,30-06-2026,SHREYA INDUSTRIES - PNQ,PUNE,PANTNAGAR,Road,204838,09-06-2026,20,20,375,7500,100,0,0,0,0,YES
MCPL/26-27/0117,30-06-2026,SHREYA INDUSTRIES - PNQ,PUNE,PANTNAGAR,Road,204839,09-06-2026,16,16,375,6000,100,0,0,0,0,YES
MCPL/26-27/0118,30-06-2026,SHREYA INDUSTRIES - PNQ,PUNE,PANTNAGAR,Road,204892,15-06-2026,20,20,375,7500,100,0,0,0,0,YES
MCPL/26-27/0118,30-06-2026,SHREYA INDUSTRIES - PNQ,PUNE,PANTNAGAR,Road,204893,15-06-2026,16,16,375,6000,100,0,0,0,0,YES
MCPL/26-27/0118,30-06-2026,SHREYA INDUSTRIES - PNQ,PUNE,PANTNAGAR,Road,204946,18-06-2026,20,20,375,7500,100,0,0,0,0,YES
MCPL/26-27/0118,30-06-2026,SHREYA INDUSTRIES - PNQ,PUNE,PANTNAGAR,Road,204947,18-06-2026,16,16,375,6000,100,0,0,0,0,YES
MCPL/26-27/0119,30-06-2026,SHREYA INDUSTRIES - PNQ,PUNE,PANTNAGAR,Road,204986,23-06-2026,20,20,375,7500,100,0,0,0,0,YES
MCPL/26-27/0119,30-06-2026,SHREYA INDUSTRIES - PNQ,PUNE,PANTNAGAR,Road,204987,23-06-2026,16,16,375,6000,100,0,0,0,0,YES
MCPL/26-27/0119,30-06-2026,SHREYA INDUSTRIES - PNQ,PUNE,PANTNAGAR,Road,205025,29-06-2026,20,20,375,7500,100,0,0,0,0,YES
MCPL/26-27/0119,30-06-2026,SHREYA INDUSTRIES - PNQ,PUNE,PANTNAGAR,Road,205026,29-06-2026,16,16,375,6000,100,0,0,0,0,YES
MCPL/26-27/0120,30-06-2026,VENKATESH AUTOMOBILE PVT LTD,PUNE,PANTNAGAR,Train,204991,23-06-2026,13,100,28,2800,100,1000,1500,0,0,YES
MCPL/26-27/0120,30-06-2026,VENKATESH AUTOMOBILE PVT LTD,PUNE,PANTNAGAR,Train,204999,24-06-2026,1,100,28,2800,100,1000,1500,0,0,YES
MCPL/26-27/0121,30-06-2026,YASH INDUSTRIES ,LIBASPUR,PUNE,Air,204969,21-06-2026,6,174,80,13920,0,1500,1500,0,0,YES
MCPL/26-27/0122,01-07-2026,REUTTER INNOVATIVE CLOSURE TECHNOLOGIES (P) LTD,CHENNAI,PITHAMPUR,Air,204851,09-06-2026,2,50,80,4000,100,2000,1500,0,0,YES
MCPL/26-27/0123,01-07-2026,REUTTER INNOVATIVE CLOSURE TECHNOLOGIES (P) LTD,PUNE,CHENNAI,Air,204794,02-06-2026,1,50,80,4000,100,1500,2000,0,0,YES
MCPL/26-27/0123,01-07-2026,REUTTER INNOVATIVE CLOSURE TECHNOLOGIES (P) LTD,PUNE,CHENNAI,Air,204917,16-06-2026,1,50,80,4000,100,1500,2000,0,0,YES
MCPL/26-27/0124,01-07-2026,REUTTER INNOVATIVE CLOSURE TECHNOLOGIES (P) LTD,CHENNAI,JAMSHEDPUR,Air,204889,14-06-2026,17,315,85,26775,100,2000,0,12500,0,YES
MCPL/26-27/0125,01-07-2026,REUTTER INNOVATIVE CLOSURE TECHNOLOGIES (P) LTD,CHENNAI,PUNE,Air,204810,05-06-2026,2,50,80,4000,100,2000,1500,0,0,YES
MCPL/26-27/0125,01-07-2026,REUTTER INNOVATIVE CLOSURE TECHNOLOGIES (P) LTD,CHENNAI,PUNE,Air,204818,05-06-2026,1,50,80,4000,100,2000,1500,0,0,YES
MCPL/26-27/0125,01-07-2026,REUTTER INNOVATIVE CLOSURE TECHNOLOGIES (P) LTD,CHENNAI,PUNE,Air,204828,08-06-2026,1,50,80,4000,100,2000,1500,0,0,YES
MCPL/26-27/0125,01-07-2026,REUTTER INNOVATIVE CLOSURE TECHNOLOGIES (P) LTD,CHENNAI,PUNE,Air,204862,10-06-2026,1,50,80,4000,100,2000,1500,0,0,YES
MCPL/26-27/0125,01-07-2026,REUTTER INNOVATIVE CLOSURE TECHNOLOGIES (P) LTD,CHENNAI,PUNE,Air,204876,12-06-2026,1,50,80,4000,100,2000,1500,0,0,YES
MCPL/26-27/0125,01-07-2026,REUTTER INNOVATIVE CLOSURE TECHNOLOGIES (P) LTD,CHENNAI,PUNE,Air,204910,16-06-2026,1,50,80,4000,100,2000,1500,0,0,YES
MCPL/26-27/0125,01-07-2026,REUTTER INNOVATIVE CLOSURE TECHNOLOGIES (P) LTD,CHENNAI,PUNE,Air,204918,16-06-2026,1,50,80,4000,100,2000,1500,0,0,YES
MCPL/26-27/0125,01-07-2026,REUTTER INNOVATIVE CLOSURE TECHNOLOGIES (P) LTD,CHENNAI,PUNE,Air,204949,18-06-2026,1,50,80,4000,100,2000,1500,0,0,YES
MCPL/26-27/0125,01-07-2026,REUTTER INNOVATIVE CLOSURE TECHNOLOGIES (P) LTD,CHENNAI,PUNE,Air,204959,19-06-2026,1,50,80,4000,100,2000,1500,0,0,YES
MCPL/26-27/0125,01-07-2026,REUTTER INNOVATIVE CLOSURE TECHNOLOGIES (P) LTD,CHENNAI,PUNE,Air,204968,21-06-2026,1,50,80,4000,100,2000,1500,0,0,YES
MCPL/26-27/0125,01-07-2026,REUTTER INNOVATIVE CLOSURE TECHNOLOGIES (P) LTD,CHENNAI,PUNE,Air,204988,22-06-2026,1,50,80,4000,100,2000,1500,0,0,YES
MCPL/26-27/0125,01-07-2026,REUTTER INNOVATIVE CLOSURE TECHNOLOGIES (P) LTD,CHENNAI,PUNE,Air,204995,23-06-2026,1,50,80,4000,100,2000,1500,0,0,YES
MCPL/26-27/0125,01-07-2026,REUTTER INNOVATIVE CLOSURE TECHNOLOGIES (P) LTD,CHENNAI,PUNE,Air,205004,24-06-2026,1,50,80,4000,100,2000,1500,0,0,YES
MCPL/26-27/0125,01-07-2026,REUTTER INNOVATIVE CLOSURE TECHNOLOGIES (P) LTD,CHENNAI,PUNE,Air,205005,24-06-2026,4,60,80,4800,100,2000,1500,0,0,YES
MCPL/26-27/0125,01-07-2026,REUTTER INNOVATIVE CLOSURE TECHNOLOGIES (P) LTD,CHENNAI,PUNE,Air,205008,25-06-2026,1,50,80,4000,100,2000,1500,0,0,YES
MCPL/26-27/0125,01-07-2026,REUTTER INNOVATIVE CLOSURE TECHNOLOGIES (P) LTD,CHENNAI,PUNE,Air,205009,26-06-2026,1,50,80,4000,100,2000,1500,0,0,YES
MCPL/26-27/0125,01-07-2026,REUTTER INNOVATIVE CLOSURE TECHNOLOGIES (P) LTD,CHENNAI,PUNE,Air,205023,28-06-2026,1,50,80,4000,100,2000,1500,0,0,YES
MCPL/26-27/0125,01-07-2026,REUTTER INNOVATIVE CLOSURE TECHNOLOGIES (P) LTD,CHENNAI,PUNE,Air,205032,29-06-2026,1,50,80,4000,100,2000,1500,0,0,YES
MCPL/26-27/0127,01-07-2026,U. S. AUTO CONTROLS PVT LTD ,PUNE,PANTNAGAR,Air,205031,29-06-2026,11,300,56,16800,100,500,1000,0,0,YES
MCPL/26-27/0127,01-07-2026,U. S. AUTO CONTROLS PVT LTD ,PUNE,PANTNAGAR,Air,205001,24-06-2026,5,125,56,7000,100,500,1000,0,0,YES
MCPL/26-27/0127,01-07-2026,U. S. AUTO CONTROLS PVT LTD ,PUNE,PANTNAGAR,Air,204982,22-06-2026,6,150,56,8400,100,500,1000,0,0,YES
MCPL/26-27/0127,01-07-2026,U. S. AUTO CONTROLS PVT LTD ,PUNE,PANTNAGAR,Air,204937,17-06-2026,5,100,56,5600,100,500,1000,0,0,YES
MCPL/26-27/0127,01-07-2026,U. S. AUTO CONTROLS PVT LTD ,PUNE,PANTNAGAR,Air,204901,15-06-2026,4,100,56,5600,100,500,1000,0,0,YES
MCPL/26-27/0127,01-07-2026,U. S. AUTO CONTROLS PVT LTD ,PUNE,PANTNAGAR,Air,204833,08-06-2026,3,75,56,4200,100,500,1000,0,0,YES
MCPL/26-27/0127,01-07-2026,U. S. AUTO CONTROLS PVT LTD ,PUNE,PANTNAGAR,Air,204825,07-06-2026,3,75,56,4200,100,500,1000,0,0,YES
MCPL/26-27/0127,01-07-2026,U. S. AUTO CONTROLS PVT LTD ,PUNE,PANTNAGAR,Air,204815,05-06-2026,3,60,56,3360,100,500,1000,0,0,YES
MCPL/26-27/0127,01-07-2026,U. S. AUTO CONTROLS PVT LTD ,PUNE,PANTNAGAR,Air,204809,04-06-2026,3,60,56,3360,100,500,1000,0,0,YES
MCPL/26-27/0127,01-07-2026,U. S. AUTO CONTROLS PVT LTD ,PUNE,PANTNAGAR,Air,204804,03-06-2026,2,50,56,2800,100,500,1000,0,0,YES
MCPL/26-27/0126,01-07-2026,U. S. AUTO CONTROLS PVT LTD ,BANGALORE,PUNE,Air,204966,20-06-2026,2,50,80,4000,100,2500,1000,0,0,YES
MCPL/26-27/0128,01-07-2026,U. S. AUTO CONTROLS PVT LTD ,PUNE,PANTNAGAR,Road,204788,02-06-2026,15,325,8.5,2762.5,100,1000,500,0,0,YES
MCPL/26-27/0128,01-07-2026,U. S. AUTO CONTROLS PVT LTD ,PUNE,PANTNAGAR,Road,204807,04-06-2026,4,75,8.5,637.5,100,1000,500,0,0,YES
MCPL/26-27/0128,01-07-2026,U. S. AUTO CONTROLS PVT LTD ,PUNE,PANTNAGAR,Road,204808,04-06-2026,21,500,8.5,4250,100,0,500,0,0,YES
MCPL/26-27/0128,01-07-2026,U. S. AUTO CONTROLS PVT LTD ,PUNE,PANTNAGAR,Road,204827,08-06-2026,32,755,8.5,6417.5,100,1000,500,0,0,YES
MCPL/26-27/0128,01-07-2026,U. S. AUTO CONTROLS PVT LTD ,PUNE,PANTNAGAR,Road,204858,10-06-2026,10,260,8.5,2210,100,1000,500,0,0,YES
MCPL/26-27/0128,01-07-2026,U. S. AUTO CONTROLS PVT LTD ,PUNE,PANTNAGAR,Road,204871,11-06-2026,11,250,8.5,2125,100,1000,500,0,0,YES
MCPL/26-27/0128,01-07-2026,U. S. AUTO CONTROLS PVT LTD ,PUNE,PANTNAGAR,Road,204880,13-06-2026,21,475,8.5,4037.5,100,1000,500,0,0,YES
MCPL/26-27/0128,01-07-2026,U. S. AUTO CONTROLS PVT LTD ,PUNE,PANTNAGAR,Road,204881,13-06-2026,4,75,8.5,637.5,100,0,500,0,0,YES
MCPL/26-27/0128,01-07-2026,U. S. AUTO CONTROLS PVT LTD ,PUNE,PANTNAGAR,Road,204914,16-06-2026,14,325,8.5,2762.5,100,1000,500,0,0,YES
MCPL/26-27/0128,01-07-2026,U. S. AUTO CONTROLS PVT LTD ,PUNE,PANTNAGAR,Road,204915,16-06-2026,4,90,8.5,765,100,0,500,0,0,YES
MCPL/26-27/0128,01-07-2026,U. S. AUTO CONTROLS PVT LTD ,PUNE,PANTNAGAR,Road,204950,18-06-2026,4,125,8.5,1062.5,100,0,500,0,0,YES
MCPL/26-27/0128,01-07-2026,U. S. AUTO CONTROLS PVT LTD ,PUNE,PANTNAGAR,Road,204951,18-06-2026,5,125,8.5,1062.5,100,1000,500,0,0,YES
MCPL/26-27/0128,01-07-2026,U. S. AUTO CONTROLS PVT LTD ,PUNE,PANTNAGAR,Road,204980,22-06-2026,4,75,8.5,637.5,100,0,500,0,0,YES
MCPL/26-27/0128,01-07-2026,U. S. AUTO CONTROLS PVT LTD ,PUNE,PANTNAGAR,Road,204981,22-06-2026,16,360,8.5,3060,100,1000,500,0,0,YES
MCPL/26-27/0128,01-07-2026,U. S. AUTO CONTROLS PVT LTD ,PUNE,PANTNAGAR,Road,205006,25-06-2026,18,420,8.5,3570,100,1000,500,0,0,YES
MCPL/26-27/0128,01-07-2026,U. S. AUTO CONTROLS PVT LTD ,PUNE,PANTNAGAR,Road,205017,27-06-2026,4,75,8.5,637.5,100,0,500,0,0,YES
MCPL/26-27/0128,01-07-2026,U. S. AUTO CONTROLS PVT LTD ,PUNE,PANTNAGAR,Road,205018,27-06-2026,6,175,8.5,1487.5,100,1000,500,0,0,YES
MCPL/26-27/0128,01-07-2026,U. S. AUTO CONTROLS PVT LTD ,PUNE,PANTNAGAR,Road,205040,30-06-2026,10,260,8.5,2210,100,1000,500,0,0,YES
MCPL/26-27/0129,01-07-2026,STARWAYS PRECISIONS PVT. LTD. ,PUNE,SITARGANJ,Train,204796,02-06-2026,31,500,20,10000,100,0,1000,0,0,YES
MCPL/26-27/0129,01-07-2026,STARWAYS PRECISIONS PVT. LTD. ,PUNE,SITARGANJ,Train,204824,07-06-2026,14,435,20,8700,100,500,0,6500,0,YES
MCPL/26-27/0129,01-07-2026,STARWAYS PRECISIONS PVT. LTD. ,PUNE,SITARGANJ,Train,204886,14-06-2026,6,230,20,4600,100,0,1000,0,0,YES
MCPL/26-27/0129,01-07-2026,STARWAYS PRECISIONS PVT. LTD. ,PUNE,SITARGANJ,Train,205007,25-06-2026,3,135,20,2700,100,500,1000,0,0,YES
MCPL/26-27/0130,01-07-2026,STARWAYS PRECISIONS PVT. LTD. ,PUNE,SITARGANJ,Air,204795,02-06-2026,3,150,65,9750,100,500,1000,0,0,YES
MCPL/26-27/0130,01-07-2026,STARWAYS PRECISIONS PVT. LTD. ,PUNE,SITARGANJ,Air,204803,03-06-2026,2,50,65,3250,100,500,1000,0,0,YES
MCPL/26-27/0130,01-07-2026,STARWAYS PRECISIONS PVT. LTD. ,PUNE,SITARGANJ,Air,204814,05-06-2026,1,50,65,3250,100,500,1000,0,0,YES
MCPL/26-27/0130,01-07-2026,STARWAYS PRECISIONS PVT. LTD. ,PUNE,SITARGANJ,Air,204816,05-06-2026,1,50,65,3250,100,500,1000,0,0,YES
MCPL/26-27/0130,01-07-2026,STARWAYS PRECISIONS PVT. LTD. ,PUNE,SITARGANJ,Air,204821,06-06-2026,5,240,65,15600,100,500,1000,0,0,YES
MCPL/26-27/0130,01-07-2026,STARWAYS PRECISIONS PVT. LTD. ,PUNE,SITARGANJ,Air,204834,08-06-2026,3,100,65,6500,100,500,1000,0,0,YES
MCPL/26-27/0130,01-07-2026,STARWAYS PRECISIONS PVT. LTD. ,PUNE,SITARGANJ,Air,204861,10-06-2026,3,150,65,9750,100,500,1000,0,0,YES
MCPL/26-27/0130,01-07-2026,STARWAYS PRECISIONS PVT. LTD. ,PUNE,SITARGANJ,Air,204868,11-06-2026,1,50,65,3250,100,500,1000,0,0,YES
MCPL/26-27/0130,01-07-2026,STARWAYS PRECISIONS PVT. LTD. ,PUNE,SITARGANJ,Air,204869,11-06-2026,1,50,65,3250,100,500,1000,0,0,YES
MCPL/26-27/0130,01-07-2026,STARWAYS PRECISIONS PVT. LTD. ,PUNE,SITARGANJ,Air,204875,12-06-2026,2,115,65,7475,100,500,1000,0,0,YES
MCPL/26-27/0130,01-07-2026,STARWAYS PRECISIONS PVT. LTD. ,PUNE,SITARGANJ,Air,204879,13-06-2026,1,50,65,3250,100,500,1000,0,0,YES
MCPL/26-27/0130,01-07-2026,STARWAYS PRECISIONS PVT. LTD. ,PUNE,SITARGANJ,Air,204887,14-06-2026,11,240,65,15600,100,500,0,6500,0,YES
MCPL/26-27/0130,01-07-2026,STARWAYS PRECISIONS PVT. LTD. ,PUNE,SITARGANJ,Air,204905,15-06-2026,1,50,65,3250,100,500,1000,0,0,YES
MCPL/26-27/0130,01-07-2026,STARWAYS PRECISIONS PVT. LTD. ,PUNE,SITARGANJ,Air,204939,17-06-2026,3,120,65,7800,100,500,1000,0,0,YES
MCPL/26-27/0130,01-07-2026,STARWAYS PRECISIONS PVT. LTD. ,PUNE,SITARGANJ,Air,204941,18-06-2026,1,50,65,3250,100,500,1000,0,0,YES
MCPL/26-27/0130,01-07-2026,STARWAYS PRECISIONS PVT. LTD. ,PUNE,SITARGANJ,Air,204961,20-06-2026,1,50,65,3250,100,500,1000,0,0,YES
MCPL/26-27/0130,01-07-2026,STARWAYS PRECISIONS PVT. LTD. ,PUNE,SITARGANJ,Air,204962,20-06-2026,1,50,65,3250,100,500,1000,0,0,YES
MCPL/26-27/0130,01-07-2026,STARWAYS PRECISIONS PVT. LTD. ,PUNE,SITARGANJ,Air,204970,21-06-2026,1,50,65,3250,100,500,1000,0,0,YES
MCPL/26-27/0130,01-07-2026,STARWAYS PRECISIONS PVT. LTD. ,PUNE,SITARGANJ,Air,205000,24-06-2026,3,75,65,4875,100,500,1000,0,0,YES
MCPL/26-27/0130,01-07-2026,STARWAYS PRECISIONS PVT. LTD. ,PUNE,SITARGANJ,Air,205019,27-06-2026,2,50,65,3250,100,500,1000,0,0,YES
MCPL/26-27/0130,01-07-2026,STARWAYS PRECISIONS PVT. LTD. ,PUNE,SITARGANJ,Air,205030,29-06-2026,1,50,65,3250,100,500,1000,0,0,YES
MCPL/26-27/0130,01-07-2026,STARWAYS PRECISIONS PVT. LTD. ,PUNE,SITARGANJ,Air,205036,30-06-2026,1,50,65,3250,100,500,1000,0,0,YES
MCPL/26-27/0132,01-07-2026,STARWAYS INDUSTRIES- CHAKAN,SITARGANJ,PUNE,Train,204934,17-06-2026,41,740,20,14800,100,500,1000,0,0,YES
MCPL/26-27/0133,01-07-2026,STARWAYS INDUSTRIES- CHAKAN,SITARGANJ,AURANGABAD,Air,204907,16-06-2026,1,50,65,3250,100,2500,6500,0,0,YES
MCPL/26-27/0134,01-07-2026,STARWAYS INDUSTRIES- CHAKAN,PUNE,SITARGANJ,Air,204783,01-06-2026,5,100,65,6500,100,500,1000,0,0,YES
MCPL/26-27/0134,01-07-2026,STARWAYS INDUSTRIES- CHAKAN,PUNE,SITARGANJ,Air,204792,02-06-2026,8,160,65,10400,100,500,1000,0,0,YES
MCPL/26-27/0134,01-07-2026,STARWAYS INDUSTRIES- CHAKAN,PUNE,SITARGANJ,Air,204801,03-06-2026,2,50,65,3250,100,500,1000,0,0,YES
MCPL/26-27/0134,01-07-2026,STARWAYS INDUSTRIES- CHAKAN,PUNE,SITARGANJ,Air,204805,03-06-2026,1,50,65,3250,100,500,1000,0,0,YES
MCPL/26-27/0134,01-07-2026,STARWAYS INDUSTRIES- CHAKAN,PUNE,SITARGANJ,Air,204813,05-06-2026,6,130,65,8450,100,500,0,6500,0,YES
MCPL/26-27/0134,01-07-2026,STARWAYS INDUSTRIES- CHAKAN,PUNE,SITARGANJ,Air,204820,06-06-2026,2,80,65,5200,100,500,1000,0,0,YES
MCPL/26-27/0134,01-07-2026,STARWAYS INDUSTRIES- CHAKAN,PUNE,SITARGANJ,Air,204823,07-06-2026,2,100,65,6500,100,500,0,6500,0,YES
MCPL/26-27/0134,01-07-2026,STARWAYS INDUSTRIES- CHAKAN,PUNE,SITARGANJ,Air,204837,09-06-2026,13,325,65,21125,100,500,1000,0,0,YES
MCPL/26-27/0134,01-07-2026,STARWAYS INDUSTRIES- CHAKAN,PUNE,SITARGANJ,Air,204853,10-06-2026,1,50,65,3250,100,500,1000,0,0,YES
MCPL/26-27/0134,01-07-2026,STARWAYS INDUSTRIES- CHAKAN,PUNE,SITARGANJ,Air,204865,11-06-2026,1,50,65,3250,100,500,1000,0,0,YES
MCPL/26-27/0134,01-07-2026,STARWAYS INDUSTRIES- CHAKAN,PUNE,SITARGANJ,Air,204895,15-06-2026,2,50,65,3250,100,500,1000,0,0,YES
MCPL/26-27/0134,01-07-2026,STARWAYS INDUSTRIES- CHAKAN,PUNE,SITARGANJ,Air,204903,15-06-2026,4,100,65,6500,100,500,1000,0,0,YES
MCPL/26-27/0134,01-07-2026,STARWAYS INDUSTRIES- CHAKAN,PUNE,SITARGANJ,Air,204908,16-06-2026,7,245,65,15925,100,500,0,6500,0,YES
MCPL/26-27/0134,01-07-2026,STARWAYS INDUSTRIES- CHAKAN,PUNE,SITARGANJ,Air,204930,17-06-2026,17,340,65,22100,100,500,1000,0,0,YES
MCPL/26-27/0134,01-07-2026,STARWAYS INDUSTRIES- CHAKAN,PUNE,SITARGANJ,Air,204957,19-06-2026,4,100,65,6500,100,500,1000,0,0,YES
MCPL/26-27/0134,01-07-2026,STARWAYS INDUSTRIES- CHAKAN,PUNE,SITARGANJ,Air,204964,20-06-2026,2,50,65,3250,100,500,1000,0,0,YES
MCPL/26-27/0134,01-07-2026,STARWAYS INDUSTRIES- CHAKAN,PUNE,SITARGANJ,Air,204975,22-06-2026,1,50,65,3250,100,500,1000,0,0,YES
MCPL/26-27/0134,01-07-2026,STARWAYS INDUSTRIES- CHAKAN,PUNE,SITARGANJ,Air,204990,23-06-2026,8,195,65,12675,100,500,1000,0,0,YES
MCPL/26-27/0134,01-07-2026,STARWAYS INDUSTRIES- CHAKAN,PUNE,SITARGANJ,Air,204997,23-06-2026,5,150,65,9750,100,500,1000,0,0,YES
MCPL/26-27/0134,01-07-2026,STARWAYS INDUSTRIES- CHAKAN,PUNE,SITARGANJ,Air,205014,27-06-2026,6,120,65,7800,100,500,1000,0,0,YES
MCPL/26-27/0134,01-07-2026,STARWAYS INDUSTRIES- CHAKAN,PUNE,SITARGANJ,Air,205029,29-06-2026,1,50,65,3250,100,500,1000,0,0,YES
MCPL/26-27/0134,01-07-2026,STARWAYS INDUSTRIES- CHAKAN,PUNE,SITARGANJ,Air,205037,30-06-2026,1,50,65,3250,100,500,1000,0,0,YES
MCPL/26-27/0135,01-07-2026,STARWAYS INDUSTRIES- CHAKAN,PUNE,SITARGANJ,Train,204832,08-06-2026,32,575,20,11500,100,500,1000,0,0,YES
MCPL/26-27/0135,01-07-2026,STARWAYS INDUSTRIES- CHAKAN,PUNE,SITARGANJ,Train,204784,01-06-2026,6,100,20,2000,100,500,1000,0,0,YES
MCPL/26-27/0135,01-07-2026,STARWAYS INDUSTRIES- CHAKAN,PUNE,SITARGANJ,Train,204785,01-06-2026,22,400,20,8000,100,500,1000,0,0,YES
MCPL/26-27/0135,01-07-2026,STARWAYS INDUSTRIES- CHAKAN,PUNE,SITARGANJ,Train,204793,02-06-2026,7,140,20,2800,100,500,1000,0,0,YES
MCPL/26-27/0135,01-07-2026,STARWAYS INDUSTRIES- CHAKAN,PUNE,SITARGANJ,Train,204797,02-06-2026,23,415,20,8300,100,500,1000,0,0,YES
MCPL/26-27/0135,01-07-2026,STARWAYS INDUSTRIES- CHAKAN,PUNE,SITARGANJ,Train,204806,03-06-2026,25,450,20,9000,100,500,1000,0,0,YES
MCPL/26-27/0135,01-07-2026,STARWAYS INDUSTRIES- CHAKAN,PUNE,SITARGANJ,Train,204817,05-06-2026,40,760,20,15200,100,500,1000,0,0,YES
MCPL/26-27/0135,01-07-2026,STARWAYS INDUSTRIES- CHAKAN,PUNE,SITARGANJ,Train,204822,06-06-2026,35,630,20,12600,100,500,1000,0,0,YES
MCPL/26-27/0135,01-07-2026,STARWAYS INDUSTRIES- CHAKAN,PUNE,SITARGANJ,Train,204826,07-06-2026,32,575,20,11500,100,500,0,6500,0,YES
MCPL/26-27/0135,01-07-2026,STARWAYS INDUSTRIES- CHAKAN,PUNE,SITARGANJ,Train,204848,09-06-2026,35,630,20,12600,100,500,0,6500,0,YES
MCPL/26-27/0135,01-07-2026,STARWAYS INDUSTRIES- CHAKAN,PUNE,SITARGANJ,Train,204863,10-06-2026,35,630,20,12600,100,500,1000,0,0,YES
MCPL/26-27/0135,01-07-2026,STARWAYS INDUSTRIES- CHAKAN,PUNE,SITARGANJ,Train,204866,11-06-2026,9,225,20,4500,100,500,1000,0,0,YES
MCPL/26-27/0135,01-07-2026,STARWAYS INDUSTRIES- CHAKAN,PUNE,SITARGANJ,Train,204870,11-06-2026,5,175,20,3500,100,500,1000,0,0,YES
MCPL/26-27/0135,01-07-2026,STARWAYS INDUSTRIES- CHAKAN,PUNE,SITARGANJ,Train,204878,12-06-2026,35,630,20,12600,100,500,1000,0,0,YES
MCPL/26-27/0135,01-07-2026,STARWAYS INDUSTRIES- CHAKAN,PUNE,SITARGANJ,Train,204885,13-06-2026,35,630,20,12600,100,500,1000,0,0,YES
MCPL/26-27/0135,01-07-2026,STARWAYS INDUSTRIES- CHAKAN,PUNE,SITARGANJ,Train,204888,14-06-2026,7,245,20,4900,100,500,1000,0,0,YES
MCPL/26-27/0135,01-07-2026,STARWAYS INDUSTRIES- CHAKAN,PUNE,SITARGANJ,Train,204890,14-06-2026,35,630,20,12600,100,500,1000,0,0,YES
MCPL/26-27/0135,01-07-2026,STARWAYS INDUSTRIES- CHAKAN,PUNE,SITARGANJ,Train,204894,15-06-2026,9,270,20,5400,100,500,1000,0,0,YES
MCPL/26-27/0135,01-07-2026,STARWAYS INDUSTRIES- CHAKAN,PUNE,SITARGANJ,Train,204902,15-06-2026,35,630,20,12600,100,500,1000,0,0,YES
MCPL/26-27/0135,01-07-2026,STARWAYS INDUSTRIES- CHAKAN,PUNE,SITARGANJ,Train,204904,15-06-2026,4,100,20,2000,100,500,1000,0,0,YES
MCPL/26-27/0136,01-07-2026,STARWAYS INDUSTRIES- CHAKAN,PUNE,SITARGANJ,Train,204909,16-06-2026,4,100,20,2000,100,500,1000,0,0,YES
MCPL/26-27/0136,01-07-2026,STARWAYS INDUSTRIES- CHAKAN,PUNE,SITARGANJ,Train,204920,16-06-2026,35,630,20,12600,100,500,1000,0,0,YES
MCPL/26-27/0136,01-07-2026,STARWAYS INDUSTRIES- CHAKAN,PUNE,SITARGANJ,Train,204931,17-06-2026,10,250,20,5000,100,500,1000,0,0,YES
MCPL/26-27/0136,01-07-2026,STARWAYS INDUSTRIES- CHAKAN,PUNE,SITARGANJ,Train,204936,17-06-2026,25,450,20,9000,100,500,1000,0,0,YES
MCPL/26-27/0136,01-07-2026,STARWAYS INDUSTRIES- CHAKAN,PUNE,SITARGANJ,Train,204948,18-06-2026,47,1410,20,28200,100,500,1000,0,0,YES
MCPL/26-27/0136,01-07-2026,STARWAYS INDUSTRIES- CHAKAN,PUNE,SITARGANJ,Train,204956,19-06-2026,3,100,20,2000,100,500,1000,0,0,YES
MCPL/26-27/0136,01-07-2026,STARWAYS INDUSTRIES- CHAKAN,PUNE,SITARGANJ,Train,204958,19-06-2026,35,630,20,12600,100,500,1000,0,0,YES
MCPL/26-27/0136,01-07-2026,STARWAYS INDUSTRIES- CHAKAN,PUNE,SITARGANJ,Train,204967,20-06-2026,35,630,20,12600,100,500,1000,0,0,YES
MCPL/26-27/0136,01-07-2026,STARWAYS INDUSTRIES- CHAKAN,PUNE,SITARGANJ,Train,204971,21-06-2026,35,630,20,12600,100,500,1000,0,0,YES
MCPL/26-27/0136,01-07-2026,STARWAYS INDUSTRIES- CHAKAN,PUNE,SITARGANJ,Train,204976,22-06-2026,6,210,20,4200,100,500,1000,0,0,YES
MCPL/26-27/0136,01-07-2026,STARWAYS INDUSTRIES- CHAKAN,PUNE,SITARGANJ,Train,204978,22-06-2026,23,575,20,11500,100,500,1000,0,0,YES
MCPL/26-27/0136,01-07-2026,STARWAYS INDUSTRIES- CHAKAN,PUNE,SITARGANJ,Train,204979,22-06-2026,5,100,20,2000,100,500,1000,0,0,YES
MCPL/26-27/0136,01-07-2026,STARWAYS INDUSTRIES- CHAKAN,PUNE,SITARGANJ,Train,204984,22-06-2026,35,630,20,12600,100,500,1000,0,0,YES
MCPL/26-27/0136,01-07-2026,STARWAYS INDUSTRIES- CHAKAN,PUNE,SITARGANJ,Train,204989,23-06-2026,5,100,20,2000,100,500,1000,0,0,YES
MCPL/26-27/0136,01-07-2026,STARWAYS INDUSTRIES- CHAKAN,PUNE,SITARGANJ,Train,204996,23-06-2026,35,630,20,12600,100,500,1000,0,0,YES
MCPL/26-27/0136,01-07-2026,STARWAYS INDUSTRIES- CHAKAN,PUNE,SITARGANJ,Train,205003,24-06-2026,35,630,20,12600,100,500,1000,0,0,YES
MCPL/26-27/0136,01-07-2026,STARWAYS INDUSTRIES- CHAKAN,PUNE,SITARGANJ,Train,205010,26-06-2026,35,630,20,12600,100,500,1000,0,0,YES
MCPL/26-27/0136,01-07-2026,STARWAYS INDUSTRIES- CHAKAN,PUNE,SITARGANJ,Train,205013,27-06-2026,5,100,20,2000,100,500,1000,0,0,YES
MCPL/26-27/0136,01-07-2026,STARWAYS INDUSTRIES- CHAKAN,PUNE,SITARGANJ,Train,205021,27-06-2026,35,630,20,12600,100,500,1000,0,0,YES
MCPL/26-27/0136,01-07-2026,STARWAYS INDUSTRIES- CHAKAN,PUNE,SITARGANJ,Train,205024,28-06-2026,35,630,20,12600,100,500,1000,0,0,YES
MCPL/26-27/0136,01-07-2026,STARWAYS INDUSTRIES- CHAKAN,PUNE,SITARGANJ,Train,205033,29-06-2026,25,450,20,9000,100,500,1000,0,0,YES
MCPL/26-27/0136,01-07-2026,STARWAYS INDUSTRIES- CHAKAN,PUNE,SITARGANJ,Train,205038,30-06-2026,35,630,20,12600,100,500,1000,0,0,YES
MCPL/26-27/0137,01-07-2026,"BELRISE INDUSTRIES LTD,UNIT-7E",PUNE,PANTNAGAR,Train,204791,02-06-2026,20,680,16,10880,0,500,1000,0,0,YES
MCPL/26-27/0137,01-07-2026,"BELRISE INDUSTRIES LTD,UNIT-7E",PUNE,PANTNAGAR,Train,205012,27-06-2026,30,1020,16,16320,0,500,1000,0,0,YES
MCPL/26-27/0154,28-07-2026,BELRISE INDUSTRIES LTD UNIT-14,PUNE,PANTNAGAR,Air,204953,19-06-2026,5,100,60,6000,0,500,0,5000,0,YES
MCPL/26-27/0153,28-07-2026,BELRISE INDUSTRIES LTD UNIT -IX,AURANGABAD,PANTNAGAR,Air,204891,14-06-2026,1,50,60,3000,0,5500,0,5000,0,YES
MCPL/26-27/0152,28-07-2026,BELRISE INDUSTRIES LTD UNIT -IX,PUNE,PANTNAGAR,Train,204900,15-06-2026,43,480,16,7680,0,500,0,8000,0,YES
MCPL/26-27/0151,28-07-2026,BELRISE INDUSTRIES LTD UNIT -IX,PANTNAGAR,PUNE,Train,204935,17-06-2026,2,100,16,1600,0,1000,500,0,0,YES
MCPL/26-27/0131,01-07-2026,STARWAYS PRECISIONS PVT. LTD. ,AURANGABAD,SITARGANJ,Air,204985,22-06-2026,2,70,65,4550,100,6500,2500,0,0,YES
MCPL/26-27/0131,01-07-2026,STARWAYS PRECISIONS PVT. LTD. ,AURANGABAD,SITARGANJ,Air,205002,24-06-2026,3,50,65,3250,100,6500,2500,0,0,YES
MCPL/26-27/0131,01-07-2026,STARWAYS PRECISIONS PVT. LTD. ,AURANGABAD,SITARGANJ,Air,205022,26-06-2026,2,100,65,6500,100,6500,2500,0,0,YES
MCPL/26-27/0131,01-07-2026,STARWAYS PRECISIONS PVT. LTD. ,AURANGABAD,SITARGANJ,Air,205039,30-06-2026,2,60,65,3900,100,6500,2500,0,0,YES
MCPL/26-27/0142,01-07-2026,SKY 4 PUNE,DELHI-STATION,PANTNAGAR,Road,204569,01-05-2026,13,0,0,2500,0,0,1000,0,0,YES
MCPL/26-27/0142,01-07-2026,SKY 4 PUNE,DELHI-STATION,PANTNAGAR,Road,204570,02-05-2026,12,0,0,2500,0,0,1000,0,0,YES
MCPL/26-27/0142,01-07-2026,SKY 4 PUNE,DELHI-STATION,PANTNAGAR,Road,204612,09-05-2026,17,0,0,2500,0,0,1000,0,0,YES
MCPL/26-27/0142,01-07-2026,SKY 4 PUNE,DELHI-AIRPORT,PANTNAGAR,Road,204626,11-05-2026,6,0,0,2500,0,0,1000,0,0,YES
MCPL/26-27/0142,01-07-2026,SKY 4 PUNE,DELHI-STATION,PANTNAGAR,Road,204627,11-05-2026,21,0,0,2500,0,0,1000,0,0,YES
MCPL/26-27/0142,01-07-2026,SKY 4 PUNE,DELHI-STATION,PANTNAGAR,Road,204664,15-05-2026,22,0,0,2500,0,0,1000,0,0,YES
MCPL/26-27/0142,01-07-2026,SKY 4 PUNE,DELHI-STATION,PANTNAGAR,Road,204665,16-05-2026,18,0,0,2500,0,0,1000,0,0,YES
MCPL/26-27/0142,01-07-2026,SKY 4 PUNE,DELHI-STATION,PANTNAGAR,Road,204704,21-05-2026,2,0,0,2500,0,0,1000,0,0,YES
MCPL/26-27/0142,01-07-2026,SKY 4 PUNE,DELHI-AIRPORT,PANTNAGAR,Road,204705,20-05-2026,7,0,0,2500,0,0,500,0,0,YES
MCPL/26-27/0142,01-07-2026,SKY 4 PUNE,DELHI-STATION,PANTNAGAR,Road,204736,26-05-2026,6,0,0,2500,0,0,1000,0,0,YES
MCPL/26-27/0142,01-07-2026,SKY 4 PUNE,DELHI-STATION,PANTNAGAR,Road,204757,28-05-2026,32,0,0,2500,0,0,1000,0,0,YES
MCPL/26-27/0142,01-07-2026,SKY 4 PUNE,DELHI-STATION,PANTNAGAR,Road,204786,02-06-2026,10,0,0,2500,0,0,500,0,0,YES
MCPL/26-27/0142,01-07-2026,SKY 4 PUNE,DELHI-STATION,PANTNAGAR,Road,204835,09-06-2026,13,0,0,2500,0,0,1000,0,0,YES
MCPL/26-27/0142,01-07-2026,SKY 4 PUNE,DELHI-STATION,PANTNAGAR,Road,204836,09-06-2026,26,0,0,0,0,0,500,0,0,YES
MCPL/26-27/0142,01-07-2026,SKY 4 PUNE,DELHI-AIRPORT,PANTNAGAR,Road,204840,08-06-2026,12,0,0,2500,0,0,1500,0,0,YES
MCPL/26-27/0142,01-07-2026,SKY 4 PUNE,DELHI-STATION,PANTNAGAR,Road,204859,10-06-2026,3,0,0,2500,0,0,1000,0,0,YES
MCPL/26-27/0142,01-07-2026,SKY 4 PUNE,DELHI-AIRPORT,PANTNAGAR,Road,204906,16-06-2026,4,0,0,2500,0,0,1000,0,0,YES
MCPL/26-27/0142,01-07-2026,SKY 4 PUNE,DELHI-AIRPORT,PANTNAGAR,Road,204921,17-06-2026,16,0,0,2500,0,0,1500,0,0,YES
MCPL/26-27/0142,01-07-2026,SKY 4 PUNE,DELHI-AIRPORT,PANTNAGAR,Road,204945,18-06-2026,5,0,0,0,0,0,0,4500,0,YES
MCPL/26-27/0142,01-07-2026,SKY 4 PUNE,DELHI-STATION,PANTNAGAR,Road,204952,19-06-2026,20,0,0,2500,0,0,500,0,0,YES
MCPL/26-27/0142,01-07-2026,SKY 4 PUNE,DELHI-AIRPORT,PANTNAGAR,Road,204954,19-06-2026,14,0,0,2500,0,0,500,0,0,YES
MCPL/26-27/0142,01-07-2026,SKY 4 PUNE,DELHI-STATION,PANTNAGAR,Road,204960,20-06-2026,11,0,0,2500,0,0,500,0,0,YES
MCPL/26-27/0142,01-07-2026,SKY 4 PUNE,DELHI-STATION,PANTNAGAR,Road,204973,22-06-2026,2,0,0,2500,0,0,1000,0,0,YES
MCPL/26-27/0142,01-07-2026,SKY 4 PUNE,DELHI-AIRPORT,PANTNAGAR,Road,205011,27-06-2026,1,0,0,2500,0,0,1000,0,0,YES
MCPL/26-27/0142,01-07-2026,SKY 4 PUNE,DELHI-AIRPORT,PANTNAGAR,Road,205027,29-06-2026,1,0,0,2500,0,0,1000,0,0,YES
MCPL/26-27/0142,01-07-2026,SKY 4 PUNE,DELHI-STATION,PANTNAGAR,Road,205028,29-06-2026,10,0,0,2500,0,0,500,0,0,YES
MCPL/26-27/0142,01-07-2026,SKY 4 PUNE,DELHI-AIRPORT,PANTNAGAR,Road,205035,30-06-2026,21,0,0,2500,0,0,1000,0,0,YES
MCPL/26-27/0142,01-07-2026,SKY 4 PUNE,DELHI-STATION,PANTNAGAR,Road,205041,30-06-2026,5,0,0,2500,0,1000,0,0,0,YES
MCPL/26-27/0143,01-07-2026,SKY 4 PUNE,PANTNAGAR,PANTNAGAR,Road,204678,13-05-2026,28,0,0,6650,0,0,1000,0,0,YES
MCPL/26-27/0143,01-07-2026,SKY 4 PUNE,PANTNAGAR,PANTNAGAR,Road,204719,23-05-2026,25,0,0,20330,0,0,1000,0,0,YES
MCPL/26-27/0143,01-07-2026,SKY 4 PUNE,PANTNAGAR,PANTNAGAR,Road,204720,23-05-2026,29,0,0,0,0,0,1000,0,0,YES
MCPL/26-27/0143,01-07-2026,SKY 4 PUNE,PANTNAGAR,PANTNAGAR,Road,204727,25-05-2026,32,0,0,11984,0,0,1000,0,0,YES
MCPL/26-27/0143,01-07-2026,SKY 4 PUNE,PANTNAGAR,PANTNAGAR,Road,204745,26-05-2026,26,0,0,3170,0,0,1000,0,0,YES
MCPL/26-27/0143,01-07-2026,SKY 4 PUNE,PANTNAGAR,PANTNAGAR,Road,204756,26-05-2026,88,0,0,32882,0,0,1000,0,0,YES
MCPL/26-27/0143,01-07-2026,SKY 4 PUNE,PANTNAGAR,PANTNAGAR,Road,204767,29-05-2026,56,0,0,0,0,0,1000,0,0,YES
MCPL/26-27/0143,01-07-2026,SKY 4 PUNE,PANTNAGAR,PANTNAGAR,Road,204768,29-05-2026,51,0,0,0,0,0,1000,0,0,YES
MCPL/26-27/0143,01-07-2026,SKY 4 PUNE,PANTNAGAR,PANTNAGAR,Road,204769,29-05-2026,41,0,0,0,0,0,1000,0,0,YES
MCPL/26-27/0143,01-07-2026,SKY 4 PUNE,PANTNAGAR,PANTNAGAR,Road,204789,02-06-2026,54,0,0,0,0,0,1000,0,0,YES
MCPL/26-27/0143,01-07-2026,SKY 4 PUNE,PANTNAGAR,PANTNAGAR,Road,204790,02-06-2026,55,0,0,0,0,0,1000,0,0,YES
MCPL/26-27/0143,01-07-2026,SKY 4 PUNE,PANTNAGAR,PANTNAGAR,Road,204843,04-06-2026,67,0,0,0,0,0,1000,0,0,YES
MCPL/26-27/0143,01-07-2026,SKY 4 PUNE,PANTNAGAR,PANTNAGAR,Road,204844,06-06-2026,53,0,0,0,0,0,1000,0,0,YES
MCPL/26-27/0143,01-07-2026,SKY 4 PUNE,PANTNAGAR,PANTNAGAR,Road,204845,06-06-2026,67,0,0,0,0,0,1000,0,0,YES
MCPL/26-27/0143,01-07-2026,SKY 4 PUNE,PANTNAGAR,PANTNAGAR,Road,204846,06-06-2026,5,0,0,0,0,0,1000,0,0,YES
MCPL/26-27/0143,01-07-2026,SKY 4 PUNE,PANTNAGAR,PANTNAGAR,Road,204847,06-06-2026,90,0,0,0,0,0,1000,0,0,YES
MCPL/26-27/0143,01-07-2026,SKY 4 PUNE,PANTNAGAR,PANTNAGAR,Road,204860,10-06-2026,43,0,0,0,0,0,1000,0,0,YES
MCPL/26-27/0143,01-07-2026,SKY 4 PUNE,PANTNAGAR,PANTNAGAR,Road,204922,16-06-2026,45,0,0,0,0,0,1000,0,0,YES
MCPL/26-27/0143,01-07-2026,SKY 4 PUNE,PANTNAGAR,PANTNAGAR,Road,204923,08-06-2026,44,0,0,0,0,0,1000,0,0,YES
MCPL/26-27/0143,01-07-2026,SKY 4 PUNE,PANTNAGAR,PANTNAGAR,Road,204924,08-06-2026,66,0,0,0,0,0,1000,0,0,YES
MCPL/26-27/0143,01-07-2026,SKY 4 PUNE,PANTNAGAR,PANTNAGAR,Road,204925,09-06-2026,103,0,0,0,0,0,1000,0,0,YES
MCPL/26-27/0143,01-07-2026,SKY 4 PUNE,PANTNAGAR,PANTNAGAR,Road,204926,10-06-2026,46,0,0,0,0,0,1000,0,0,YES
MCPL/26-27/0143,01-07-2026,SKY 4 PUNE,PANTNAGAR,PANTNAGAR,Road,204927,09-06-2026,8,0,0,0,0,0,1000,0,0,YES
MCPL/26-27/0143,01-07-2026,SKY 4 PUNE,PANTNAGAR,PANTNAGAR,Road,204963,20-06-2026,10,0,0,0,0,0,1000,0,0,YES
MCPL/26-27/0143,01-07-2026,SKY 4 PUNE,PANTNAGAR,PANTNAGAR,Road,204974,22-06-2026,23,0,0,0,0,0,1000,0,0,YES
MCPL/26-27/0143,01-07-2026,SKY 4 PUNE,PANTNAGAR,PANTNAGAR,Road,204992,23-06-2026,29,0,0,0,0,0,1000,0,0,YES
MCPL/26-27/0143,01-07-2026,SKY 4 PUNE,PANTNAGAR,PANTNAGAR,Road,204998,24-06-2026,23,0,0,0,0,0,1000,0,0,YES
MCPL/26-27/0143,01-07-2026,SKY 4 PUNE,PANTNAGAR,PANTNAGAR,Road,205042,30-06-2026,54,0,0,0,0,0,1000,0,0,YES
MCPL/26-27/0143,01-07-2026,SKY 4 PUNE,PANTNAGAR,PANTNAGAR,Road,205043,30-06-2026,47,0,0,0,0,0,1000,0,0,YES
MCPL/26-27/0143,01-07-2026,SKY 4 PUNE,PANTNAGAR,PANTNAGAR,Road,205044,30-06-2026,87,0,0,0,0,0,1000,0,0,YES
MCPL/26-27/0144,01-07-2026,NOKA FRIEGHT CARRIERS PVT LTD,DELHI_AIRPORT-STATION,PANTNAGAR,Road,205138,30-06-2026,1954,42280,0,211400,0,0,0,0,0,YES
MCPL/26-27/0145,01-07-2026,NOKA FRIEGHT CARRIERS PVT LTD,DELHI-AIRPORT,PANTNAGAR,Road,205139,30-06-2026,624,11351,0,29090,0,0,0,0,0,YES
MCPL/26-27/0146,01-07-2026,NOKA FRIEGHT CARRIERS PVT LTD,DELHI-STATION,PANTNAGAR,Road,205140,30-06-2026,1453,0,0,76100,0,0,0,0,0,YES
MCPL/26-27/0147,01-07-2026,SHIV TEMPO SERVICE ,DELHI-AIRPORT,PANTNAGAR,Road,205141,30-06-2026,81,0,0,13100,0,0,0,0,0,YES
MCPL/26-27/0148,15-07-2026,NOKA FRIEGHT CARRIERS PVT LTD,DELHI_AIRPORT-STATION,PANTNAGAR,Road,205164,15-07-2026,893,19382,0,93190,0,0,0,0,0,YES
MCPL/26-27/0149,15-07-2026,NOKA FRIEGHT CARRIERS PVT LTD,DELHI-AIRPORT,PANTNAGAR,Road,205165,15-07-2026,189,2977,0,13940,0,0,0,0,0,YES
MCPL/26-27/0150,15-07-2026,NOKA FRIEGHT CARRIERS PVT LTD,DELHI-STATION,PANTNAGAR,Road,205166,15-07-2026,869,0,0,52000,0,0,0,0,0,YES
MCPL/26-27/0160,31-07-2026,CJ DARCL LOGISTICS LIMITED,DELHI,PANTNAGAR,Road,205158,15-07-2026,7,0,0,2600,0,0,0,0,0,YES
