"awb","invdate","value","invoice","part","eway","quantity"
"203992","2026-01-03","0","10562963","0","0","0"
"203989","2026-01-02","746109.28","398","Q-VENT TGA LH/RH","282109721211","400"
"203991","2026-01-03","65844","SP/2526/56322","JF181473","202110650012","5000"
"203991","2026-01-03","13038.58","SP/2526/56383 ","PF561218 ","242110797168","938"
"203993","2026-01-05","12867","CDOM2526-45498","3010001101","252110792322","500"
"204026","2026-01-13","32225.89","SP/2526/58379","JY511231","292117497279","3072"
"204002","2026-01-07","25000","859","JL161005/DJ191096/94/95","Na","8000"
"203994","2025-01-05","447665.56","401","Q-VENT TGA LH/RH","222111664104","240"
"203995","2026-01-05",,"393200190",,,
"203996","2026-01-06","41089.96","SIC/2526/00435","DH102198","252112407664","4600"
"204002","2026-01-07","39506.40","SP/2526/57094","JF181473","232113328821","3000"
"204002","2026-01-07","17695.21","SP/2526/57096","PF561218","252113229322","1273"
"204026","2026-01-14","38921.12","SP/2526/58592","PF561218","202118153683","2800"
"204026","2026-01-14","65844","SP/2526/58593","JF181473","202118153708","5000"
"204026","2026-01-14","140980.50","SP/2526/58637","JG181235","222118223771","8100"
"204025","2026-01-14","22896.72","SAEC/980/25-26","3002001046","242118187811","150"
"204018","2026-01-12","5841","570","MS DOWEL PIN","NA","9000"
"204018","2026-01-12","16400.82","967","285126260109","NA","565"
"203997","2026-01-06","162632.32","SIC/2526/00434","LFB00001","272112283239","8614"
"203998","2026-01-06","447665.56","403","F8B04800/F8B06700","292112505225","240"
"203999","2026-01-07","447665.56","404","F8B04800/F8B06700","232113354149","240"
"204000","2026-01-07","10944.5","5310","DG101340","202113433957","2500"
"204001","2026-01-05","39275.31","SP/2526/56691","JY511231","272111808682","3744"
"204003","2026-01-06","77207.4","CDOM2526-46007","3010001101","242112570327","300"
"204004","2026-01-07","10948","206","279001159201","NA","15000"
"204005","2026-01-08","10944.5","5330","DG101340","262113945195","2500"
"204006","2026-01-08","447665.56","406","F8B04800/F8B06700","252114008746","240"
"204007","2026-01-07","19947.9","SP/2526/57070","DK181076","232113135388","3500"
"204008","2026-01-08","34338","SP/2526/57384","JL151035","222114095286","5820"
"204009","2026-01-09","50291.65","SP/2526/57576","PF561218","232114797033","3618"
"204010","2026-01-09","466318.3","407","F8B04800/F8B06700","202114856207","250"
"204011","2026-01-10","466318.3","413","F8B04800/F8B06700","202115569713","250"
"204012","2026-01-10","5877.58","5345","DG101340","NA","1700"
"204013","2026-01-08",,"10975",,,
"204014","2026-01-10","18585","1315/25-26","JC181024","NA","15000"
"204015","2026-01-12","484971.04","414","F8B04800/F8B06700","202116645504","260"
"204016","2026-01-13","484971.04","415","F8B04800/F8B06700","222117407011","260"
"204017","2026-01-13","283093.8","CDOM2526-47344","3010001101","242117554160","1100"
"204019","2026-01-13","11757.52","5403","DG101340","272117606697","2650"
"204020","2026-01-14","14797.2","SI/1/2526/16457","DH101048","372166956373","2000"
"204021","2026-01-13","9696","FAP11250/25-26","SFSIL00152",,"30"
"204022","2026-01-14","21000","GST194/25-26","Washer","NA","12000"
"204023","2026-01-14","15434.4","V1/2526/65736","FGHAE0041","292118118212","200"
"204024","2026-01-14","484971.04","416","F8B04800/F8B06700","252118247147","260"
"204030","2026-01-16","2478","V1/2526/65815","CASING COVER","292119469052","200"
"204029","2026-01-16","484971.04","417","F8B04800/F8B06700","212119267254","260"
"204028","2026-01-15","13310.40","5428","DG101340","262118782526","3000"
"204027","2026-01-15","5451.60","SP/2526/57071","DT131016","222113135398","3000"
"204030","2026-01-16","30868.8","V1/2526/65814","SPRING SEAT","232119469041","400"
"204031","2026-01-16","639121.51","4560065312","DOC-S-6694-00","362168541004","120"
"204032","2026-01-16","68918.18","SP/2526/59022","PF561218","272119383053","4958"
"204032","2026-01-16","NA","CHNO-871","JL161005","NA","2000"
"204032","2026-01-16","10546.37","SP/2526/59040","DH102205","212119481854","5880"
"204033","2026-01-17","484971.04","419","F8B04800/F8B06700","262119895795","260"
"204034","2026-01-15","0","10563334","0","0","0"
"204035","2026-01-15","13570","HAPL/25-26/2810","FORMING TOOL","372167806332","1 NOS"
"204036","2026-01-18","484971.04","421","F8B04800/F8B06700","212120737957","260"
"204037","2026-01-18","1112.15","5454","DG101340","262120853360","1885"
"204038","2026-01-19","503623.76","422","F8B04800/F8B06700","232121279735","270"
"204039","2026-01-19","5000.00","278","556432408204/556432408205","NA","20"
"204040","2026-01-19","13275.00","A230","Spherical Washer","NA","15000"
"204040","2026-01-19","3540.00","587","Pin Injector For Grinding","NA","6000"
"204041","2026-01-20","503623.76","425","F8B04800/F8B06700","212122177388","270"
"204042","2026-01-20","593.40","7772","PLATE B773","NA","60"
"204043","2026-01-20","13570.00","GST255290","PLUGGING PIN(FOR TURBO","NA","5000"
"204044","2026-01-20","14485.68","SP/2526/59927","JF181473","232122263670","1100"
"204044","2026-01-20","38365.10","SP/2526/59842","PF561218","202122046944","2760"
"204045","2026-01-21","522276.50","429","F8B04800/F8B06700","242122921333","280"
"204046","2026-01-21","176660.16","SIC/2526/00447","LFB00001","282122938869","9357"
"204047","2026-01-21","1770.00","5512","DG101340","202123140360","3000"
"204048","2026-01-21","37261.19","SP/2526/60197","JY511231","292123003198","3552"
"204049","2026-01-22","140530.92","V1/2526/66053","SFSIL0006","292123400513","600"
"204050","2026-01-22","63790.80","1958/25-26","5010581/500166-17","272123572168","18000"
"204051","2026-01-22","522276.50","432","F8B04800/F8B06700","262123789710","280"
"204052","2026-01-22","19753.20","SP/2526/60481","JF181473","272123823459","1500"
"204053","2026-01-23","42551.04","SIC/2526/00452","JY511231","222124227390","4430"
"204053","2026-01-23","83638.40","SIC/2526/00451","LFB00001","252124223074","4430"
"204054","2026-01-23","522276.50","437","F8B04800/F8B06700","282124447066","280"
"204232","2026-03-05","373054.64","518","F8B04800/F8B06700","272153162687","200"
"204056","2026-01-23","67160.88","SP/2526/60652","JF181473","292124402844","5100"
"204056","2026-01-23","36254.13","SP/2526/60719","JY511231","272124631145","3456"
"204056","2026-01-23","27008.48","SP/2526/60653","PF561218","272124402864","1943"
"204057","2026-01-16","18585.00","1341/25-26","JC181024","NA","15000"
"204058","2026-01-24","540929.22","439","F8B04800/F8B06700","242125416894","290"
"204059","2026-01-25","30035.46","SIC/2526/00455","JY511231","292125750177","3127"
"204060","2026-01-25","559581.96","442","F8B04800/F8B06700","292125862980","300"
"204061","2026-01-25","26724.64","SP/2526/61134","DH102205","202125884705","14900"
"204062","2026-01-25","20000.00","876","JL161005","NA","3300"
"204063","2026-01-27","183400.00","G-0165/25-26","556432408211","272126504535","200"
"204064","2026-01-27","34011.73","SAEC/1010/25-26","3002001055/56/57","NA","190"
"204065","2026-01-25","2124","479","554940300110","0","18"
"204066","2026-01-27","36622.48","SAEC/1011/25-26","3002001055/56/57","252126761303","210"
"204067","2026-01-27","3239.81","SP/2526/61360","JL171158","232126755438","960"
"204067","2026-01-27","30288.24","SP/2526/61361","JF181473","252126755463","2300"
"204068","2026-01-25","559581.96","444","F8B04800/F8B06700","202126746165","300"
"204069","2026-01-28","33505.51","SAEC/1014/25-26","3002001055/56/57","242127421911","200"
"204070","2026-01-28","22411.74","SAEC/1016/25-26","3002001055","262127648756","150"
"204071","2026-01-28","559581.96","447","F8B04800/F8B06700","212127771099","300"
"204072","2026-01-28","25000.00","882","JL161005","NA","3300"
"204073","2026-01-28","52821.52","SP/2526/61608","PF561218","222127604631","3800"
"204073","2026-01-28","36872.64","SP/2526/61579","JF181473","242127550301","2800"
"204074","2026-01-29","96892.16","SIC/2526/00457","LFB00001","222128162352","5132"
"204075","2026-01-29","559581.96","449","F8B04800/F8B06700","282128432039","300"
"204076","2026-01-29","37261.19","SP/2526/61889","JY511231","262128501867","3552"
"204076","2026-01-29","35555.76","SP/2526/61888","JF181473","222128501836","2700"
"204077","2026-01-29","9657.12","450","50114581/50114582","0","2"
"204078","2026-01-30","1059146.76","4560066133","544247510101","362177837121","200"
"204078","2026-01-30","125911.15","4560066134","544247510244","332177842915","252"
"204079","2026-01-30","13275","A247","Spherical Washer","0","15000"
"204079","2026-01-30","3540","602","Pin injector","0","6000"
"204080","2026-01-30","559581.96","451","F8B04800/F8B06700","282129284260","300"
"204081","2026-01-31","15896.61","SIC/2526/00460","JY511231","262129869285","1655"
"204082","2026-01-31","201740.00","G-0169/25-26","556432408216","202130196257","220"
"204083","2026-01-31","22411.74","SAEC/1027/25-26","3002001055","NA","150"
"204084","2026-01-31","26337.60","SP/2526/62435","JF181473","212130200395","2000"
"204085","2026-01-30","52126.50","SP/2526/62179","PF561218","222129346179","3750"
"203839","2025-11-07","14249","A171","0","0","16100"
"203924","2025-12-02","9441.50","ABE/2025-26/28","Sealing plug","0","16850"
"203949","2025-12-07","9137","A812","0","0","900"
"203958","2025-12-13","15960","540/25-26","0","0","0"
"203960","0000-00-00","0","A210","0","0","0"
"204086","2026-02-02","671498.36","455","L8B04800/L8B06700","212130993776","360"
"204087","2026-02-02","68850.23","SAEC/1030/25-26","300201040/3002001055","242131325737","500"
"204088","2026-02-01","0","10563833","0","0","0"
"204089","2026-02-02","55308.96","SP/2526/62724","JF181473","282131449901","4200"
"204090","2026-02-02","183557.85","1391/2025-26","556432408204","262131540211","250"
"203975","0000-00-00","0","2002501921","0","0","0"
"203975","0000-00-00","0","2002501920","0","0","0"
"203941","2025-12-11","13393","IN255101043478","JR111373","372143964203","5"
"204092","2026-02-03","14000.00","GST213/25-26","Washer","NA","8000"
"204093","2026-02-03","671498.36","457","F8B04800/F8B06700","262132102953","360"
"204094","2026-02-03","155889.99","4560066357","544247510244","392180688122","312"
"204095","2026-02-03","68477.76","SP/2526/62955","JF181473","282132109976","5200"
"204096","2026-02-04","28518.24","5740","B200213700015","232132709685","2400"
"204100","2026-02-04","671498.36","459","F8B04800/F8B06700","252132814716","360"
"204101","2026-02-04","27258","HB0020252634","Y005-608257","0","01"
"204099","2026-02-02","16078.00","A251","Spherical Wasches ","NA","18167"
"204101","2026-02-04","41300","HC0202510388","Y039-ZSER-011","0","01"
"204102","2026-02-03","45000","2025-26/789","0","0","500"
"204103","2026-02-04","65844.00","SP/2526/63226","JF181473","212132910265","5000"
"204103","2026-02-04","44022.57","SP/2526/63227","PF561218","282132910295","3167"
"204104","2026-02-04","20000.00","891","JL161005","NA","3000"
"204105","2026-02-05","115111.36","SIC/252600466","LFB00001","222133478116","6097"
"204106","2026-02-05","13133.40","5771","DG101340","242133640162","3000"
"204107","2026-02-05","56625.84","SP/2526/63569","JF181473","202133746682","4300"
"204108","2026-02-05","671498.36","461","F8B04800/F8B06700","252133621483","360"
"204109","2026-02-06","25179.37","SAEC/1048/25-26","3002001040/3002001049","222134409425","191"
"204110","2026-02-06","671498.36","465","F8B04800/F8B06700","252134581805","360"
"204111","2026-02-07","179537.42","SIC/2526/00469","LFB00001","272134980941","6114"
"204112","2026-02-07","671498.36","466","F8B04800/F8B06700","292135220079","360"
"204113","2026-02-07","30580.88","SP/2526/64150","PF561218","202135219166","2200"
"204113","2026-02-07","79012.80","SP/2526/64152","JF181473","242135225813","6000"
"204113","2026-02-07","35513.28","SP/2526/64153","DH102205","282135225828","19800"
"204114","2026-02-07","22411.74","SAEC/1051/25-26","3002001055","222135189203","150"
"204115","2026-02-08","13133.40","5812","DG101340","252135725949","3000"
"204116","2026-02-07","0","As per invoice ","0","0","0"
"204117","2026-02-07","0","10564092","0","0","0"
"204118","2026-02-08","0","10564113","0","0","0"
"204119","2026-02-09","41289.43","SP/2526/64529","JY511231","292136335640","3936"
"204119","2026-02-09","39506.40","SP/2526/64494","JF181473","212136250307","3000"
"204120","2026-02-09","13021.30","SAEC/1060/25-26","3002001040","222136352268","100"
"204121","2026-02-09","81420.00","255250142503","PD591152/PD591348","202136328870","400"
"204122","2026-02-10","671498.36","468","F8B04800/F8B06700","232136639515","360"
"204123","2026-02-10","54341.57","SIC/2526/00472","LFB00001","NA","1613"
"204124","2026-02-10","22351.84","SP/2526/64751","PF561218","282136947695","1608"
"204125","2026-02-10","35046.00","SP/2526/64756","A25400020000","242136990303","30000"
"204125","2026-02-10","34338.000","SP/2526/64757","A18900020000","272136992829","30000"
"204126","2026-02-10","11205.87","SAEC/1063/25-26","3002001055","202137102299","75"
"204127","2026-02-10","2124.00","5875","DG101340","292137270816","3600"
"204128","2026-02-11","671498.36","470","F8B04800/F8B06700","252134440417","360"
"204129","2026-02-10","80782.38","4560066798","542547510107","NA","100"
"204130","2026-02-11","22411.74","SAEC/1071/25-26","3002001055","272137846129","150"
"204131","2026-02-11","5941.30","5881","METALIC BUSH","252138030262","500"
"204132","2026-02-11","5000.00","898","JL161005","NA","871"
"204133","2026-02-12","671498.36","472","F8B04800/F8B06700","272138243246","360"
"204134","2026-02-11","7111.55","SP/2526/65155","JF181473","282137922042","540"
"204134","2026-02-12","59259.60","SP/2526/65379","JF181473","212138557996","4500"
"204135","2026-02-13","671498.36","474","F8B04800/F8B06700","222139006461","360"
"204136","2026-02-13","28980.00","GST224/25-26","WASHER ","NA","18000"
"204137","2026-02-13","165431.00","2526-371","556432408204/556432408205","262139486524","400"
"204138","2026-02-13","84074.32","SIC/2526/00477","JY511231","282139402034","8753"
"204139","2026-02-13","82963.44","SP/2526/65702","JF181473","222139429134","6300"
"204140","2026-02-13","24659.05","SAEC/1075/25-26","3002001055/3002001056","212139458841","155"
"204141","2026-02-13","1,059,146.76","4560067006","544247510101","Na","200"
"204141","2026-02-13","245,826.54","4560067005","544247510244","Na","492"
"204142","2026-02-14","15290.44","SP/2526/65966","PF561218","272140126795","1100"
"204142","2026-02-14","155078.55","SP/2526/66026","JG181235","282140240816","8910"
"204142","2026-02-14","65844.00","SP/2526/65967","JF181473","292140126816","5000"
"204143","2026-02-14","1588720.14","4560067070","544247510101","Na","309"
"204143","2026-02-14","341758.82","4560067069","544247510244","Na","684"
"204144","2026-02-15","373054.64","478","F8B04800/F8B06700","282140566585","200"
"204145","2026-02-15","298443.72","479","F8B04800/F8B06700","272140566818","160"
"204146","2026-02-15","65844.00","SP/2526/66189","JF181473","232140666385","500"
"204146","2026-02-15","43091.24","SP/2526/66188","PF561218","202140665820","3100"
"204147","2026-02-15","4838.00","5953","DG101340/DH103821","212140762137","4000"
"204148","2026-02-15","0","10564415","0","0","0"
"204149","2026-02-13","21946","687","0","0","566"
"204150","2026-02-16","65844.00","SP/2526/66360","JF181473","292141263691","5000"
"204151","2026-02-16","25000.00","901","JL161005 6MM, 3MM PLATE","NA","6712"
"204152","2026-02-16","29906.36","SAEC/1083/25-26","3002001055/3002001056","22141402347","160"
"204153","2026-02-17","373054.64","481","F8B04800/F8B06700","212141686542","200"
"204154","2026-02-17","298443.72","482","F8B04800/F8B06700","212141686836","160"
"204156","2026-02-17","130220.15","SIC/2526/00481","JY511231","282142094518","8029"
"204155","2026-02-17","424800.00","8186","WELDING FIXTURE ","212141897438","1"
"204157","2026-02-17","92181.60","SP/2526/66687","JF181473","282142226179","7000"
"204158","2026-02-18","503623.76","485","F8B04800/F8B06700","252142776451","270"
"204159","2026-02-18","151040.00","SNW/72/25-26","Copper Lead Coated Scrap","212142769178","800"
"204160","2026-02-18","81420.00","255250147197","PD591152/PD591348","232142978233","400"
"204161","2026-02-18","16763.88","SP/2526/66992","PF561218","212142976301","1206"
"204161","2026-02-18","39506.40","SP/2526/66993","JF181473","202142976340","3000"
"204162","2026-02-18","25000.00","906","DJ191094,95,96","NA","3200"
"204163","0000-00-00","0","0","0","0","0"
"204164","2026-02-17","0","10564566","0","0","0"
"204165","2026-02-19","903000","GSAAC5/3380","MPM/2526017","672062347850","100"
"204166","2026-02-19","298443.72","489","F8B04800/F8B06700","232143771769","160"
"204167","2026-02-19","373054.64","488","F8B04800/F8B06700","282143770790","200"
"204168","2026-02-19","65844.00","SP/2526/67309","JF181473","292143734773","5000"
"204168","2026-02-19","44310.60","SP/2526/67328","JY511231","292143804753","4224"
"204168","2026-02-19","9118.66","SP/2526/67308","PF561218","292143734744","656"
"204169","2026-02-20","15930.00","SIC/2526/00484","JG171021","202144271157","2250"
"204170","2026-02-20","69053.60","SIC/2526/00485","JP181280","252144271181","33250"
"204171","2026-02-20","6241.28","SP/2526/67610","PF561218","232144597573","448"
"204171","2026-02-20","71111.52","SP/2526/67611","JF181473","242144597589","5400"
"204172","2026-02-21","373054.64","495","F8B04800/F8B06700","202144856459","200"
"204173","2026-02-21","298443.72","496","F8B04800/F8B06700","272144856968","160"
"204174","2026-02-21","81420.00","255250149014","PD591152/PD591348","292145331460","400"
"204175","2026-02-21","10199.92","256650158693","JE591007","0","400"
"204176","2026-02-21","65844.00","SP/2526/67923","JF181473","252145358160","5000"
"204177","2026-02-22","108893.70","SIC/2526/00488","DG171016","262145676122","3104"
"204178","2026-02-22","215295.51","SIC/2526/00487","JG171021","232145676107","13840"
"204179","2026-02-22","29802.46","SP/2526/68022","PF561218","262145655923","2144"
"204180","2026-02-23","373054.64","499","F8B04800/F8B06700","212145944251","200"
"204181","2026-02-23","298443.72","500","F8B04800/F8B06700","202145945136","160"
"204182","2026-02-22","464365.00","AF/2526/156613","FG0003","242145558361","4600"
"204183","2026-02-23","10095.00","AF/2526/156670","FG0003","202146169313","100"
"204184","2026-02-23","65844.00","SP/2526/68279","JF181473","252146489430","5000"
"204185","2026-02-23","6123.00","6123","DG101340","222146530362","1500"
"204186","2026-02-23","47046.00","6119","2000000291","212146405830","3000"
"204187","2026-02-23","77509.48","255250149679","PD591152/PD591348","252146604330","400"
"204188","2026-02-20","0","10564625","0","0","0"
"204189","2026-02-22","0","10564675","0","0","0"
"204190","2026-02-24","77509.48","255250150094","PD591152/PD591348","222147065735","400"
"204191","2026-02-24","100325.68","SIC/2526/00489","JG171021","292147159521","12564"
"204192","2026-02-24","76379.04","SP/2526/68578","JF181473","222147287199","5800"
"204193","2026-02-24","17511.20","6137","DG101340","222147358408","4000"
"204194","2026-02-25","65348.40","SIC/2526/00490","JG171020","222148056105","9230"
"204195","2026-02-25","68607.48","SIC/2526/00491","DH102198","262148056149","2389"
"204196","2026-02-25","65844.00","SP/2526/68859","JF181473","212148116394","5000"
"204197","2026-02-25","8755.60","6173","DG101340","202148188527","2000"
"204198","2026-02-26","559581.96","507","F8B04800/F8B06700","252148522283","300"
"204199","2026-02-26","671498.36","508","F8B04800/F8B06700","242148838666","360"
"204200","2026-02-17","0","11587","0","0","0"
"204201","2025-02-18","0","11528","0","0","0"
"204202","2026-02-20","0","LLPAD252649551","0","0","0"
"204202","2026-02-20","0","LLPAD252649552","0","0","0"
"204203","2026-02-26","85321.08","SIC/2526/00492","JG171020","212148767246","12051"
"204204","2026-02-26","34238.88","SP/2526/69136","JF181473","222148961896","2600"
"204204","2026-02-26","24019.89","SP/2526/69135","PF561218","262148956245","1728"
"204204","2026-02-26","65844.00","SP/2526/69134","JF181473","242148956223","5000"
"204205","2026-02-26","8755.60","6185","DG101340","252148892326","2000"
"204206","2026-02-26","66427.72","2637/25-26","501147100105","561963200011","146"
"204207","2026-02-24","0","11591","0","0","0"
"204208","2026-02-26","0","10564768","0","0","0"
"204209","2026-02-27","130356","10564799","16021533","372197968983","80"
"204210","2026-02-27","148184.68","SIC/2526/00493","JG171020","282149692555","12179"
"204211","2026-02-27","27939.80","SP/2526/69350","PF561218","282149552738","2010"
"204211","2026-02-27","131688.08","SP/2526/69352","JF181473","242149552794","10000"
"204212","2026-02-26","317774","KSC/1439","183","392198193478","0"
"204213","2026-02-28","35010.60","V1/2526/67493","FGHAE0046","212150604043","60"
"204214","2026-02-28","39678.68","V1/2526/67494","FGHAE0046","252150604058","68"
"204215","2026-02-28","110267.70","SIC/2526/00496","JP181280","282150510358","53095"
"204216","2026-02-28","80532.24","2662/25-26","501147100105","581964533996","177"
"204217","2026-02-28","1440.00","2686/25-26","JY151011","NA","1440"
"204218","2026-02-28","131688.00","SP/2526/69652","JF171473","202150521848","10000"
"204219","2026-02-28","131688.00","SP/2526/69351","JF181473","252149552768","10000"
"204220","2026-03-01","373054.64","510","F8B04800/F8B06700","212151055691","200"
"204221","2026-03-01","298443.72","511","F8B04800/F8B06700","232151058159","160"
"204222","2026-02-28","24150.00","GST234/25-26","Washer ","NA","15000"
"204223","2026-03-01","21889.00","6235","DG101340","252151257835","5000"
"204224","2026-03-02","35895.60","SAEC/1130/25-26","3002001056","282151526002","120"
"204225","2026-03-02","131688.00","SP/2526/69905","JF181473","262151689680","10000"
"204225","2026-03-02","36481.82","SP/2526/69903","DH102205","212151689614","20340"
"204225","2026-03-02","57402.37","SP/2526/69981","JY511231","262151850400","5472"
"204225","2026-03-02","35390.42","SP/2526/69902","PF561218","252151746234","2546"
"204226","2026-03-03","298443.72","516","F8B04800/F8B06700","252152128600","160"
"204227","2026-03-03","373054.64","515","F8B04800/F8B06700","232152128464","200"
"204228","2026-03-02","35895.60","SAEC/1130/25-26","3002001056","282151526002","60"
"204229","2026-03-03","58056.00","1147","INSERT ACE EDGE ","NA","2000"
"204230","2026-03-02","131688.00","SP/2526/69904","JF181473","262151689651","10000"
"204230","2026-03-03","NA","978","JL161010","NA","2000"
"204231","2026-03-03","58238","2669/25-26","501147100105","551965707278","128"
"204233","2026-03-05","298443.72","519","F8B04800/F8B06700","212153163877","160"
"204234","2026-03-05","367116.00","1712/2025-26","556432408204/556432408205","242153450062","500"
"204235","2026-03-05","131688.00","SP/2526/70734","JF181473","242153565816","10000"
"204236","2026-03-04","0","10979","0","0","0"
"204237","2026-03-06","12685","G/252607839","0","0","25"
"204238","2026-03-07","131688.00","SP/2526/71220","JF181473","292155149233","10000"
"204238","2026-03-07","22240.64","SP/2526/71217","PF561218","282155149201","1600"
"204238","2026-03-07","25000","981","JL161010/DJ151094/95/96/JF511215","NA","36175"
"204239","2026-03-07","484971.04","523","F8B04800/F8B06700","222155079629","260"
"203909","0000-00-00","0","1185","0","0","0"
"203940","0000-00-00","0","VKT/25-26/678","0","0","0"
"203915","0000-00-00","0","SD4000305739","0","0","0"
"203915","0000-00-00","0","SD4000305737","0","0","0"
"204240","2026-03-08","6342.50","6337","DH103821/DG101340","242155626038","5500"
"204241","2026-03-09","298443.72","527","F8B04800/F8B06700","242155759488","160"
"204242","2026-03-09","373054.64","526","F8B04800/F8B06700","262155758506","200"
"204243","2026-03-09","195403.80","SIC/2526/00501","JF511215","252155824312","37500"
"204244","2026-03-09","91400.46","SIC/2526/00500","DG171016","252155759650","4107"
"204245","2026-03-10","157606.85","SIC/2526/00502","DH102198/DG171016","242156883236","10263"
"204246","2026-03-10","131688.00","SP/2526/71762","JF181473","272156955109","10000"
"204246","2026-03-10","23630.68","SP/2526/71763","PF561218","292156955147","1700"
"204247","2026-03-10","11682","6399","PBT BX-01 NC","511969691917","50"
"204248","2026-03-10","4920.60","6404","DG101340/DH103821","212157140540","5400"
"204249","2026-03-10","298443.72","530","F8B04800/F8B06700","252156909142","160"
"204250","2026-03-10","373054.64","529","F8B04800/F8B06700","212156905627","200"
"204251","2026-03-11","63790.80","2467/25-26","5010581/500166","202157529366","18000"
"204252","2026-03-11","77509.48","255250157491","PD591152/PD591348","272157686972","400"
"204253","2026-03-11","106819.50","SIC/2526/00504","JF511215","262157641329","35500"
"204254","2026-03-11","16680.48","SP/2526/71980","PF561218","292157693402","1200"
"204255","2026-03-11","58410.00","SP/2526/71981","A25400020000","NA","50000"
"204256","2026-03-12","373054.64","532","F8B04800/F8B06700","282158152615","200"
"204257","2026-03-12","298443.72","533","F8B04800/F8B06700","272158152782","160"
"204258","2026-03-11","0","12223","0","0","0"
"204259","2026-03-12","18130.70","6448","DH102502/DG101340/DH103821","252158533080","9460"
"204260","2026-03-12","131688.00","SP/2526/72010","JF181473","272158467321","10000"
"204260","2026-03-12","19460.56","SP/2526/72240","PF561218","212158469390","1400"
"204263","2026-03-13","6588.00","6468","1000006647","222159244584","3000"
"204262","2026-03-12","32609.60","2745/25-26","501147100105","571970893414","60"
"204264","2026-03-13","13021.30","SAEC/1168/25-26","3002001040","212159382127","100"
"204265","2026-03-13","48913.60","2758/25-26","501147100105","501971511402","90"
"203842","0000-00-00","0","2025108178","0","0","0"
"203942","0000-00-00","0","2025109180","0","0","0"
"204266","2026-03-14","116264.22","255250159092","PD591152/PD591348","262160173343","600"
"204267","2026-03-14","32609.06","2767/25-26","501147100105","511972132812","60"
"204268","2026-03-14","65844.00","SP/2526/72724","JF181473","262160029736","5000"
"204268","2026-03-14","25020.72","SP/2526/72723","PF561218","222160029705","0"
"204269","2026-03-15","25311.00","6502","DH102502/DH103821/DG101340","262160730501","13500"
"204270","2026-03-15","373054.64","546","F8B04800/F8B06700","232160598381","200"
"204271","2026-03-15","298443.72","547","F8B04800/F8B06700","292160598925","160"
"204272","2026-03-16","116264.22","255250159649","PD591152/PD591348","222161361932","600"
"204273","2026-03-16","117109.10","V1/2526/68089","SFSIL0006","242161397074","500"
"204274","2026-03-16","57517.66","V1/2526/68088","SFSIL00127","27216139706","62"
"204275","2026-03-16","14941.16","SAEC/1175/25-26","3002001055","212161080766","100"
"204276","2026-03-16","81803.50","SP/2526/72928","JG181235","292161024940","4700"
"204276","2026-03-16","131688.00","SP/2526/72929","JF181473","252161024919","10000"
"204276","2026-03-16","25000.00","989","JL161010 6MM/3MM/DJ151094/96","NA","3765"
"204277","2026-03-17","373054.64","548","F8B04800/F8B06700","242161709831","200"
"204278","2026-03-17","298443.72","549","F8B04800/F8B06700","242161710424","160"
"204279","2026-03-16","64309.00","2816/25-26","JY151011","122374131897","960"
"204280","2026-03-16","4736","215","008027608B12","NA","1480"
"204280","2026-03-14","2900.00","FMT/25-26/PA-17","F2P00219A","NA","160"
"204281","2026-03-17","116264.22","255250160260","PD591152/PD591348","282162227954","600"
"204282","2026-03-17","19765.00","6556","DG101340/DH102592","222162310032","11000"
"204283","2026-03-17","63576.04","SIC/2526/00513","JL151035","222162082933","2200"
"204284","2026-03-17","9730.28","SP/2526/73238","PF561218","202162033373","700"
"204284","2026-03-17","131688.00","SP/2526/73237","JF171473","282162033351","10000"
"204285","2026-03-18","117109.10","V1/2526/68148","SFSIL0006","282162527601","500"
"204286","2026-03-11","9290.85","SP/2526/72006","DH102205","232162862297","5180"
"204286","2026-03-02","29190.84","SP/2526/69966","PF561218","212162828930","2100"
"204286","2026-03-02","89668.20","SP/2526/69964","DG171016","292162838197","3000"
"204287","2026-03-18","373054.64","552","F8B04800/F8B06700","202163081904","200"
"204288","2026-03-18","298443.72","553","F8B04800/F8B06700","242163082941","160"
"204289","2026-03-18","0","4686","1300 CE BEAM","NA","01"
"204290","2026-03-19","8421.00","91244390","556432100133","252163626940","25"
"204291","2026-03-18","7784.22","SP/2526/73480","PF561218","21216354545317","560"
"204292","2026-03-02","65844.00","SP/2526/69967","JF181473","252162829029","5000"
"204292","2026-03-02","65844.00","SP/2526/69968","JF181473","222162829116","5000"
"204293","2026-03-19","67995.21","SIC/2526/00515","JY511231","202163619127","7079"
"204294","2026-03-19","5358.14","SP/2526/73779","LFB00001","262163620440","960"
"204295","2026-03-19","25266.87","256650171801","JE591440/1903","362211802209","10"
"204296","2026-03-19","57796.40","SIC/2526/00514","JL151035","212163593514","2000"
"204297","2026-03-19","15472.75","6600","DH102502/DG101340/DH103821","222163595667","8600"
"204298","2026-03-19","0","10565514","0","0","0"
"204299","2026-03-20","11328.00","FMT/25-26/PA-19","Ball Pin- F2P00219 A","NA","320"
"204300","2026-03-20","373054.64","561","F8B04800/F8B06700","292164432827","200"
"204301","2026-03-20","298443.72","562","F8B04800/F8B06700","202164433500","160"
"204302","2026-03-20","57796.40","SIC/2526/00516","JL151035","202164253784","2000"
"204303","2026-03-20","407542.50","2843/25-26","BOPS018501","511975483241","900"
"204304","2026-03-21","13900.40","SP/2526/74216","PF561218","222164891931","1000"
"204305","2026-03-21","89668.20","SP/2526/74214","DG171016","252164891901","3000"
"204305","2026-03-21","131688.00","SP/2526/74215","JF181473","262164891920","10000"
"204306","2026-03-21","57796.40","SIC/2526/00518","JL151035","282165001719","2000"
"204307","2026-03-21","61596","SI/1/2526/20435","DG161180","392213322353","90000"
"204308","2026-03-22","63576.04","SIC/2526/00519","JL151035","262165497235","2200"
"204309","2026-03-23","373054.64","565","F8B04700/F8B06700","252162887909","200"
"204310","2026-03-23","298443.72","566","F8B04800/F8B06700","272165888812","160"
"204311","2026-03-23","11162.80","SP/2526/74447","LFB00001","232165803127","2000"
"204311","2026-03-23","20433.59","SP/2526/74448","PF561218","222165803740","1470"
"204312","2026-03-23","27519.96","6672","DH102502/DG101340/DH103821","232166375254","14640"
"204313","2026-03-24","63576.04","SIC/2526/00521","JL151035","222166169977","2200"
"204314","2026-03-24","109262.05","SIC/2526/00522","JY511231","282166997389","7564"
"204315","2026-03-24","194700.00","SIC/2526/00523","JG171020","212166997429","27500"
"204316","2026-03-24","131688.00","SP/2526/74690","JF171473","212166602367","10000"
"204316","2026-03-24","30000.00","1007","DJ191094/95/96/JL161003/005/JR161007","NA","8210"
"204317","2026-03-24","63576.04","SIC/2526/00524","JL151035","212167037718","2200"
"204318","2026-03-24","57065.86","2875/25-26","501147100105","541977100318","105"
"204319","2026-03-25","373054.64","569","F8B04800/F8B06700","232167442908","200"
"204320","2026-03-25","298443.72","570","F8B04800/F8B06700","272167443198","160"
"204321","2026-03-25","131688.00","SP/2526/75063","JF181473","242167860075","10000"
"204321","2026-03-25","38268.25","SP/2526/75064","JY511231","292167860153","3648"
"204322","2026-03-25","63576.04","SIC/2526/00526","JL151035","282167800268","2200"
"204323","2026-03-25","15764.80","6721","DH102502/DH103821/DG101340","232168067049","9200"
"204324","2026-03-25","32596.44","SP/2526/75093","PF561218","292167941698","2345"
"204325","2026-03-25","46739.66","2888/25-26","501147100105","591977938644","86"
"204326","2026-03-26","83015.36","SIC/2526/00528","LFB00001","262168593259","4397"
"204327","2026-03-26","144047.03","SIC/2526/00529","LCD00001/DH101648/DH102198","222168675188","3077"
"204328","2026-03-26","33082.95","SP/2526/75320","PF561218","282168700909","2380"
"204329","2026-03-26","3669.80","6733","DH103821/DG101340","262168724594","3700"
"204330","2026-03-27","559581.96","573","F8B04800/F8B06700","232169124398","300"
"204331","2026-03-27","429012.84","574","F8B04800/F8B06700","212169125014","230"
"204332","2026-03-27","63790.80","2638/25-26","5010581/500166-17","212169433904","1800"
"204333","2026-03-27","0","10565737","0","0","0"
"204334","2026-03-27","40298.71","256650176057","DH103960/DH103967","392217820754","10"
"204335","2026-03-27","3811.40","6761","DG101340/DH103821","232169760259","3100"
"204336","2026-03-27","63576.04","SIC/2526/00530","JL151035","212169456790","2200"
"204337","2026-03-28","19460.56","SP/2526/75867","PF561218","212170365245","1400"
"204337","2026-03-28","11120.32","SP/2526/75562","PF561218","232169444535","800"
"204337","2026-03-28","17936.00","SP/2526/75868","DH102205","262170365279","10000"
"204338","2026-03-27","131688.00","SP/2526/75563","JF181473","242169444583","10000"
"204338","2026-03-28","30000.00","1009","DJ191094/95/96/JL161005/003","NA","7920"
"204339","2026-03-28","4838.00","6780","DH103821/DG101340","292170562895","4000"
"204340","2026-03-29","373054.64","575","F8B04800/F8B06700","222170784584","200"
"204341","2026-03-29","298443.72","576","F8B04800/F8B06700","212170784974","160"
"204342","2026-03-28","63576.04","SIC/2526/00531","JL151305","282170385822","2200"
"204343","2026-03-28","12390.00","1668/2526","1800022934","292170272191","10000"
"204344","2026-03-29","97827.19","2949/25-26","501147100105","511980331881","180"
"204345","2026-03-29","4360.10","6803","DH103821/DG101340","262171122772","3400"
"204346","2026-03-30","373054.64","582","F8B04800/F8B06700","212171275732","200"
"204347","2026-03-30","298443.72","583","F8B04800/F8B06700","292171275992","160"
"204348","2026-03-30","57796.70","SIC/2526/00532","JL151035","272171290142","2000"
"204349","2026-03-30","76087.82","2951/25-26","501147100105","541980684193","140"
"204350","2026-03-30","159007.83","SIC/2526/00534","LFB00001","232171689041","6449"
"204351","2026-03-30","30580.88","SP/2526/76361","PF561218","222171620766","2200"
"204352","2026-03-30","3835.00","6819","DG101340/DH103821","272171888442","3350"
"204353","2026-03-30","131688.00","SP/2526/76362","JF181473","272171620802","10000"
"204353","2026-03-30","59778.80","SP/2526/76363","DG171016","222171620836","2000"
"204354","2026-03-30","57796.40","SIC/2526/00535","JL151035","282171646632","2000"
"204355","2026-03-30","73370.39","2961/25-26","501147100105","521981019880","135"
"204356","2026-03-29","27437","10565848","0000","0","00"
"204357","2026-03-25","222008","10565692","00","00","00"
"204358","2026-03-31","346215.67","255250166401","DH102430","252172522217","1001"
"204359","2026-03-31","151700.80","SIC/2526/00536","LFB00001","232172376085","8035"
"204360","2026-03-31","17375.50","SP/2526/76554","PF561218","272172373062","1250"
"204361","2026-03-31","20800.00","A289","Spherical Washer","NA","20000"
"204362","2026-03-29","23075.00","3054/25-26","DH181115","NA","960"
"204362","2026-03-29","23075.00","3049/25-26","DH181115","NA","960"
"204362","2026-03-29","23075.00","3053/25-26","DH181115","NA","960"
"204362","2026-03-29","23075.00","3060/25-26","DH181115","NA","960"
"204362","2026-03-29","23075.00","3061/25-26","DH181115","MA ","960"
"204362","0000-00-00",,,,,
"204363","2026-03-31","43347.30","SIC/2526/00538","JL151035","212172514957","1500"
"204364","2026-04-01","373054.64","1","F8B04800/F8B06700","262173002807","200"
"204365","2026-04-01","298443.72","2","F8B04800/F8B06700","232173003236","160"
"204366","2026-04-01","70265.46","V1/2627/68711","SFSIL0006","292173341697","300"
"204367","2026-03-31","NA","10740","NA","NA","NA"
"204368","2026-03-30","NA","135663","NA","NA","5"
"204368","2026-03-30","NA","122594","NA","NA","9"
"204369","2026-03-31","0","10910","NA","NA","0"
"204370","2026-04-01","10472.50","11","DH103821/DG101340","202173439205","8300"
"204371","2026-04-02","15340.00","SP/2627/00090","PF511613","242173625244","2500"
"204371","2026-04-02","11120.32","SP/2627/0063","PF561218","282173603804","800"
"204372","2026-04-02","93687.28","V1/2627/68738","SFSIL0006","272173740306","400"
"204373","2026-04-02","373054.64","4","F8B04800/F8B06700","222173923481","200"
"204374","2026-04-02","298443.72","5","F8B04800/F8B06700","202173924149","160"
"204375","2026-04-02","10000.00","1022","JL161005/003","NA","2000"
"202780","2025-04-15","NA","10017","NA","NA","NA"
"202911","2025-04-19","NA","11101","NA","NA","NA"
"202917","2025-04-23","NA","11102","NA","NA","NA"
"202912","2025-05-05","NA","11142","NA","NA","NA"
"202913","2025-05-07","NA","11134","NA","NA","NA"
"202915","2025-05-10","NA","11135","NA","NA","NA"
"202914","2025-05-09","NA","11143","NA","NA","NA"
"202916","2025-05-11","NA","11144","NA","NA","NA"
"202919","2025-05-14","NA","11145","NA","NA","NA"
"202933","2025-05-16","NA","11146","NA","NA","NA"
"202962","2025-05-21","NA","11147","NA","NA","NA"
"202963","2025-05-22","NA","11148","NA","NA","NA"
"202977","2025-05-25","NA","11150","NA","NA","NA"
"203000","2025-05-30","NA","11153","NA","NA","NA"
"203016","2025-06-03","NA","11161","NA","NA","NA"
"203052","2025-06-06","NA","11162","NA","NA","NA"
"203056","2025-06-11","NA","11232","NA","NA","NA"
"203168","2025-07-08","NA","11164","NA","NA","NA"
"203199","2025-07-11","NA","11165","NA","NA","NA"
"203344","2025-08-04","NA","11412","NA","NA","NA"
"203489","2025-08-29","NA","11414","NA","NA","NA"
"203497","2025-08-30","NA","11415","NA","NA","NA"
"203512","2025-09-02","NA","11290","NA","NA","NA"
"203513","2025-09-02","NA","11289","NA","NA","NA"
"203525","2025-09-06","NA","11510","NA","NA","NA"
"203524","2025-09-05","NA","11559","NA","NA","NA"
"203523","2025-09-05","NA","11558","NA","NA","NA"
"203859","2025-09-09","NA","11554","NA","NA","NA"
"203636","2025-09-24","NA","11564","NA","NA","NA"
"203635","2025-09-24","NA","11565","NA","NA","NA"
"203705","2025-10-08","NA","11572","NA","NA","NA"
"203711","2025-10-09","NA","11418","NA","NA","NA"
"203721","2025-10-09","NA","11417","NA","NA","NA"
"203731","2025-10-15","NA","11439","NA","NA","NA"
"203756","2025-10-20","NA","10722","NA","NA","NA"
"203755","2025-10-20","NA","10723","NA","NA","NA"
"203763","2025-10-26","NA","11156","NA","NA","NA"
"203862","2025-11-18","NA","11576","NA","NA","NA"
"203913","2025-11-20","NA","NA","NA","NA","NA"
"203914","2025-11-20","NA","NA","NA","NA","NA"
"203389","2025-08-06","NA","11279","NA","NA","NA"
"203390","2025-08-06","NA","11279","NA","NA","NA"
"203561","2025-09-07","NA","11513","NA","NA","NA"
"203560","2025-09-07","NA","11512","NA","NA","NA"
"203569","2025-09-07","NA","11511","NA","NA","NA"
"203634","2025-09-22","NA","11562","NA","NA","NA"
"203633","2025-09-22","NA","11563","NA","NA","NA"
"203659","2025-09-26","NA","11598","NA","NA","NA"
"203679","2025-09-26","NA","11597","NA","NA","NA"
"203678","2025-09-29","NA","10602","NA","NA","NA"
"203677","2025-09-29","NA","11580","NA","NA","NA"
"203676","2025-09-29","NA","11579","NA","NA","NA"
"203703","2025-10-05","NA","11570","NA","NA","NA"
"203747","2025-10-14","NA","11421","NA","NA","NA"
"203746","2025-10-14","NA","11420","NA","NA","NA"
"203785","2025-10-29","NA","10727","NA","NA","NA"
"203879","2025-11-17","NA","10680","NA","NA","NA"
"203880","2025-11-17","NA","10681","NA","NA","NA"
"203881","2025-11-17","NA","10682","NA","NA","NA"
"203882","2025-11-17","NA","10683","NA","NA","NA"
"203883","2025-11-17","NA","10684","NA","NA","NA"
"203888","2025-11-21","NA","11422","NA","NA","NA"
"203904","2025-11-22","NA","10823","NA","NA","NA"
"203917","2025-11-26","NA","10838","NA","NA","NA"
"203918","2025-11-24","NA","11515","NA","NA","NA"
"203919","2025-11-24","NA","11516","NA","NA","NA"
"203925","2025-11-29","NA","10697","NA","NA","NA"
"203931","2025-11-24","NA","11514","NA","NA","NA"
"203932","2025-11-29","NA","10696","NA","NA","NA"
"203933","2025-11-26","NA","10840","NA","NA","NA"
"203934","2025-11-26","NA","10839","NA","NA","NA"
"203947","2025-12-08","NA","10878","NA","NA","NA"
"204376","2026-04-03","373054.64","8","F8B04800/F8B06700","262174605999","200"
"204377","2026-04-03","298443.72","9","F8B04800/F8B06700","222174607331","160"
"204378","2026-04-02","20578","10565921","00","00","00"
"204379","2026-04-03","57796.40","SIC/2627/00002","JL151035","272174531684","2000"
"204380","2026-04-03","29190.84","SP/2627/00452","PF561218","252174608883","2100"
"204381","2026-04-03","131688.00","SP/2627/00454","JF181473","242174608905","10000"
"204382","2026-04-03","9044.77","59/26-27","DG101340/DH103821","282174718800","6300"
"204383","2026-03-28","38459","2989/25-26","DH181115","NA","1600"
"204384","2026-04-03","57796.40","SIC/2627/00003","JL151035","202174531708","2000"
"204385","2026-03-31","33797.09","11750","NA","NA","1632"
"204386","2026-04-04","57796.40","SIC/2627/00005","JL151035","252175220941","2000"
"204387","2026-04-04","373054.64","11","F8B04800/F8B06700","202175305243","200"
"204388","2026-04-04","298443.72","12","F8B04800/F8B06700","242175305948","160"
"204389","2026-04-04","30211.78","SP/2627/00746","JY511231","212175270449","2880"
"204390","2026-04-05","25020.72","SP/2627/00868","PF561218","NA","1800"
"204391","2026-04-05","NA","27","DJ191094/95/96/JL161005/003","NA","8120"
"204392","2026-04-05","31591.55","90/26-27","DH102502/DG101340/DH103821","212175771843","17950"
"204393","2026-04-02","00","12113","00","00","1920"
"204394","2026-03-05","34296","10566041","00","00","00"
"204395","2026-04-04","27437","10566076","00","00","00"
"204396","2026-04-06","25096.81","SIC/2627/00009","LCD00001","242176279345","4154"
"204397","2026-04-06","24986.50","SAEC/016/26-27","3002001040/1056","212176308624","160"
"204398","2026-04-06","559581.96","15","F8B04800/F8B06700","222176454016","300"
"204399","2026-04-06","57796.40","SIC/2627/00006","JL151035","222176178327","2000"
"204400","2026-04-06","72245.50","SIC/2627/00007","JL151035","212176178353","2500"
"204401","2026-04-07","21406.62","SP/2627/01261","PF561218","272176903724","1540"
"204402","2026-04-07","30208.00","SIC/2627/00010","LCD00001","202177074133","5000"
"204403","2026-04-07","559581.96","16","F8B04800/F8B06700","232177204004","300"
"204404","2026-04-07","22958.08","SP/2627/01345","DH102205","252177087188","12800"
"204404","2026-04-07","131688.00","SP/2627/01344","JF181473","232177087153","10000"
"204405","2026-04-07","30208.00","138/26-27","DH102502/DH103821/DG101340","252177226653","17600"
"204406","2026-04-07","63576.04","SIC/2627/00012","JL151035","272177195797","2200"
"204407","2026-03-30","83940.00","3073/25-26","BOLT SOCKET ","132386966082","14400"
"204408","2026-04-07","25960","393200215","00","00","00"
"204409","2026-03-26","24331.84","2910/25-26","FE8001","591978816451","60"
"204410","2026-04-08","5722.00","SIC/2627/00015","DH102198","222177788013","5722"
"204411","2026-04-08","559581.96","17","F8B04800/F8B06700","262177860256","300"
"204412","2026-04-08","14006.90","SP/2627/01677","DJ191093","222177888355","525"
"204413","2026-04-08","31210.91","SP/2627/01678","JR161033","242177888377","1008"
"204414","2025-10-30","0","1003100364","NA","0","NA"
"204415","2026-04-08","63576.04","SIC/2627/00013","JL151035","222177757042","2200"
"204416","2026-04-07","34296","10566217","00","00","00"
"204417","2026-04-09","140423.14","265250003621","DH102430","252178354742","406"
"204418","2026-04-08","135847.50","68/26-27","BOPS018501","501985822840","300"
"204418","2026-04-08","142060.20","70/26-27","BOPS020801","561985832991","300"
"204419","2026-04-08","12390.00","29/26-27/U1","JC181024","252177913713","10000"
"204420","2026-04-09","20874.20","176/26-27","DH102502/DG101340/DH103821","212178526659","12400"
"204421","2026-04-09","41524","2026-27/081","SD-1541","382226661042","600"
"204422","2026-04-09","35784.40","SIC/2627/00016","LCD00001","212178527719","5923"
"204423","2026-04-09","64538.92","SIC/2627/00017","DG171016","282178527749","2900"
"204424","2026-04-09","48206.59","SP/2627/01897","PF561218","242178511881","3468"
"204425","2026-04-09","00","82/26-27","FE8001","00","200"
"204426","2026-04-10","55958196.","19","F8B04800/F8B06700","222178929752","300"
"204427","2026-04-08","34296","10566272","00","00","00"
"204517","2026-04-23","21930.35","SP/2627/05248","DH102205","222188042205","12227"
"204429","2026-04-10","13535.78","SAEC/032/26-27","3002001049","292179329697","100"
"204430","2026-04-10","11355.54","SP/2627/02224","JL161005","262179446616","1278"
"204431","2026-04-10","1109.20","SP/2627/02226","DJ191096","232179446646","1000"
"204431","2026-04-10","10450.08","SP/2627/02227","DJ191094","242179446665","1200"
"204431","2026-04-10","1427.80","SP/2627/02223","DJ191095","232179438432","1000"
"204431","2026-04-10","131688.00","SP/2627/02222","JF181473","262179438402","10000"
"204432","2026-04-10","63576.04","SIC/2627/00019","JL151035","222179298721","2200"
"204433","2026-04-11","559581.96","20","F8B04800/F8B06700","272179688381","300"
"204434","2026-04-10","23630.68","SP/2627/02228","PF561218","242179472011","1700"
"204435","2026-04-10","239239.10","SIC/2627/00020","DG171016","292179315641","10750"
"204436","2026-04-11","12390.00","198/26-27","18100013469/18100013205/DH 101166-02","222179775435","5300"
"204437","2026-04-10","20409.52","SIC/2627/00021","LCD00001","232179760588","3203"
"204438","2026-04-11","41524","2026-27/118","1541","352228063656","600"
"204439","2026-04-11","28328.85","211/26-27","DH103821/DH102502/DG101340","222180237515","15150"
"204440","2026-04-11","63576.04","SIC/2627/00023","JL151035","202180074370","2200"
"204441","2026-04-12","20303.67","SAEC/038/26-27","3002001049","262180494196","150"
"204442","2026-04-13","63576.04","SIC/2627/00024","JL151035","262180727980","2200"
"204443","2026-04-12","38586.00","V1/2627/69143","10050167","232180554219","500"
"204444","2026-04-13","12980.00","217/26-27","1800013205/DH 101166-02","292180757746","4600"
"204445","2026-04-13","85207.80","215/26-27","JE591342","232180746353","3000"
"204445","2026-04-13","85207.80","216/26-27","DH102502","272180746412","3000"
"204446","2026-04-13","38410.42","SIC/2627/00025","LCD00001","242180857038","6028"
"204447","2026-04-10","53760","11062","00","00","00"
"204448","2026-04-12","20578","10566349","00","00","00"
"204449","2026-04-13","46303.20","V1/2627/69175","10050167","222181150790","600"
"204450","2026-04-13","27080.00","SP/2627/02764","DJ191093","262181096748","1015"
"204450","2026-04-13","5219.14","SP/2627/02765","JR161007","242181096768","100"
"204450","2026-04-13","12439.56","SP/2627/02766","JL161005","292181096804","1400"
"204451","2026-04-13","92889.60","SP/2627/02763","JR161033","252181096716","3000"
"204452","2026-04-13","63576.04","SIC/2627/00027","JL151035","252181048759","2200"
"204453","2026-04-11","560500","11831","00","00","00"
"204454","2026-04-14","20650.00","245/26-27","18100013469/13205/DH 101166-02/","202181562986","9000"
"204455","2026-04-14","373054.64","25","F8B04800/F8B06700","272181826081","200"
"204456","2026-04-14","298443.72","26","F8B04800/F8B06700","212181826885","160"
"204457","2026-04-14","70636.64","SIC/2627/00029","JY511231","272181686331","7354"
"204458","2026-04-14","36255.50","249/26-27","DH102502/DH103821/DG101340","272181974096","20500"
"204459","2026-04-14","43347.30","SIC/2627/00031","JL151035","222181876250","1500"
"204460","2026-04-15","7645.22","SP/2627/03220","PF561218","282182243477","550"
"204461","2026-04-14","106719.20","SP/2627/02987","DJ191093","222181688428","4000"
"204461","2026-04-14","131688.00","SP/2627/02986","JF181473","212181688412","10000"
"204462","2026-04-11","24780.00","39/26-27/U1","JC181024","262180052303","20000"
"204463","2026-04-15","83651.99","SIC/2627/00033","LCD00001","242182482276","13846"
"204464","2026-04-15","20544.98","SIC/2627/00034","DH102198","292182482297","2300"
"204465","2026-04-15","19460.56","SP/2627/03289","PF561218","222182546985","1400"
"204466","2026-04-15","85207.80","268/26-27","JE591342","292182494573","3000"
"204466","2026-04-15","85207.80","269/26-27","DH102502","212182494582","300"
"204467","2026-04-15","14160.00","264/26-27","DH 101166-02/1800013205","222182305399","5500"
"204468","2026-04-15","00","CHALLAN NO - 3549","LINK LH-8211/RH-8216","NA","10"
"204469","2026-04-15","121659.18","132/26-27","FE8001","501989279604","300"
"204470","2026-04-16","13535.78","SAEC/052/26-27","3002001049","282182551495","100"
"204471","2026-04-14","24746.96","11634","PF581466","00","1400"
"204471","2026-04-14","27832.90","11919","PD581451","00","1344"
"204472","2026-04-16","6484.10","286/26-27","DH103821/DG101340","272183304291","4900"
"204473","2026-04-16","9440.00","275/26-27","1800013205/DH 101166-02","282182991688","3500"
"204474","2026-04-16","41360.79","SIC/2627/00035","LCD00001","202183136437","6846"
"204475","2026-04-16","66764.40","SIC/2627/00036","DG171016","222183141284","3000"
"204476","2026-04-16","25020.72","SP/2627/03531","PF561218","282183199096","1800"
"204477","2026-04-16","8360.06","SP/2627/03570","DJ191094","282183271448","960"
"204477","2026-04-16","11422.40","SP/262703571","DJ191095","282183271464","8000"
"204477","2026-04-16","5277.93","SP/2627/03572","JL161005","202183271486","594"
"204477","2026-04-16","65844.00","SP/2627/03593","JF181473","222183305781","5000"
"204478","2026-04-16","373054.64","31","F8B04800/F8B06700","202183415084","200"
"204479","2026-04-16","298443.72","32","F8B04800/F8B06700","222183415853","160"
"204480","2026-04-18","373054.64","35","F8B04800/F8B06700","252184433585","200"
"204481","2026-04-18","298443.72","36","F8B04800/F8B06700","262184434226","160"
"204482","2026-04-18","5219.14","SP/2627/04154","JR161007","272184762472","100"
"204482","2026-04-18","65844.00","SP/2627/04184","JF181473","212184801751","5000"
"204483","2026-04-18","26154.70","321/26-27","DG101340/DH103821/DH102502","262184859995","14300"
"204484","2026-04-18","14750.00","308/26-27","18100013469/DH 101166-02/1800013205","272184546805","6000"
"204486","2026-04-19","6264.21","SP/2627/04332","JL161005","NA","705"
"204485","2026-04-19","38101.00","SP/2627/04331","PF561218","NA","2741"
"204487","2026-04-19","85207.80","325/26-27","DH102502","282185284332","3000"
"204487","2026-04-19","324/26-27","324/26-27","JE591342","262185283106","3000"
"204488","2026-04-20","17110.08","328/26-27","18100013469/DH 101166-02/180013205","272185570692","7500"
"204489","2026-04-18","27357","10913","00","00","00"
"204490","2026-03-31","32155.00","3138/25-26","JY151011","NA","480"
"204491","2026-04-20","4661.00","347/26-27","DG101340/DH103821","272186009252","3700"
"204492","2026-04-20","750000","MTR/2627_7454","COMNT3980","332233884075","02"
"204493","2026-04-20","373054.64","37","F8B04800/F8B06700","292186044192","200"
"204494","2026-04-20","298443.72","38","F8B04800/F8B06700","202186044674","160"
"204495","2026-04-20","11162.80","SP/2627/04532","LFB00001","202185986083","2000"
"204496","2026-04-21","60567.04","SIC/2627/00041","LFB00001","252186584810","3208"
"204497","2026-04-21","60087.96","SIC/2627/00040","DG171016","282186580916","2700"
"204498","2026-04-21","10620.00","354/26-27","DH 101166-02/1800013205","222186364213","3800"
"204499","2026-04-21","8751.72","Y2/26-27/18003","DIFF CASE 65","292184936961","6"
"204500","2026-04-21","33360.96","SP/2627/04733","PF561218","292186563121","2400"
"204501","2026-04-21","65844.00","SP/2627/04734","JF181473","222186563146","5000"
"204502","2026-04-19","7250.00","FMT/2627/PA-01","F2P00219A","NA","400"
"204503","2026-04-22","21682.50","366/26-27","DH102502","262187035167","10500"
"204504","2026-04-20","12661","10566792","00","00","00"
"204504","2026-04-20","00","10566793","00","00","00"
"204505","2026-04-22","31411.60","SP/2627/05008","JL151035","232187348714","5324"
"204505","2026-04-22","7996.86","SP/2627/05048","JL161005","212187402717","900"
"204506","2026-04-22","8663.27","SP/2627/05009","JL161005","202187348728","975"
"204507","2026-04-22","58410.00","SP/2627/05011","A25400020000","262187348742","50000"
"204508","2026-04-22","40238.00","SIC/2627/00042","JF511215","202187386207","13750"
"204509","2026-04-22","133151.20","SIC/2627/00045","JF511215","272187389687","45500"
"204510","2026-04-22","43347.30","SIC/2627/00044","JL151035","242187313111","1500"
"204511","2026-04-23","373054.64","39","F8B04800/F8B06700","292187718775","200"
"204512","2026-04-23","298443.72","40","F8B04800/F8B06700","242187718882","160"
"204513","2026-04-23","23600.00","386/26-27","18100013469/1800013205/DH 101166-02","262187761134","10100"
"204514","2026-04-23","113610.40","385/26-27","DH102502","252187761131","4000"
"204514","2026-04-23","113610.40","384/26-27","JE591342","252187761128","4000"
"204515","2026-04-23","146437.01","SIC/2627/00047","LCD00001","222188016718","18308"
"204516","2026-04-23","84886.50","SIC/2627/00048","DH102198","252188016746","9503"
"204517","2026-04-23","50041.54","SP/2627/05252","PF561218","202188042353","3600"
"204517","2026-04-23","6655.20","SP/262705251","DJ191096","232188042323","6000"
"204517","2026-04-23","8566.80","SP/2627/05250","DJ191095","282188042290","6000"
"204517","2026-04-23","6270.05","SP/2627/05249","DJ191094","212188042260","720"
"204518","2026-04-22","32341.00","89/26-27","JY151011","NA","480"
"204519","2026-04-23","6198.54","391/26-27","DG101340/DH103821","272188150628","5760"
"204520","2026-04-24","426180.60","208/26-27","12020573","571993845744","900"
"204521","2026-04-24","11162.80","SP/2627/05559","LFB00001","202188887811","2000"
"204522","2026-04-24","84620.00","104/26-27","LAC00059","142409835659","14400"
"204523","2026-04-24","57796.40","SIC/2627/00049","JL151035","262188815360","2000"
"204524","2026-04-23","27437","10566948","00","00","00"
"204524","2026-04-23","13718","10566947","00","00","00"
"204525","2026-04-25","73729.52","SIC/2627/00052","JY511231","262189573818","7676"
"204526","2026-04-25","80117.28","SIC/2627/00051","DG171016","282189573801","3600"
"204527","2026-04-24","42963.80","SP/2627/05517","JL151035","222188806247","7282"
"204527","2026-04-25","11357.20","SP/2627/05733","JL151035","262189447807","1925"
"204528","2026-04-25","21682.50","417/26-27","DH102502","282189584395","10500"
"204528","2026-04-25","19470.00","416/26-27","DH 101166-02/18100013469/1800013205","202189584388","8500"
"204529","2026-04-23","25676.80","SI/1/2627/01580","DK151082","362236166784","2000"
"204530","2026-04-25","12206.00","A23","X3108815","NA","4650"
"204531","2026-04-25","57796.40","SIC/2627/00053","JL151035","212189571338","2000"
"204532","2026-04-25","4472.20","419/26-27","DG101340/DH103821","292189753167","3800"
"204533","2026-04-25","15481.60","SP/2627/05807","JR161033","282189629302","500"
"204533","2026-04-25","13328.10","SP/2627/05805","JL161005","212189629273","1500"
"204533","2026-04-25","16007.88","SP/2627/05806","DJ191093","272189629284","600"
"204534","2026-04-26","373054.64","47","F8B04800/F8B06700","262189990161","200"
"204535","2026-04-26","298443.72","48","F8B04800/F8B06700","212189990517","160"
"204536","2026-04-26","57796.40","SIC/2627/00054","JL151035","272190049611","2000"
"204537","2026-04-24","76464","10164","00","00","00"
"204538","2026-04-26","19470","1056762","00","00","00"
"204539","2026-04-27","39821.53","SIC/2627/00055","DH102198","272190385838","4458"
"204540","2026-04-27","11800.00","435/26-27","1800013205/DH 101166-02","272190475311","4400"
"204541","2026-04-27","55952.64","G-012/26-27","556432408216/11","272190721384","400"
"204542","2026-04-27","63576.04","SIC/2627/00057","JL151035","222190618052","2200"
"204543","2026-04-28","373054.64","52","F8B04800/F8B06700","282191340219","200"
"204544","2026-04-28","298443.72","53","F8B04800/F8B06700","242191342549","160"
"204545","2026-04-28","65192.88","SP/2627/06262","PF561218","232191155296","4690"
"204546","2026-04-28","6525.40","450/26-27","DH103821/DG101340","202191604971","5600"
"204547","2026-04-28","21682.50","449/26-27","DH102502","222191383076","10500"
"204547","2026-04-28","23600.00","448/26-27","181000013469/1800013205/DH 101166-02","272191328634","9600"
"204548","2026-04-28","63576.04","SIC/2627/00058","JL151035","282191358973","2200"
"204549","2026-04-27","284120.40","234/26-27","12020573","812986276350","408"
"204550","2026-04-28","NA","NA","NA","0","NA"
"204551","2026-04-28","52816.80","258/26-27","550147600104","541996141640","120"
"204552","2026-04-29","63790.80","265/26-27","5010581/500166-17","262191982668","18000"
"204553","2026-04-29","25704","26-27/0056","00","00","284"
"204554","2026-04-29","5581.40","SP/2627/06584","LFB00001","282192048648","1000"
"204554","2026-04-29","281961.00","SP/2627/06520","JG181235","212191890375","16200"
"204554","2026-04-29","72763.52","SP/2627/06521","JR161033","272191890399","2350"
"204554","2026-04-29","40019.70","SP/2627/06519","DJ191093","222191890349","40019.70"
"204555","2026-04-29","NA","NA","NA","NA","NA"
"204556","2026-04-29","63576.04","SIC/2627/00060","JL151035","242192188591","2200"
"204557","2026-04-27","431526","10856","00","202190875622","00"
"204558","2026-04-30","71103.59","SIC/2627/00062","LCD00001","242192823605","11769"
"204559","2026-04-30","30272.58","SIC/2627/00061","DH102198","282192823579","3389"
"204560","2026-04-30","5581.40","SP/2627/06742","LFB00001","272192616822","1000"
"204561","2026-04-30","15340.00","482/26-27","1800013205","292192896488","5200"
"204562","2026-04-30","85207.80","484/26-27","DH102502","292192912924","3000"
"204562","2026-04-30","85207.80","483/26-27","JE591342","232192912913","3000"
"204563","2026-04-30","4696.40","488/26-27","DG101340/DH103821","272193196518","4600"
"204564","2026-05-01","43347.30","SIC/2627/00064","JL151035","242193606878","1500"
"204565","2026-04-29","66021.00","271/26-27","550147600104","551996779949","150"
"204566","2026-05-01","35000","SI/1/2627/00005","JS00010","NA","04"
"204567","2026-05-02","373054.64","54","F8B04800/F8B06700","222193858428","200"
"204568","2026-05-02","298443.72","55","F8B04800/F8B06700","242193859092","160"
"204569","2026-04-28","00","11929","00","00","00"
"204570","2026-04-29","112058.70","10222","00","00","540"
"204571","2026-04-02","25960","HAPL/26-27/311","DS161091","352242193885","4000"
"204572","2026-05-02","12182.20","SAEC/098/26-27","3002001049","212194032440","90"
"204573","2026-05-02","127440.00","SIC/2627/00065","JG171020","292194010437","18000"
"204574","2026-05-02","366801.00","G-021/26-27","556432408216/11","262194148771","400"
"204575","2026-05-02","5597.80","SP/2627/07136","JL161005","222194042752","630"
"204575","2026-05-02","30580.88","SP/2627/07137","PF561218","252194042780","2200"
"204576","2026-05-02","63576.04","SIC/2627/00066","JL151035","282194010489","2200"
"204577","2026-04-30","13718","10567234","00","00","00"
"204578","2026-05-03","16242.94","SAEC/102/26-27","3002001049","272194584697","120"
"204579","2026-05-03","63576.04","SIC/2627/00067","JL151035","212194557365","2200"
"204580","2026-05-04","18880.00","526/26-27","1800013205","262194890827","6400"
"204581","2026-05-04","226560.00","SIC/2627/00069","JG171020","242195050606","32000"
"204582","2026-05-04","23316.80","SP/2627/07562","DH102205","232195065016","13000"
"204582","2026-05-04","41701.20","SP/2627/07563","PF561218","282195065040","3000"
"204583","2026-05-04","63576.04","SIC/2627/00070","JL151035","262195092224","2200"
"204584","2026-05-04","5723.00","531/26-27","DG101340/DH103821","212195267492","5500"
"204585","2026-05-05","34059.00","PTT-26/27-011","6100125604/05/02/06","NA","4"
"204586","2026-05-05","152887.60","SIC/2627/00071","LCD00001/DH102555","202195735392","23923"
"204587","2026-05-05","45082.42","SIC/2627/00072","LCD00001","222195736375","7462"
"204587","2026-05-05","16025.08","SIC/2627/00073","DH102198","202195755882","1794"
"204588","2026-04-30","84620.00","142/26-27","LAC00059","142415668515","14400"
"204588","2026-04-30","84620.00","143/26-27","LAC00059","172415670337","14400"
"204589","2026-05-05","21682.50","540/26-27","DH102502","252195860222","10500"
"204590","2026-05-05","52605.34","SP/2627/07756","DG171016","232195586591","1760"
"204590","2026-05-05","5581.40","SP/2627/07871","LFB00001","252195857646","1000"
"204590","2026-05-05","1466.09","SP/2627/07757","JL161005","232195586629","165"
"204591","2026-05-05","63576.04","SIC/2627/00074","JL151035","282195993907","2200"
"204592","2026-04-04","18585.00","125/26-27/U1","JC181024","272195302241","15000"
"204593","2026-05-06","4336.50","554/26-27","DH103821/DG101340","232196601749","4200"
"204594","2026-05-06","14160.00","553/26-27","1800013205","282196540421","4800"
"204595","2026-05-06","66684.16","SIC/2627/00076","LFB00001","222196585549","3532"
"204596","2026-05-06","29889.40","SP/2627/08050","DG171016","262196490683","1000"
"204596","2026-05-06","33360.96","SP/2627/08048","PF561218","242196490661","2400"
"204597","2026-05-06","29471.68","V1/2627/70035","SFSIL0104","222196741170","100"
"204598","2026-05-06","63576.04","SIC/2627/00077","JL151035","272196599446","2200"
"204599","2026-05-07","373054.64","58","F8B04800/F8B06700","282196925743","200"
"204600","2026-05-07","298443.72","59","F8B04800/F8B06700","272196925993","160"
"204601","2026-05-04","1000","I","NA","NA","1"
"204602","2026-05-07","11800","HAPL/26-27/370","PF591499","382245549068","2000"
"204603","2026-05-07","36249.60","SIC/2627/00078","LCD00001","262197159808","6000"
"204604","2026-05-07","8850","SP/2627/08270","JL151035","252197195461","1500"
"204605","2026-05-07","13328.10","SP/2627/08271","JL161005","232197195481","1500"
"204606","2026-05-08","26172.52","SIC/2627/00080","DH102198","212197875842","2930"
"204607","2026-05-08","63576.04","SIC/2627/00081","JL151035","202198030380","2200"
"204608","2026-05-08","29190.84","SP/2627/06612","PF561218","262198050951","2100"
"204609","2026-05-08","3740.60","585/26-27","DH103821/DG101340","NA","3400"
"204610","2026-05-08","5900.00","584/26-27","1800013205","NA","2000"
"204611","2026-05-08","213090.30","347/26-27","12020573","502001341615","450"
"204612","2026-05-05","153182","12117","00","00","00"
"204613","2026-05-09","85207.80","605/26-27","JE591342","282198668776","3000"
"204613","2026-05-09","85207.80","606/26-27","DH102502","252198668805","3000"
"204614","2026-05-09","18585.00","607/26-27","DH102502","232198668809","9000"
"204615","2026-05-09","77172","26-27/10080","B6C-C-5720","NA","6"
"204616","2026-05-09","26500.00","CHALLAN NO - 32","HARDEND WASHER 13","NA","10000"
"204617","2026-05-09","169990.80","SIC/2627/00083","DH102555","292198706475","24000"
"204618","2026-05-09","5581.40","SP/2627/08792","LFB00001","242198442305","1000"
"204618","2026-05-09","11162.80","SP/2627/08893","LFB00001","202198735667","2000"
"204619","2026-05-09","119557.60","SP/2627/08796","DG171016","212198483826","4000"
"204620","2026-05-09","63576.04","SIC/2627/00082","JL151035","232198605848","2200"
"204833","2026-06-08","13133.40","1212/26-27","DG101340","232219125803","3000"
"204622","2026-05-10","13536.08","610/26-27","B2004187700215","222199178119","875"
"204623","2026-05-10","6270.05","SP/2627/09057","DJ191094","272199099055","720"
"204623","2026-05-10","8566.80","SP/2627/09058","DJ191095","282199099061","6000"
"204623","2026-05-10","2218.40","SP/2627/09059","DJ191096","262199099065","2000"
"204624","2026-05-10","63576.04","SIC/2627/00085","JL151035","222199111664","2200"
"204832","2026-06-08","92474.24","SIC/2627/00149","JL151035","282218918957","3200"
"204626","2026-05-08","52038","10150","00","00","00"
"204627","2026-05-08","194736.82","10149","00","00","00"
"204628","2026-05-08","87130.00","DC/2627/4442","SFFT0236","222198250697","100"
"204629","2026-05-11","18880.00","623/26-27","1800013205/DH 101166-02","272199449304","7400"
"204630","2026-05-11","2991.30","639/26-27","DG101340/DH103821","262199887501","3600"
"204631","2026-05-11","63576.04","SIC/2627/00087","JL151035","222199646012","2200"
"204632","2026-05-11","203771.25","373/26-27","BOPS018501","572002449881","450"
"204633","2026-05-12","373054.64","70","F8B04800/F8B06700","232200082591","200"
"204634","2026-05-12","298443.72","71","F8B04800/F8B06700","29844372","160"
"204635","2026-05-12","20450.82","SIC/2627/00089","LCD00001","212200082454","3385"
"204636","2026-05-12","45690.28","SIC/2627/00088","DH102198","282200082439","5115"
"204831","2026-05-31","NA","AS PER INVOICE","NA","NA","NA"
"204829","2026-05-31","NA","AS PER EXCEL REPORT","NA","0","NA"
"204830","2026-05-31","NA","AS PER EXCEL REPORT","NA","NA","NA"
"204639","2026-05-12","85207.80","659/26-27","DH102502","292200334599","3000"
"204639","2026-05-12","85207.80","658/26-27","JE591342","232200334591","3000"
"204640","2026-05-12","15487.50","660/26-27","DH102502","262200340865","7500"
"204641","2026-05-12","5581.40","SP/2627/09516","LFB00001","292200480256","1000"
"204641","2026-05-12","34472.99","SP/2627/09515","PF561218","202200480233","2480"
"204642","2026-05-11","18585.00","156/26-27/U1","JC181024","232200427338","15000"
"204643","2026-05-12","63576.04","SIC/2627/00091","JL151035","222200406532","2200"
"204644","2026-05-12","213090.30","378/26-27","12020573","522003111380","450"
"204645","2026-05-12","35211.20","390/26-27","550147600104","552003261064","80"
"204646","2026-05-12","407542.5","377/26-27","BOPS018501","592003105483","900"
"204647","2026-05-05","20578","10567391","00","00","00"
"204648","2026-05-13","40887","HAPL/26-27/429","DS161091","392249377918","6300"
"204649","2026-05-13","17700.00","681/26-27","DH 101166-02/1800013205","272201111586","6800"
"204650","2026-05-13","NA","Challan No - 3589","556432408216/11","NA","10"
"204651","2026-05-13","43347.30","SIC/2627/00093","JL151035","242201231814","1500"
"204652","2026-05-14","373054.64","75","F8B04800/F8B06700","252201542256","200"
"204653","2026-05-14","298443.72","76","F8B04800/F8B06700","292201542526","160"
"204654","2026-05-14","38575.62","SIC/2627/00094","LCD00001","272201627731","6385"
"204655","2026-05-13","00","SAEC/136/26-27","Filler Neck 0106","NA","50"
"204656","2026-05-13","65403.02","SAEC/136/26-27","Filler Neck 0124/0177","202201033953","224"
"204657","2026-05-10","8885.40","SP/2627/09060","JL161005","242199099874","1000"
"204657","2026-05-14","5581.40","SP/2627/10000","LFB00001","262201907304","1000"
"204658","2026-05-13","00","SAEC/136/26-27","Filler Neck 0106/0177","NA","90"
"204659","2026-05-14","191591.05","SP/2627/09999","DG171016","242201907254","5410"
"204660","2026-05-13","11328.00","FMT/26-27-/PA-03","F2P00129 A","NA","320"
"204661","2026-05-15","20303.67","SAEC/146/26-27","Filler Neck 0106","212202605501","150"
"204662","2026-05-15","1754.42","712/26-27","22MM*75MM PIN","202202772774","413"
"204663","2026-05-15","69355.68","SIC/2627/00096","JL151035","282202579265","2400"
"204664","2026-05-12","00","10225","00","00","00"
"204665","2026-05-13","00","10950","00","00","00"
"204666","2026-05-16","20544.96","SIC/2627/00097","DH102198","222203264119","2300"
"204667","2026-05-16","15340.00","737/26-27","DH 101166-02/1800013205","212203295749","6200"
"204667","2026-05-16","21682.50","736/26-27","DH102502","262203290781","10500"
"204668","2026-05-14","44014.00","431/26-27","550147600104","512004544144","100"
"204669","2026-05-16","25715.74","SP/2627/10473","PF561218","202203365036","1850"
"204670","2026-05-16","63576.04","SIC/2627/00098","JL151035","282203299151","2200"
"204671","2026-05-15","13718","10567750","00","00","00"
"204672","2026-05-16","12390","171/26-27/U1","JC181024","212203506906","10000"
"204673","2026-05-18","373054.64","80","F8B04800/F8B06700","212204020504","200"
"204674","2026-05-18","298443.72","81","F8B04800/F8B06700","252204020720","160"
"204675","2026-05-17","66465.86","SIC/2627/00099","JL151035","282203766866","2300"
"204676","2026-05-18","178004.79","SIC/2627/00100","LCD00001/JF511215/DH102555","212204153855","43596"
"204677","2026-05-18","22862.50","773/26-27","DH102502/DG101340","262204382511","12500"
"204678","2026-05-13","00","10493","00","00","00"
"204679","2026-05-18","16744.20","SP/2627/10801","LFB00001","292204246344","3000"
"204680","2026-05-18","122546.54","SP/2627/10800","DG171016","242204246307","4100"
"204681","2026-05-18","NA","DC NO-214","JR183911/JR181571","NA","2"
"204682","2026-05-18","34677.84","SIC/2627/00101","JL151035","272204328943","1200"
"204683","2026-05-18","18290.00","772/26-27","DH 101166-02/1800013205/18100013469","252204382505","7800"
"204684","2026-05-19","39430.93","479/26-27","512003900","682006822066","84"
"204685","2026-05-18","59180.40","474/26-27","5120065","632006308797","148"
"204686","2026-05-19","37253.07","SP/2627/11095","PF561218","262204973047","2680"
"204686","2026-05-19","8885.40","SP/2627/11096","JL161005","232204973064","1000"
"204687","2026-05-19","52016.76","SIC/2627/00102","JL151035","242205088261","1800"
"204688","2026-05-20","373054.64","82","F8B04800","262205535507","200"
"204689","2026-05-20","298443.72","83","F8B04800/F8B06700","222205536173","160"
"204690","2026-05-18","18585","176/26-27/U1","JC181024","212204574212","15000"
"204691","2026-05-20","41289.43","SP/2627/11375","JY511231","222205655056","3936"
"204691","2026-05-20","11162.80","SP/2627/11367","LFB00001","282205633878","2000"
"204692","2026-05-20","309448.11","SIC/2627/00103","DH102555","222205667569","36000"
"204694","2026-05-20","22064.82","825/26-27","DH102502/DG101340","262205867963","11148"
"204694","2026-05-20","5310","822/26-27","DH101166-02","262205746352","2500"
"204693","2026-05-20","85207.80","824/26-27","DH102502","202205767949","3000"
"204693","2026-05-20","85207.80","823/26-27","JE591342","282205867943","3000"
"204695","2026-05-20","63576.04","SIC/2627/00104","JL151035","292205855644","2200"
"204696","2026-05-21","65400.02","SIC/2627/00106","LCD00001","252206382206","7154"
"204697","2026-05-21","46006.78","SIC/2627/00105","DH101648","232206378762","7615"
"204698","2026-05-21","128679.00","CDOM2627-7683","3010001101","0","500"
"204699","2026-05-21","12154.00","314/26-27","DH161470","212206674440","2000"
"204700","2026-05-21","128679.00","CDOM2627-7683","3010001101","242206619578","500"
"204701","2026-05-21","15434.40","V1/2627/70650","FGHAE0041","292206759895","200"
"204702","2026-05-21","5581.40","SP/2627/11800","LFB00001","272206817085","1000"
"204703","2026-05-21","46303.20","V1/2627/70648","FGHAE0041","232206759884","600"
"204704","2026-05-17","00","10346","00","00","00"
"204705","2026-05-20","00","10316","00","00","00"
"204706","2026-05-22","39250.46","7322602509","BOY50348","322256160904","39"
"204706","2026-05-22","678.55","7322602510","BOY50349","342256161057","39"
"204706","2026-05-22","1006.42","7322602511","BOY50348","362256203339","1"
"204706","2026-05-22","1006.42","7322602512","BOY50349","332256203442","1"
"204707","2026-05-22","8938","JME/26-27/2774","RUB000119","0","1500"
"204708","2026-05-22","5581.40","SP/2627/12000","LFB00001","262207336416","1000"
"204708","2026-05-22","95727.50","SP/2627/12001","JG181235","252207336439","5500"
"204709","2026-05-22","8885.40","SP/2627/12002","JL161005","222207339158","1000"
"204707","2026-05-22","2980","JME/26-27/2775","RUB000119","0","500"
"204710","2026-05-22","63576.04","SIC/2627/00108","JL151035","252207322818","2200"
"204711","2026-05-23","373054.60","92","F8B04800/F8B06700","212207779591","200"
"204712","2026-05-23","298443.72","93","F8B04800/F8B06700","252207779957","160"
"204713","2026-05-23","17947.80","SAEC/178/26-27","Filler Neck 0177","232207970822","90"
"204714","2026-05-23","102943.20","CDOM2627-7970","3010001101","242208226699","400"
"204715","2026-05-23","88230.96","SIC/2627/00110","JF511215","222208145398","30150"
"204716","2026-05-23","15120.00","609","Connecting Pin","NA","8000"
"204717","2026-05-23","10620.00","872/26-27","DH 101166-02/1800013205","202207999071","4300"
"204717","2026-05-23","22526.20","869/26-27","DH102502/DG101340","282207926060","11930"
"204718","2026-05-23","85207.80","871/26-27","DH102502","232207926081","3000"
"204718","2026-05-23","85207.80","870/26-27","JE591342","272207926070","3000"
"204719","2026-05-18","00","11740","00","00","00"
"204720","2026-05-17","00","10347","00","00","00"
"204721","2026-05-23","5581.40","SP/2627/12269","LFB00001","212208138689","1000"
"204722","2026-05-23","63576.04","SIC/2627/00111","JL151035","292208146008","2200"
"204723","2026-05-24","10450.08","SP/2627/12478","DJ191094","NA","1200"
"204723","2026-05-24","5711.20","SP/2627/12477","DJ191095","212208611247","4000"
"204724","2026-05-24","28898.20","SIC/2627/00112","JL151035","262208602626","1000"
"204725","2026-05-22","27437","10568041","00","00","00"
"204726","2026-05-25","16166.00","00305","LFB00001","NA","5000"
"204727","2026-05-20","00","10482","00","00","00"
"204728","2026-05-25","25252.07","SIC/2627/00113","JY511231","232209148005","2629"
"204729","2026-05-25","1297.12","DF04068/26-27","00990748","NA","2500"
"204730","2026-05-25","17511.20","920/26-27","DG101340","252209424620","4000"
"204731","2026-05-25","63576.04","SIC/2627/00115","JL151035","242209254970","2200"
"204732","2026-05-25","71030.10","543/26-27","12020573","592010167814","150"
"204733","2026-05-26","373054.64","96","F8B04800/F8B06700","242209616253","200"
"204734","2026-05-26","298443.72","97","F8B04800/F8B06700","272209616715","160"
"204735","2026-05-24","54874","10568096","00","00","00"
"204736","2026-05-22","00","11739","00","00","00"
"204736","2026-05-23","00","11083","00","00","00"
"204737","2026-05-26","98635.02","SP/2627/12859","DG171016","262209747463","3300"
"204738","2026-05-26","59778.80","SP/2627/12860","DG171016","212209747484","2000"
"204738","2026-05-26","16744.20","SP/2627/12861","LFB00001","212209747497","3000"
"204739","2026-05-25","6195.00","200/26-27/U1","JC181024","292209421298","5000"
"204740","2026-05-26","28756.60","HAPL/26-27/582","PF591672","382258398288","1000"
"204741","2026-05-26","128679.00","CDOM2627-8542","3010001101","NA","500"
"204742","2026-05-26","60385.32","7322602662","BOY50348","312258734522","60"
"204742","2026-05-26","30192.66","7322602663","BOY50349","342258734732","30"
"204743","2026-05-26","88598.99","SIC/2627/00117","DH102198","272210008604","2407"
"204744","2026-05-26","63576.04","SIC/2627/00118","JL151035","252210183679","2200"
"204745","2026-05-22","00","13161","00","00","00"
"204746","2026-05-26","6490.00","932/26-27","DH 101166-02/18100013469","272209935144","3000"
"204746","2026-05-26","21682.50","933/26-27","DH102502","282209954548","10500"
"204747","2026-05-27","2594.23","DF04202/26-27","FLANGE SCREW","NA","5000"
"204748","2026-05-27","81332.02","SIC/2627/00120","LCD00001","232210678856","18462"
"204749","2026-05-27","66764.40","SIC/2627/00121","DG171016","242210678875","3000"
"204750","2026-05-27","00","2612M05793","00990748","NA","1000"
"204751","2026-05-27","944.00","V1/2627/70897","SFSIL00119","212210862916","50"
"204751","2026-05-27","14735.84","V1/2627/70898","SFSIL0104","242210862928","50"
"204752","2026-05-27","52978.79","SIC/2627/00123","LCD00001","222210853925","8769"
"204753","2026-05-27","14760.00","177/26-27","Metal Insert ","NA","600"
"204754","2026-05-27","8885.40","SP/2627/13201","JL161005","262210632439","1000"
"204754","2026-05-27","31970.92","SP/2627/13200","PF561218","212210632421","2300"
"204755","2026-05-27","66465.86","SIC/2627/00122","JP151035","222210696178","2300"
"204756","2026-05-22","00","13159","00","00","00"
"204757","2026-05-25","00","10155","00","00","00"
"204758","2026-05-28","28423.53","SIC/2627/00126","DH102198","212211397532","3182"
"204759","2026-05-28","13781.40","SIC/2627/00125","JL113035","212211395031","11123"
"204760","2026-05-28","58472.30","576/26-27","3070006002","552011902548","440"
"204761","2026-05-29","25886.01","SIC/2627/00127","JY511231","272212098591","2695"
"204762","2026-05-29","16744.20","SP/2627/13674","LFB00001","262211965136","3000"
"204763","2026-05-29","7748.71","992/26-27","DG101340","262212422429","1770"
"204764","2026-05-29","63576.04","SIC/2627/00129","JL151035","202212178272","2200"
"204765","2026-05-27","54238","249/26-27","DH181115","152440200781","2240"
"204766","2026-05-30","63790.80","532/26-27","SLIP YOKE WELCH PLUG 27/28","282212737725","18000"
"204767","2026-05-23","00","13171","00","00","00"
"204767","2026-05-26","00","13150","00","00","00"
"204768","2026-05-23","00","13176","00","00","00"
"204768","2026-05-23","00","13155","00","00","00"
"204769","2026-05-26","00","00","00","00","00"
"204770","2026-05-30","92089.91","SIC/2627/00130","LCD00001","232212743095","10538"
"204771","2026-05-30","16166.00","00342","LFB00001","NA","5000"
"204772","2026-05-30","102943.20","CDOM2627-9063","3010001101","272212463137","400"
"204773","2026-05-30","170415.60","1009/26-27","JE591342","202212965195","6000"
"204773","2026-05-30","170415.60","1010/26-27","DH102502","282212965201","6000"
"204774","2026-05-30","14750.00","1012/26-27","DU101162/18100013469/DH 101166-02","272213026731","7000"
"204775","2026-05-30","63576.04","SIC/2627/00131","JL151035","282213045474","2200"
"204776","2026-05-29","9912","217/26-27U1","JC181024","202212434905","8000"
"204777","2026-05-30","1202459.12","9521097","00","00","2"
"204778","2026-05-31","23283.17","SP/2627/14191","PF561218","252213618839","1675"
"204778","2026-05-30","6749.60","SP/2627/14013","JL171158","282212926381","2000"
"204779","2026-05-31","57796.40","SIC/2627/00132","JL151035","292213650833","2000"
"204780","2026-06-01","373054.64","104","F8B04800/F8B06700","282213936532","200"
"204781","2026-06-01","298443.72","105","F8B04800/F8B06700","292213936788","160"
"204782","2026-05-30","27437","10568273","00","00","00"
"204783","2026-06-01","45541.58","SIC/2627/00136","DH101648","232214339540","7538"
"204784","2026-06-01","52675.20","SIC/2627/00134","JP181280","262214339495","24000"
"204785","2026-06-01","63576.04","SIC/2627/00135","JL151035","252214246527","2200"
"204786","2026-05-29","00","13282","00","00","00"
"204787","2026-05-31","00","10568307","00","00","00"
"204788","2026-06-02","10620.00","1068/26-27","18100013469/DH 101166-02","252214886055","5000"
"204788","2026-06-02","21682.50","1067/26-27","DH102502","202214886050","10500"
"204789","2026-05-27","00","13109","00","00","00"
"204790","2026-05-25","00","13147","00","00","00"
"204790","2026-05-27","00","13241","00","00","00"
"204791","2026-06-02","120903.00","G-038/26-27","556432408211/16","232215040753","400"
"204792","2026-06-02","88220.65","SIC/2627/00137","LCD00001","262214940325","3462"
"204793","2026-06-02","53416.95","SIC/2627/00140","DH102198","212214992079","5980"
"204794","2026-06-02","00","NA","NA","NA","Na"
"204795","2026-06-02","8263.42","SP/2627/14667","JL161005","232215049961","930"
"204795","2026-06-02","16744.20","SP/2627/14666","LFB00001","202215049933","3000"
"204796","2026-06-02","52250.40","SP/2627/14671","DJ191094","292215073210","6000"
"204796","2026-06-02","6655.20","SP/2627/14669","DJ191096","222215074704","6000"
"204796","2026-06-02","8566.80","SP/2627/14668","DJ191095","212215049994","6000"
"204797","2026-06-02","66465.86","SIC/2627/00139","JL151035","222214985775","2300"
"204798","2026-06-03","298443.72","114","F8B046700/F8B06700","232215323686","160"
"204799","2026-06-03","373054.64","113","F8B04800/F8B06700","212215323137","200"
"204800","2026-05-31","13629","222/26-27/U1","1800022934","NA","11000"
"204801","2026-06-03","16729.19","SIC/2627/00142","LCD00001","252215755121","2769"
"204802","2026-06-03","128679.00","CDOM2627-9889","3010001101","242215907998","500"
"204803","2026-06-03","19460.56","SP/2627/14999","PF561218","232215796661","1400"
"204803","2026-06-03","93987.00","SP/2627/14997","JG181235","252215796625","5400"
"204804","2026-06-03","885.00","1092/26-27","DG101340","272215875764","1500"
"204805","2026-06-03","25865.60","00384","LFB00001","NA","8000"
"204806","2026-06-03","72245.50","SIC/2627/00143","JL151035","242215808927","2500"
"204807","2026-06-04","85207.80","1116/26-27","DH102502","262216270192","3000"
"204807","2026-06-04","85207.80","1115/26-27","JE591342","252216270186","3000"
"204808","2026-06-04","23895.00","1094/26-27","DU101162/DH 101166-02/1800013205","262216127939","9800"
"204809","2026-06-04","1475.00","1117/26-27","DG101340","272216413972","2500"
"204810","2026-06-05","142060.20","653/26-27","12020573","542016069212","300"
"204811","2026-06-05","373054.64","117","F8B04800/F8B06700","242216885622","200"
"204812","2026-06-05","298443.72","118","F8B04800/F8B06700","212216886189","160"
"204813","2026-06-05","60534.00","SIC/2627/00145","LCD00001","262217220237","9500"
"204814","2026-06-05","33360.96","SP/2627/15595","PF561218","262217317740","2400"
"204815","2026-06-05","10944.50","1139/26-27","DG101340","242217355009","2500"
"204816","2026-06-05","4442.70","SP/2627/15634","JL161005","NA","500"
"204817","2026-06-05","115592.80","SIC/2627/00144","JL151035","202217220213","4000"
"204818","2026-06-05","44014.00","658/26-27","550147600104","582016286095","100"
"204819","2026-06-06","3776.00","V1/2627/71379","SFSIL00119","232217987445","200"
"204819","2026-06-06","51951.43","V1/2627/71380","SFSIL00127","272217987463","56"
"204820","2026-06-06","12304.26","SIC/2627/00147","JY511231","262217923801","1281"
"204821","2026-06-06","27800.80","SP/2627/15893","PF561218","232217943111","2000"
"204821","2026-06-06","4442.70","SP/2627/15894","JL161005","252217943159","500"
"204821","2026-06-06","9751.80","SP/2627/15895","DH102205","232217943182","5437"
"204821","2026-06-06","33488.40","SP/2627/15899","LFB00001","252217944235","6000"
"204822","2026-06-06","101143.70","SIC/2627/00146","JL151035","252217868612","3500"
"204823","2026-06-07","11922.72","156","JL161005-6MM","262218382817","1200"
"204824","2026-06-07","13900.40","SP/2627/16106","PF561218","262218360404","1000"
"204824","2026-06-07","94749.40","SP/2627/16107","DG171016","262218360420","3170"
"204824","2026-06-07","6270.05","SP/2627/16108","DJ191094","282218360695","720"
"204825","2026-06-07","13133.40","1175/26-27","DG101340","202218450301","3000"
"204826","2026-06-07","92474.24","SIC/2627/00148","JL151035","242218338827","3200"
"204827","2026-06-08","18585.00","1207/26-27","DH102502","222218875331","9000"
"204827","2026-06-08","31565.00","1206/26-27","DU101162/18100013469/1800013205/DH 101166-02","202218826429","13200"
"204828","2026-06-08","52816.80","690/26-27","550147600104","542017738353","120"
"204834","2026-06-08","4442.70","SP/2627/16368","JL161005","212219126280","500"
"204834","2026-06-08","12084.71","SP/2627/16367","JY511231","262219126269","1152"
"204834","2026-06-06","87025.00","SP/2627/15896","JG181235","222217943220","5000"
"204835","2026-06-06","00","10349","00","00","00"
"204836","2026-06-06","00","10154","00","00","00"
"204837","2026-06-09","84944.00","SIC/2627/00150","DH101648","252219308893","1102"
"204838","2026-06-09","373054.64","121","F8B04800/F8B06700","242219334374","200"
"204839","2026-06-09","298443.72","122","F8B04800/F8B06700","252219334690","160"
"204840","2026-06-06","00","13234","00","00","00"
"204841","2026-06-05","00","10600037","00","00","00"
"204842","2026-06-05","00","10600038","00","00","00"
"204843","2026-05-28","00","13141","00","00","00"
"204844","2026-06-01","00","13315","00","00","00"
"204844","2026-06-01","00","13344","00","00","00"
"204844","2026-06-01","00","13345","00","00","00"
"204844","2026-05-30","00","13313","00","00","00"
"204845","2026-06-01","00","13343","00","00","00"
"204846","2026-06-01","00","13347","00","00","00"
"204846","2026-06-01","00","13135","00","00","00"
"204846","2026-06-01","00","13351","00","00","00"
"204846","2026-06-01","00","13346","00","00","00"
"204846","2026-06-01","00","13339","00","00","00"
"204847","2026-05-30","00","13314","00","00","00"
"204848","2026-06-09","101143.70","SIC/2627/00151","JL151035","252219741014","3500"
"204849","2026-06-09","17464.00","611","Connecting Pin ","NA","8000"
"204850","2026-06-09","19942.00","SAEC/244/26-27","Filler Neck 0177","212219842021","100"
"204851","2026-06-09","142060.20","700/26-27","BOPS020801","572018227846","300"
"204852","2026-06-10","36367.60","26P200935","3080000033","-","400"
"204853","2026-06-10","12932.80","00430","LFB00001","-","4000"
"204854","2026-06-10","23930.40","SAEC/247/26-27","Filler Neck 0177","292220476813","120"
"204855","2026-06-10","53776.85","263033040564","1800068368/366","322269121592","480"
"204856","2026-06-10","23051.55","263033040560","1800068285/31149/01710","352269114137","1307"
"204857","2026-06-10","3685.14","263033040562","1800068334/335","332269118344","300"
"204858","2026-06-10","12390.00","1255/26-27","1800013205/DH 101166-02/18100013469","212220451098","5100"
"204859","2026-06-08","00","13129","00","00","00"
"204860","2026-06-06","00","10348","00","00","00"
"204861","2026-06-10","8885.40","SP/2627/16971","JL161005","282220674823","1000"
"204861","2026-06-10","16744.20","SP/2627/16973","LFB00001","272220675373","3000"
"204861","2026-06-10","87025.00","SP/2627/16970","JG181235","222220674809","5000"
"204862","2026-06-10","44014.00","710/26-27","550147600104","522018818913","100"
"204863","2026-06-10","101143.70","SIC/2627/00152","JL151035","272220428579","3500"
"204864","2026-06-06","18585","247/26-27/U1","JC181024","00","15000"
"204865","2026-06-11","89222.70","SIC/2627/00154","JY511231","212221053075","9289"
"204866","2026-06-11","94242.69","SIC/2627/00153","LCD00001","292221053024","10757"
"204867","2026-06-11","1331.04","263033041045","1800068349","332269812392","300"
"204867","2026-06-11","7356.71","263033041034","1800068344/43/40/48","382269799540","1000"
"204867","2026-06-11","9884.39","263033041033","180008334/37/35/39","352269795705","660"
"204867","2026-06-11","26459.14","263033041032","1800068285/31149/01710/1719","392269791804","1400"
"204867","2026-06-11","44814.04","263033041050","1800068368/366","322269817013","400"
"204867","2026-06-11","10804.08","263033041097","1800068364","352269906860","100"
"204868","2026-06-11","29190.84","SP/2627/17268","PF561218","292221439378","2100"
"204869","2026-06-11","51507.00","SP/2627/17274","A18900020000","232221439453","45000"
"204870","2026-06-11","24819.00","174","JL161005-6MM","272221460781","2500"
"204871","2026-06-11","24042.50","1285/26-27","DH102502/DG101340","212221190989","14500"
"204872","2026-06-12","70664.00","AF/2627/164602","FG0003","232221908193","700"
"204873","2026-06-12","56017.55","263033041717","1800068368/366","322270721307","500"
"204873","2026-06-12","10804.08","263033041716","1800068364","382270720568","100"
"204874","2026-06-12","168052.65","263033041718","1800068368/366","352270721377","1500"
"204875","2026-06-12","4442.70","SP/2627/17622","JL161005","262222204338","500"
"204876","2026-06-12","1812.30","744/26-27","550147600104","572020155519","100"
"204884","2026-06-13","19942.00","SAEC/255/26-27","Filler Neck 0177","262222875556","100"
"204878","2026-06-12","101143.70","SIC/2627/00155","JL151035","242221953026","3500"
"204879","2026-06-12","29190.84","SP/2627/17623","PF561218","272222204357","2100"
"204880","2026-06-13","21682.50","1318/26-27","DH102502","252222747393","10500"
"204880","2026-06-13","16520.00","1321/26-27","DH 101166-02/1800013205","222222749952","6400"
"204881","2026-06-13","85207.80","1319/26-27","DH102502","272222747399","3000"
"204881","2026-06-13","85207.80","1320/26-27","JE591342","292222747408","3000"
"204882","2026-06-13","3072.72","263033042212","PF111019","392271368795","200"
"204883","2026-06-13","9340.88","263033042200","JW111017/PF111019","312271338228","600"
"204883","2026-06-13","17416.80","263033042198","JV111141/JG111085/JV111019/JA111015","342271333417","1300"
"204883","2026-06-13","89628.08","263033042202","JV111015/JV111016","342271340318","800"
"204885","2026-06-13","101143.70","SIC/2627/00156","JL151035","222222693633","3500"
"204886","2026-06-14","8885.40","SP/2627/17977","JL161005","212223113418","1000"
"204887","2026-06-14","59778.80","SP/2627/17978","DG171016","272223113429","2000"
"204888","2026-06-14","34774.60","184","JL161005-6MM","-","3500"
"204889","2026-06-14","248897.68","741/26-27","501147100105","522020034817","654"
"204890","2026-06-14","101143.70","SIC/2627/00157","JL151035","262223200588","3500"
"204891","2026-06-13","5334.00","26-27/1184","1100012545","252222715220","175"
"204892","2026-06-15","373054.64","131","F8B06700/F8B04800","292223473709","200"
"204893","2026-06-15","298443.72","132","F8B04800/F8B06700","262223474394","160"
"204894","2026-06-15","98660.57","SIC/2627/00158","DH102198","242223662964","11045"
"204895","2026-06-15","19055.21","SIC/2627/00159","DH101648","202223664913","3154"
"204896","2026-06-15","19464.90","SSI/26-27/068","554547500156/121","-","192"
"204897","2026-06-15","8452.34","263033042826","1800068348/49/35/39","392272370025","1000"
"204897","2026-06-15","20314.88","263033042822","1800068285/31149/01710","302272365280","1200"
"204897","2026-06-15","7051.68","263033042824","1800068334/44/40","372272367977","700"
"204898","2026-06-15","4609.08","263033042820","1800068337","332272362839","300"
"204899","2026-06-15","48308.26","7322603532","BOY50348","362272439679","48"
"204899","2026-06-15","48308.26","7322603532","BOY50349","322272439789","48"
"204900","2026-06-15","104106.81","265250032539","DH102430","242223998405","301"
"204901","2026-06-15","1770.00","1359/26-27","DG101340","272223991560","3000"
"204902","2026-06-15","101143.70","SIC/2627/00163","JL151035","202223845831","3500"
"204903","2026-06-15","73160.00","SIC/2627/00161","JF511215","222223777093","25000"
"204904","2026-06-15","66575.60","SIC/2327/00162","JF511215","242223781313","22750"
"204905","2026-06-15","29190.84","SP/2627/18247","PF561218","262223920996","2100"
"204906","2026-06-14","00","11090","00","00","00"
"204907","2026-06-15","46374","SI/1/2627/05159","JH511028","332272357299","5000"
"204908","2026-06-16","51408.59","SIC/2627/00164","DG171016","202224420439","2310"
"204909","2026-06-16","42291.20","SIC/2627/00165","LCD00001","272224422788","7000"
"204910","2026-06-16","00","7067","87089900","NA","50"
"204911","2026-06-16","7681.80","263033043352","1800068337","322273081349","500"
"204912","2026-06-16","26471.53","263033043339","1800001710/19/68334/35","312273067966","1250"
"204912","2026-06-16","9660.07","263033043340","1800068339/40/43","342273071119","800"
"204912","2026-06-16","5275.78","263033043346","1800031149/68285/348/49","352273077941","1050"
"204913","2026-06-15","8487.07","46/26-27","Clamp Piece ","NA","836"
"204914","2026-06-16","10620.00","1378/26-27","18100013469/DH 101166-02/1800013205","282224677633","4600"
"204914","2026-06-16","18585.00","1377/26-27","1800037329","282224618869","9000"
"204915","2026-06-16","113610.40","1375/26-27","2000008511","212224618855","4000"
"204915","2026-06-16","113610.40","1376/26-27","DH102502","292224618859","4000"
"204916","2026-06-17","40256.88","7322603606","BOY50348","332273520494","40"
"204916","2026-06-17","40256.88","7322603607","BOY50349","302273520619","40"
"204901","2026-06-15","3692.22","1360/26-27","1800066380","242224011178","1490"
"204917","2026-06-16","00","NA","NA","NA","NA"
"204918","2026-06-16","44014.00","780/26-27","550147600104","532022141907","100"
"204919","2026-06-16","70664.00","AF/2627/165027","FH0003","282224823492","700"
"204920","2026-06-16","101143.70","SIC/2627/00166","JL151035","232224559518","3500"
"204921","2026-06-15","25080","10153","00","00","00"
"204922","2026-06-10","00","13527","00","00","00"
"204922","2026-06-10","00","13526","00","00","00"
"204922","2026-06-10","00","13127","00","00","00"
"204922","2026-06-10","00","13525","00","00","00"
"204923","2026-06-03","00","13455","00","00","00"
"204924","2026-06-02","00","13441","0000","00","00"
"204924","2026-06-02","00","13444","00","00","00"
"204924","2026-06-02","00","13442","00","00","00"
"204925","2026-06-03","00","13456","00","00","00"
"204926","2026-06-04","00","10369","00","00","00"
"204927","2026-06-02","00","13452","00","00","00"
"204927","2026-06-02","00","10478","00","00","00"
"204927","2026-06-02","00","13453","00","00","00"
"204927","2026-06-02","00","13459","00","00","00"
"204927","2026-06-02","00","13131","00","00","00"
"204927","2026-06-02","00","13457","00","00","00"
"204927","2026-06-02","00","13454","00","00","00"
"204927","2026-06-02","00","13458","00","00","00"
"204927","0000-00-00","0","0","0","0","0"
"204928","2026-06-16","00","393200234","00","00","00"
"204929","2026-06-17","20128.44","7322603604","B0Y50348","362273520196","20"
"204929","2026-06-17","20128.44","7322603605","B0Y50348","362273520307","20"
"204930","2026-06-17","173638.33","SIC/2627/00169","DG171016/JY511231","282225257814","14074"
"204931","2026-06-17","62647.10","SIC/2657/00168","DH101648/DG171016","202225252310","5673"
"204932","2026-06-17","4609.08","263033043792","1800068337","392273730976","300"
"204933","2026-06-17","25382.98","263033043790","1710/8334/8343/8335","352273731414","1400"
"204933","2026-06-17","4573.68","263033043795","1149/8344","322273731192","1300"
"204934","2026-06-16","44128","422","JK122070","332273074269","6304"
"204934","2026-06-17","26558","428","JK122070","372273504416","3794"
"204935","2026-06-17","45000","2608000506","DIE PUNCH","312273952831","60"
"204936","2026-06-17","72245.50","SIC/2627/00170","JL151035","202225352199","2500"
"204937","2026-06-17","2997.20","1413/26-27","DG101340/24 MM SENSOR BUS HERO","282225532894","4650"
"204938","2026-06-17","23930.40","SAEC/266/26-27","Filler Neck 0177","242225333138","120"
"204939","2026-06-17","87025.00","SP/2627/18919","JG181235","222225519237","5000"
"204939","2026-06-17","8885.40","SP/2627/18920","JL161005","222225520411","1000"
"204940","2026-06-15","Na","As per invoice ","Na","Na","Na"
"204941","2026-06-18","29190.84","SP/2627/19105","PF561218","292225989288","2100"
"204942","2026-06-18","9218.16","263033044342","PF111019","322274431837","600"
"204943","2026-06-18","21717.90","263033044343","JA111015/JV111024/JW111017","332274439186","1200"
"204944","2026-06-18","139155.63","V1/2627/71936","SFSIL00127","292226047895","150"
"204945","2026-06-16","00","11095","00","00","00"
"204946","2026-06-18","373054.64","137","F8B04800/F8B06700","222225858891","200"
"204947","2026-06-18","298443.72","138","F8B04800/F8B06700","272225259787","160"
"204948","2026-06-18","306893.69","SIC/2627/00172","DG171016","212226033478","13790"
"204949","2026-06-18","44014.00","816/26-27","550147600104","552023275045","100"
"204950","2026-06-18","85207.80","1424/26-27","DH102502","292226069039","3000"
"204950","2026-06-18","85207.80","1423/26-27","JE591342","202226069029","3000"
"204951","2026-06-18","15487.50","1425/26-27","DH102502","242226069050","7500"
"204952","2026-06-16","00","11096","00","00","00"
"204953","2026-06-19","15810.63","126002812","DH161057","202226554567","5726"
"204954","2026-06-17","00","13268","00","00","00"
"204955","2026-06-19","4609.08","263033044951","PF111019","362275138885","300"
"204956","2026-06-19","27881.98","SIC/2627/00175","DH101648","NA","4615"
"204957","2026-06-19","44152.01","SIC/2627/00174","LCD00001","242226737649","7308"
"204958","2026-06-19","101143.70","SIC/2627/00173","JL151035","262226693743","3500"
"204959","2026-06-19","44014.00","830/26-27","550147600104","562023797906","100"
"204960","2026-06-17","00","13267","00","00","00"
"204961","2026-06-19","19460.56","SP/2627/19508","PF561218","222226850122","1400"
"204962","2026-06-20","45784.00","SP/2627/19659","A18900020000","282227218880","40000"
"204963","2026-06-15","00","13617","00","00","00"
"204963","2026-06-15","00","13618","00","00","00"
"204964","2026-06-20","8727.16","SIC/2627/00177","BF601030","222227454853","2670"
"204965","2026-06-20","19942.00","SAEC/273/26-27","Filler Neck 0177","272227505198","100"
"204966","2026-06-20","6136.00","19586-26","RAL 9010","NA","02"
"204967","2026-06-20","101143.70","SIC/2627/00179","JL151035","222227474075","3500"
"204968","2026-06-21","44014.00","839/26-27","550147600104","NA","100"
"204969","2026-06-20","678500","CSIPL/26-27/092","SPINDLE ","718009291155","1"
"204969","2026-06-20","678500","CSIPL/26-27/091","SPINDLE ","718009290590","1"
"204970","2026-06-21","9730.28","SP/2627/20009","PF561218","272227893530","700"
"204971","2026-06-21","101143.70","SIC/2627/00181","JL151035","292227899477","3500"
"204972","2026-06-22","44207.52","V1/2627/72083","SFSIL0104","242228331142","150"
"204972","2026-06-22","201311.81","V1/2627/72084","SFSIL00127","212228331156","217"
"204973","2026-06-18","00","13701","00","00","00"
"204974","2026-06-16","00","13623","00","00","00"
"204974","2026-06-16","00","13624","00","00","00"
"204975","2026-06-22","38798.40","00513","LFB00001","-","12000"
"204976","2026-06-22","29806.80","230","JL161005-6MM","212228397439","3000"
"204977","2026-06-22","21830.00","614","Connecting Pin ","NA","10000"
"204978","2026-06-22","94141.71","SIC/2627/00184","JK122070","242228458793","6481"
"204979","2026-06-22","47188.20","SIC/2627/00185","JP181280","262228581277","21500"
"204980","2026-06-22","85207.80","1506/26-27","DH102502","292228685453","3000"
"204980","2026-06-22","85207.80","1505/26-27","JE591342","252228685451","3000"
"204981","2026-06-22","24780.00","149726-27","DH102502","272228684553","12000"
"204981","2026-06-22","9440.00","1498/26-27","1800013205","252228684557","3200"
"204982","2026-06-22","4934.76","1499/26-27","DG101340/24 MM BUS SENSOR HERO ","262228684563","7470"
"204983","2026-06-22","34796.03","N/T/26-27/6242","B0Y41532","312277030315","52"
"204984","2026-06-22","101143.70","SIC/2627/00182","JP151035","292228393527","3500"
"204985","2026-06-22","48651.40","SP/2627/20132","PF561218","252228297962","3500"
"204986","2026-06-23","373054.64","142","F8B04800/F8B06700","262228880583","200"
"204987","2026-06-23","298443.72","143","F8B04800/F8B06700","222228880846","160"
"204988","2026-06-22","44014.00","854/26-27","550147600104","542025061999","100"
"204989","2026-06-23","43221.61","SIC/2627/00187","DH101648","262229200652","7154"
"204990","2026-06-23","156462.00","SIC/2627/00186","JY511231","242229197530","7774"
"204991","2026-06-23","15326.08","V1/2627/72147","10674675","212229255941","103"
"204992","2026-06-17","00","13674","00","00","00"
"204992","2026-06-17","00","13573","00","00","00"
"204992","2026-06-17","00","13675","00","00","00"
"204993","2026-06-23","29471.68","V1/2627/72160","SFSIL0104","272229453473","100"
"204993","2026-06-23","115035.32","V1/2627/72159","SFSIL00127","252229453464","124"
"204994","2026-06-23","118000.00","V1/2627/72164","COBRO0056","232229529251","1"
"204994","2026-06-23","23600.00","V1/2627/72615","COGAU0119/0120","222229529258","2"
"204995","2026-06-23","44014.08","867/26-27","550147600104","552025690134","100"
"204996","2026-06-23","101143.70","SIC/2627/00188","JL151035","202229200951","3500"
"204997","2026-06-23","38285.10","SIC/2627/00189","DG171016","242229326121","1500"
"204998","2026-06-18","00","13700","00","00","00"
"204998","2026-06-18","00","13699","00","00","00"
"204998","2026-06-18","00","13698","00","00","00"
"204998","2026-06-19","00","10556","00","00","00"
"204999","2026-06-24","3636.76","V1/2627/72197","RMSIL0023","202230077683","200"
"205000","2026-06-24","13427.22","SP/2627/20770","DJ191021","NA","300"
"205001","2026-06-24","19700.10","1547/26-27","DG101340","262230239731","4500"
"205002","2026-06-24","30163.87","SP/2627/20729","PF561218","282230128493","2170"
"205003","2026-06-24","101143.70","SIC/2627/00190","JL151035","NA","3500"
"205004","2026-06-24","44014.08","883/26-27","550147600104","592026232049","100"
"205005","2026-06-24","32609.06","890/26-27","FUEL NECK ASSY ","502026397268","60"
"205006","2026-06-25","18585.00","1572/26-27","DH102502","272230682839","9000"
"205006","2026-06-25","14750.00","1550/26-27","1800013205/DH 101166-02/18100013469","242230491645","5900"
"205007","2026-06-25","4442.70","SP/2627/20962","JL161005","252230803898","500"
"205007","2026-06-25","93987.00","SP/2627/20961","JG181235","202230800878","5400"
"205008","2026-06-25","44014.00","904/26-27","550147600104","562026948600","100"
"205009","2026-06-26","44014.00","912/26-27","550147600104","592027529812","100"
"205010","2026-06-26","101143.70","SP/2627/00192","JL151035","292231551042","3500"
"205011","2026-06-25","00","13814","00","00","00"
"205012","2026-06-27","181354.00","G-048/26-27","556432408211/16","262232409671","600"
"205013","2026-06-27","32999.22","SIC/2627/00194","DH101648","232232350408","5462"
"205014","2026-06-27","55304.81","SIC/2627/00193","LCD00001","202232350368","9154"
"205015","2026-06-27","28414.00","SAPL/26-27/292","ERW TUBE","NA","60"
"205016","2026-06-27","9912","26P307094","6010000003","392280510374","07"
"205017","2026-06-27","85207.80","1599/26-27","JE591342","242232457447","3000"
"205017","2026-06-27","85207.80","1600/26-27","DH102502","282232457452","3000"
"205018","2026-06-27","18585.00","1601/26-27","DH102502","232232457457","9000"
"205019","2026-06-27","8951.48","SP/2627/21573","DJ191021","262232408962","200"
"205020","2026-06-27","3151","A 70","Blanking ","NA","1335"
"205021","2026-06-27","101143.70","SIC/2627/00196","JL151035","292232377885","3500"
"205022","2026-06-26","66721.92","SP/2627/21262","PF561218","262231660167","4800"
"205023","2026-06-27","44014.00","926/26-27","550147600104","512028170772","100"
"205024","2026-06-28","101143.70","SIC/2627/00197","JL151035","252232971771","3500"
"205025","2026-06-29","373054.64","158","F8B04800/F8B06700","282233213796","200"
"205026","2026-06-29","298443.72","159","F8B04800/F8B06700","232233214004","160"
"205027","2026-06-27","00","13229","00","00","00"
"205028","2026-06-26","00","11940","00","00","00"
"205029","2026-06-29","77639.14","SIC/2627/00198","JY511231","272233672176","6892"
"205030","2026-06-29","15290.44","SP/2627/21765","PF561218","262233394149","1100"
"205031","2026-06-29","15337.64","1626/26-27","DG101340/JZ591414/24 MM SENSOR BUS HERO ","212233788954","14830"
"205032","2026-06-29","44014.00","939/26-27","550147600104","502028946732","100"
"205033","2026-06-29","72245=60","SIC/2627/00200","JL151035","292233684010","2500"
"205034","2026-06-24","NA","202400","NA","NA","NA"
"205035","2026-06-28","00","13641","00","00","00"
"205036","2026-06-30","19460.56","SP/2627/21948","PF561218","202234039733","1400"
"205037","2026-06-30","38798.40","00550","LFB00001","-","12000"
"205038","2026-06-30","101143.70","SIC/2627/00204","JL151035","282234449204","3500"
"205039","2026-06-30","42813.23","SP/2627/22062","PF561218","212234210146","3000"
"205040","2026-06-30","12095.00","1649/26-27","18100013469/1800013205/DH 101166-02","292234434498","5100"
"205041","2026-06-27","00","13228","00","00","00"
"205042","2026-06-26","00","13858","00","00","00"
"205042","2026-06-26","00","13864","00","00","00"
"205043","2026-06-25","00","13817","00","00","00"
"205044","2026-06-25","00","13816","00","00","00"
"205044","2026-06-25","00","13815","00","00","00"
"205045","2026-07-01","33382.30","385/26-27","INSERT ACE EDGE ","NA","1150"
"205046","2026-06-30","44014.00","955/26-27","550147600104","572029557787","100"
"205046","2026-07-01","44014.00","978/26-27","550147600104","562030416065","100"
"205047","2026-06-30","8885.40","SP/2627/22160","JL161005","NA","1000"
"205048","2026-07-01","101143.70","SIC/2627/00207","JL151035","292235242449","3500"
"205049","2026-06-17","NA","NA","NA","NA","NA"
"205050","2026-07-02","373054.64","164","F8B04800/F8B06700","232235659373","200"
"205051","2026-07-02","298443.72","165","F8B04800/F8B06700","252235661361","160"
"205052","2026-07-02","20303.67","SAEC/318/26-27","Filler Neck 0106","282235541608","150"
"205053","2026-06-25","00","13818","00","00","00"
"205053","2026-06-25","00","13819","00","00","00"
"205054","2026-07-02","25576.74","SP/2627/22653","PF561218","212235738449","1840"
"205054","2026-07-02","5010.37","SP/2627/22634","JR161007","252235691847","96"
"205055","2026-07-02","58356.90","852/26-27","SLIP YOKE WELCH PLUG 27/28","272235854769","16500"
"205056","2026-07-02","113610.40","1712/26-27","JE591342","202235754877","4000"
"205056","2026-07-02","113610.40","1713/26-27","DH102502","282235754884","4000"
"205057","2026-07-02","4751.27","1714/26-27","DH101340/1800066380","282235801630","4965"
"205058","2026-07-02","44014.00","986/26-27","550147600104","562030942713","100"
"205059","2026-07-03","309254.93","SIC/2627/00209","LCD00001/DG171016/JL601231","222236362659","97207"
"205060","2026-06-27","00","13227","00","00","00"
"205061","2026-07-01","12325.21","AF/2627/166256","FG0167","292234907060","126"
"205062","2026-07-03","116702.00","V1/2627/72609","FGHAE0046","232236611611","200"
"205063","2026-07-03","48651.40","SP/2627/22907","PF561218","262236435940","3500"
"205064","2026-07-03","101143.70","SIC/2627/00211","JL151035","242236497621","3500"
"205065","2026-07-04","17611.50","1760/26-27","DH102502/24 MMSENSOR HERO ","272237165924","10500"
"205066","2026-07-04","78585.24","SIC/2627/00212","JY511231","242237050522","7569"
"205067","2026-07-03","44014.08","997/26-27","550147600104","682031529068","100"
"205068","2026-07-04","5605.00","1763/26-27","18100013469/DU101162","272237287260","3000"
"205069","2026-07-04","101143.70","SIC/2627/00214","JL151035","272237090994","3500"
"205070","2026-07-05","9440.00","1773/26-27","18100013469/DU101162","222237621236","5000"
"205071","2026-07-06","101143.70","SIC/2627/00215","JL151035","212237726372","3500"
"205072","2026-07-06","373054.64","175","F8B04800/F8B06700","292237742947","200"
"205073","2026-07-06","298443.72","176","F8B04800/F8B06700","262237743178","160"
"205074","2026-07-06","27244.78","SP/2627/23428","PF561218","202237734509","1960"
"205075","2026-07-06","51583.18","SIC/2627/00217","LCD00001","262237858034","8538"
"205076","2026-07-06","47790.00","SSI/26-27/087","554547500156/121","-","400"
"205077","2026-07-03","Na","13982","Na","Na","Na"
"205078","2026-07-02","Na","13231","Na","Na","Na"
"205079","2026-07-06","17947.80","SAEC/329/26-27","Filler Neck 0177","262238058886","90"
"205080","2026-07-06","5310.00","1812/26-27","DG101340/JZ591414","272238135195","4200"
"205081","2026-07-06","57796.40","SIC/2627/00128","JL151035","262237983352","200"
"205082","2026-07-06","54899.50","SAEC/330/26-27","Filler Neck 0177/0116","252238065276","310"
"205083","2026-07-05","Na","13644","Na","Na","Na"
"205084","2026-07-06","64994.4","HAPL/26-27/1202","JZ591255","382286208269","2295"
"205085","2026-07-07","16166.00","00609","LFB00001","-","5000"
"205086","2026-07-06","00","2117","Drill Jig Breather Hole/Hole","NA","2"
"205087","2026-07-07","96760","HAPL/26-27/1207","PF591672","342286675388","2500"
"205088","2026-06-29","Na","13903","Na","Na","Na"
"205088","2026-07-03","Na","10458","Na","Na","Na"
"205089","2026-07-07","00","409","J2591626","NA","55"
"205090","2026-07-06","2200.00","N260000272","AP","NA","20"
"205091","2026-07-07","24050.40","SAEC/331/26-27","Filler Neck 0177/0116","212238611837","156"
"205092","2026-07-08","4274.00","79","X3108815","NA","1650"
"205093","2026-07-08","127811.70","1839/26-27","JE591342","292239085796","4500"
"205093","2026-07-08","127811.70","1840/26-27","DH102502","202239085801","4500"
"205094","2026-07-08","140530.92","V1/2627/72754","SFSIL0006","212239341863","600"
"205094","2026-07-08","193890.17","V1/2627/72755","SFSIL00127","282239341893","209"
"205094","2026-07-08","29471.68","V1/2627/72756","SFSIL0104","232239341913","100"
"205095","2026-07-08","20433.59","SP/2627/23861","PF561218","232239259140","1470"
"205096","2026-07-08","65295.58","SIC/2627/00219","DG171016","252239215221","2934"
"205097","2026-07-08","38037.30","SAEC/334/26-27","FILLER NECK 0141/0116","-","270"
"205098","2026-07-08","44014.00","1041/26-27","550147600104","542033903807","100"
"205099","2026-07-08","101143.70","SIC/2627/00220","JL151035","282239261801","3500"
"205100","2026-07-09","66021.00","1063/26-27","550147600104","502034667830","150"
"205101","2026-07-09","40763.33","1061/26-27","501147100105","662034651745","75"
"205102","2026-07-09","1121.00","1852/26-27","1800013205/DU101162/18100013469","222239651752","5200"
"205102","2026-07-09","-","1878/26-27","DG101340","222239850193","2600"
"205103","2026-07-09","-","1877/26-27","DH102502","282239838577","3000"
"205103","2026-07-09","-","1876/26-27","JE591342","202239838573","3000"
"205104","2026-07-07","361522.50","14080","00","00","190"
"205104","2026-07-07","54870","10461","00","00","100"
"205105","2026-07-10","22833.00","SIC/2627/00222","35171033","232240604946","5000"
"205106","2026-07-10","11366.00","SAPL/26-27/330","ERW TUBE ","-","24"
"205107","2026-07-03","31640.52","401/26-27","INSERT ACE EDGE","NA","1090"
"205108","2026-07-10","00","616","J2591392","NA","30"
"205109","2026-07-09","22511.97","SP/2627/24113","JG511268","252240012369","2146"
"205109","2026-07-09","12540.10","SP/2627/24079","DJ191094","282239947448","1440"
"205109","2026-07-09","5010.37","SP/2627/24081","JR161007","202239951429","96"
"205110","2026-07-10","101143.70","SIC/2627/00224","JL151035","272240761511","3500"
"205111","2026-07-10","46728.00","SP/2627/24080","A25400020000","222239947482","40000"
"205112","2026-07-11","44769.32","SAEC/341/26-27","Filler Neck 0166/0177","262241114133","306"
"205113","2026-07-08","00","14158","00","00","00"
"205114","2026-07-11","43174.31","SIC/2627/00225","DG171016","202241316517","1940"
"205115","2026-07-10","40867.18","SP/2627/24330","PF561218","242240735744","2940"
"205116","2026-07-11","4088.70","HAPL/26-27/1290","CEW TUBE","342289817888","03"
"205117","2026-07-11","8083.00","1934/26-27","DG101340/CNC JAW","282241668157","2520"
"205118","2026-07-11","85207.80","1930/26-27","JE591342","232241494490","3000"
"205118","2026-07-11","85207.80","1931/26-27","DH102502","222241494497","3000"
"205119","2026-07-11","20963.88","1932/26-27","DH102502/24 MM SENSOR BUS HERO ","262241494501","15235"
"205120","2026-07-11","939.87","SP/2627/24615","JG181235","232241465355","5400"
"205121","2026-07-11","00","NA","NA","NA","NA"
"205122","2026-07-11","101143.70","SIC/2627/00226","JL151035","242241451670","3500"
"205123","2026-07-12","41245.14","SAEC/342/26-27","Filler Neck 0116/0177","262241834765","245"
"205124","2026-07-12","101143.70","SIC/2627/00227","JL151035","242241990847","3500"
"205125","2026-07-13","44976.88","SAEC/347/26-27","Filler Neck 0149/146/0177","212242173307","282"
"205126","2026-07-09","00","13987","00","00","00"
"205127","2026-07-10","00","10360","00","00","00"
"205128","2026-07-09","00","13987","00","00","00"
"205129","2026-07-07","00","14028","00","00","360"
"205130","2026-07-13","9440.00","1973/26-27","1800013205/18100013469","222242538640","4800"
"205131","2026-07-13","23895.00","SSI/26-27/099","554547500156/121","-","200"
"205132","2026-07-13","86215.10","SIC/2627/00230","DG171016","232242635551","3874"
"205133","2026-07-13","135754.28","SIC/2627/00231","DG171016","212242639023","6100"
"205134","2026-07-13","3098","33","Cub End Piece ","NA","177"
"205135","2026-07-13","13427.22","SP/2627/25087","DJ191021","272242614226","300"
"205136","2026-07-13","101143.70","SIC/2627/00229","JL151035","222242515388","3500"
"205137","2026-07-13","15568.45","SP/2627/25089","PF561218","242242611864","1120"
"205138","2026-06-30","NA","AS PER INVOICE","NA","NA","0"
"205139","2026-06-30","NA","AS PER INVOICE","NA","NA","0"
"205140","2026-06-30","NA","AS PER INVOICE","NA","NA","0"
"205141","2026-06-30","NA","AS PER INVOICE","NA","NA","0"
"205142","2026-07-14","7828.71","SP/2627/25410","JR161007","242243334535","150"
"205143","2026-07-14","8352.04","2014/26-27","DG101340/JZ591414","212243507170","7180"
"205144","2026-07-14","85207.80","2009/26-27","JE591342","262243235854","3000"
"205144","2026-07-14","85207.80","2010/26-27","DH102502","242243235858","3000"
"205145","2026-07-14","20284.20","2011/26-27","DH102502/24MM Bus Hero Sensor ","292243235866","11400"
"205146","2026-07-14","139470.24","SIC/2627/00232","LCD00001/PA131610","232243288101","20726"
"205147","2026-07-14","61060.26","SIC/2627/00233","JY511231","282243293890","6357"
"205148","2026-07-14","68147.36","SAEC/352/26-27","Filler Neck 0141/0116/0177/0106","212243387457","460"
"205149","2026-07-14","3892.11","SP/2627/25353","PF561218","202243252590","280"
"205150","2026-07-14","44014.00","1107/26-27","550147600104","572037120654","100"
"205151","2026-07-14","17839.34","1098/26-27","327514/WX3238503","592037083311","40"
"205152","2026-07-14","101143.70","SIC/2627/00234","JL151035","252243317386","3500"
"205153","2026-07-14","447665.56","186","F8B04800/F8B06700","272243298595","240"
"205154","2026-07-15","447665.56","190","F8B04800/F8B06700","282244001346","240"
"205155","2026-07-09","00","14139","00","00","00"
"205155","2026-07-07","00","14083","00","00","00"
"205155","2026-07-09","00","14138","00","00","00"
"205156","2026-07-10","00","12103","00","00","00"
"205156","2026-07-10","00","12108","00","00","00"
"205156","2026-07-07","00","14084","00","00","00"
"205156","2026-07-09","00","13988","00","00","00"
"205156","2026-07-10","00","12105","00","00","00"
"205157","2026-07-08","00","14150","00","00","00"
"205158","2026-07-16","00","10601178","00","00","00"
"205159","2026-07-14","83190","13648","00","00","00"
"205160","2026-07-15","29190.84","SP/2627/25754","PF561218","252244304220","2100"
"205161","2026-07-15","1062.00","2047/26-27","DG101340","292244320398","1800"
"205162","2026-07-15","132042.00","1125/26-27","550147600104","562037941177","300"
"205163","2026-07-15","86694.60","SIC/2627/00235","JL151035","212244086412","3000"
"205164","2026-07-15","NA","AS PER INVOICE","NA","NA","0"
"205165","2026-07-15","NA","AS PER INVOICE","NA","NA","0"
"205166","2026-07-15","NA","AS PER INVOICE","NA","NA","0"
"205167","2026-07-16","00","450","JZ591626","NA","134"
"205168","2026-07-15","00","389","JZ591392","NA","150"
"205169","2026-07-16","559581.96","194","F8B04800/F8B06700","282244936741","300"
"205170","2026-07-16","48027.86","MTR/2627_7719","NA","342293088496","65"
"205171","2026-07-10","107999.83","1067/26-27","501147100105","582034965639","238"
"205172","2026-07-16","57309.20","SAEC/358/26-27","Filler Neck 0141/0177/M-10/M-12 Coller washer ","292244863484","1982"
"205173","2026-07-16","85207.80","2066/26-27","DH102502","252244755428","3000"
"205173","2026-07-16","85207.80","2065/26-27","JE591342","202244755423","3000"
"205174","2026-07-17","7080.00","2067/26-27","1800013205/18100013469","292244755433","3200"
"205175","2026-07-17","32752.08","AI/2627/2171","JZ591387","292245465038","200"
"205176","2026-07-17","331637.05","SIC/2627/00240","JF511215/DH101648/DG171016/PA131610","232245520775","35500"
"205177","2026-07-17","7784.22","SP/2627/26271","PF561218","262245711790","560"
"205178","2026-07-17","00","514","Cone Muffler ","NA","100"
"205179","2026-07-17","101143.70","SIC/2627/00241","JL151035","292245750721","3500"
"205180","2026-07-18","9699.60","00674","LFB00001","NA","3000"
"205181","2026-07-18","22638.30","2119/26-27","DH102502/24MM Sensor Bus Hero ","202246351120","11850"
"205182","2026-07-17","115404","HAPL/2627/1356","JZ591255","372293345767","4000"
"205183","2026-07-18","50597.46","SP/2627/26524","PF561218","292246470998","3640"
"205184","2026-07-18","101143.70","SIC/2627/00242","JL151035","252246358069","3500"
"205185","2026-07-18","00","257","JZ591387","NA","300"
"205186","2026-07-19","559581.96","199","F8B04800/F8B06700","202246802459","300"
"205187","2026-07-18","100721.98","SAEC/368/2627","Filler Neck 0141/0177/0149/0106","252246766754","642"
"205188","2026-07-19","00","807","JZ591626","NA","234"
"205189","2026-07-19","101143.70","SIC/2627/00243","JL151035","242246866671","3500"
"205190","2026-07-17","00","10352","00","00","00"
"205190","2026-07-17","00","10350","00","00","00"
"205190","2026-07-16","00","12264","00","00","00"
"205190","2026-07-16","00","12263","00","00","00"
"205190","2026-07-16","00","12269","00","00","00"
"205190","2026-07-16","00","13117","00","00","00"
"205190","2026-07-16","00","12265","00","00","00"
"205191","2026-07-13","00","12143","00","00","00"
"205191","2026-07-13","00","12116","00","00","00"
"205192","2026-07-16","00","12270","00","00","00"
"205193","2026-07-20","559581.96","201","F8B04800/F8B06700","272247544647","300"
"205194","2026-07-20","41878.20","SAEC/372/26-27","Filler Neck 0177","232247164076","210"
"205195","2026-07-20","15340.00","2167/26-27","18100013469/1800013205","232247452351","6800"
"205196","2026-07-20","29830.40","2169/26-27","3161699","272247578873","2000"
"205197","2026-07-20","00","72","JZ591626","NA","200"
"205198","2026-07-20","3973.00","37","285126805103","NA","227"
"205199","2026-07-20","29520","481/26-27","Metal Insert ","NA","1200"
"205200","2026-07-20","63528.25","SP/2627/26937","JG181235","292247596647","3650"
"205200","2026-07-20","5219.14","SP/2627/26936","JR161007","232247597748","100"
"205200","2026-07-20","8951.48","SP/2627/26935","DJ191021","232247595755","200"
"205200","2026-07-20","8360.06","SP/2627/26938","DJ191094","282247596344","960"
"205201","2026-07-20","101143.70","SIC/2627/00245","JL151035","252247523484","3500"
"205202","2026-07-15","00","12231","00","00","00"
"205203","2026-07-15","00","12266","00","00","00"
"205203","2026-07-16","00","12266","00","00","00"
"205204","2026-07-21","38871.56","SAEC/376/26-27","Filler Neck 0177/0141","202247907555","220"
"205205","2026-07-21","40443.65","SIC/2627/00246","BF601030/PA131610","202248118789","2100"
"205206","2026-07-21","19460.56","SP/2627/27166","PF561218","212248272893","1400"
"205207","2026-07-21","00","561","JZ591392","NA","350"
"205207","2026-07-21","00","560","JZ591392","NA","150"
"205208","2026-07-21","14000.00","200","Swimmer ","NA","14000"
"205209","2026-07-21","101143.70","SIC/2627/00248","JL151035","202248394897","3500"
"205210","2026-07-20","00","12331","00","00","00"
"205210","2026-07-20","00","12329","00","00","00"
"205210","2026-07-18","00","12299","00","00","00"
"205210","2026-07-20","00","12330","00","00","00"
"205211","2026-07-22","559581.96","203","F8B04800/F8B06700","262248924704","300"
"205212","2026-07-22","59888.42","SIC/2627/00250","JY511231","262248985769","6235"
"205213","2026-07-22","58877.28","SIC/2627/00249","PA131610/LCD00001","232248976706","276"
"205214","2026-07-22","00","373","PD591348","NA","300"
"205215","2026-07-22","12980.00","2221/26-27","DH 101166-02/18100013469","282249220256","7000"
"205216","2026-07-22","5010.37","SP/2627/27447","JR161007","242249094688","96"
"205216","2026-07-22","8360.06","SP/2627/27448","DJ191094","232249094700","960"
"205216","2026-07-22","19460.56","SP/2627/27446","PF561218","202249094660","1400"
"205217","2026-07-22","101143.70","SIC/2627/00251","JL151035","272248991334","3500"
"205218","2026-07-23","44209","GT/50","10631021","622150104526","100"
"205219","2026-07-23","559581.96","210","F8B04800/F8B06700","212249752138","300"
"205220","2026-07-23","Na","595","J2S91392","Na","450"
"205221","2026-07-23","23650.74","2252/26-27","DH102502/24MM Sensor Bus Hero ","272249708717","13280"
"205221","2026-07-23","9440.00","2227/26-27","1800013205","292249475875","3200"
"205221","2026-07-23","5900.00","2256/26-27","18100013469/DH 101166-02","262249735105","3000"
"205222","2026-07-23","00","491","JZ591626","NA","530"
"205223","2026-07-23","16541.48","SP/2627/27783","PF561218","262249856886","1190"
"205223","2026-07-23","31350.24","SP/2627/27800","DJ191094","272249928849","3600"
"205224","2026-07-23","5010.37","SP/2627/27782","JR161007","262249856844","96"
"205225","2026-07-23","8519.60","2253/26-27","DG101340/J591414","282249726639","4840"
"205226","2026-07-24","46863.77","SIC/2627/00253","JY511231","222250447482","4879"
"205227","2026-07-24","8858.00","2280/26-27","18100013469/DH 101166-02","292250734471","4000"
"205228","2026-07-24","19460.56","SP/2627/28038","PF561218","202250618488","1400"
"205229","2026-07-24","101143.70","SIC/2627/00255","JL151035","202250533334","3500"
"205230","2026-07-24","00","614","JZ591392","NA","500"
"205230","2026-07-24","00","613","DH102577LH/RH/DH103593","NA","20"
"205230","2026-07-24","4861.60","778/26-27","DJ161470","NA","800"
"205231","2026-07-24","559581.96","212","FFB04800/6700","202250919550","300"
"205232","2026-07-22","NA","SRL","00","00","00"
"205233","2026-07-23","00","12302","00","00","00"
"205234","2026-07-25","19399.20","00723","LFB00001","-","6000"
"205235","2026-07-25","19788.60","2301/26-27","DH102502/24MM Sensor Bus Hero ","202251308687","10700"
"205236","2026-07-25","75992","HAPL/26-27/1507","JZ591255","302299190058","4000"
"205237","2026-07-25","83412.62","SIC/2627/00257","DH102198","272251259188","9338"
"205238","2026-07-25","23352.67","SP/2627/28289","PF561218","202251339492","1680"
"205239","2026-07-25","780.69","GST262873","279715148001","NA","40"
"205239","2026-07-25","13570.00","GST262872","279001104805","NA","5000"
"205239","2026-07-25","1266.85","GST262874","279723128801","NA","40"
"205240","2026-07-25","00","NA","NA","NA","00"
"205241","2026-07-25","12980.00","2305/26-27","18100013469/DH 101166-02","242251470029","6000"
"205242","2026-07-25","101143.70","SIC/2627/00258","JL151035","252251419885","3500"
"205243","2026-07-26","559581.96","215","F8B04800/F8B06700","262251635471","300"
"205244","2026-07-26","100949.00","SP/2627/28393","JG181235","NA","5800"
"205244","2026-07-26","5010.37","SP/2627/28392","JR161007","NA","96"
"205245","2026-07-26","16166.00","00736","LFB00001","-","5000"
"205246","2026-07-26","00","620","K405 Body Cone ","NA","500"
"205247","2026-07-26","8260.00","2313/26-27","18100013469/DH 101166-02","NA","4000"
"205248","2026-07-26","101143.70","SIC/2627/00259","JL151035","282251773173","3500"
"205249","2026-06-17","00","10364","00","00","00"
"205249","2026-07-24","00","12457","00","00","00"
"205249","2026-07-24","00","12306","00","00","00"
"205250","2026-07-17","00","12284","00","00","00"
"205251","2026-07-27","117410.00","26P201564","2010010083","262252364544","100"
"205252","2026-07-27","8260.00","2335/26-27","1800013205","252252408783","2800"
"205253","2026-07-27","00","292","JZ591392","NA","200"
"205254","2026-07-27","NA","642","JZ591392","NA","800"
"205255","2026-07-27","52039.65","SAEC/402/26-27","Filler Neck 0149/0177/0124/Winger ven tube/M-10 Coller Washer ","222252493201","405"
"205256","2026-07-27","3862.16","SP/2627/28633","JR161007","262252389209","74"
"205257","2026-07-27","4696.40","2336/26-27","DG101340/JZ591414","292252556170","3160"
"205258","2026-07-27","101143.70","SIC/2627/00260","JL151305","262252347701","3500"
"205259","2026-07-27","00","273","JZ591387","NA","500"
"205260","2026-07-28","559581.96","220","F8B04800/F8B06700","202252895625","300"
"205261","2026-07-28","13048.19","mtr/2627_7757","RMSIL0210","352301191605","225"
"205262","2026-07-28","60022.89","SIC/2627/00263","JY511231","242253187875","6249"
"205263","2026-07-28","5010.37","SP/2627/28875","JR161007","NA","96"
"205263","2026-07-28","2855.60","SP/2627/28936","DJ191095","222253385965","2000"
"205263","2026-07-28","2218.40","SP/2627/28938","DJ191096","292253385995","2000"
"205263","2026-07-28","23352.67","SP/2627/28632","PF561218","212252389189","1680"
"205264","2026-07-28","23102.04","SP/2627/28937","JL161005","232253385984","2600"
"205265","2026-07-28","101143.70","SIC/2627/00262","JL151035","282253128199","3500"
"205266","2026-07-28","21240.00","2368/26-27","18100013469/DH 101166-02","262253393353","10000"
"205267","2026-07-28","73738.20","265250051049","JZ591392","252253460513","1000"
"205268","2026-07-29","559581.96","221","F8B04800/6700","282253597964","300"
"205269","2026-07-28","33109.62","TISSKGK2026136","550747100120","Na","150"
"205270","2026-07-29","44146.16","TISSKGK2026143","550747100120","Na","200"
"205271","2026-07-29","5010.37","SP/2627/29203","JR161007","242254032855","96"
"205272","2026-07-29","122661.00","SP/2627/29202","A25400020000","202254033799","105000"
"205273","2026-07-29","23930.40","SAEC/413/26-27","Filler Neck 0177","272254185372","120"
"205274","2026-07-29","36869.10","265250051496","JZ591392","272254261122","500"
"205275","2026-07-29","72245.50","SIC/2627/00264","JL151035","232254103439","2500"
"205276","2026-07-29","00","280","JZ591392","NA","200"
"205277","2026-07-29","25105.68","2394/26-27","DH102502/24 MM SENSOR BUS HERO ","282253951917","15335"
"205278","2026-07-21","00","12347","00","00","00"
"205278","2026-07-21","00","12348","00","00","00"
"205279","2026-07-25","00","12493","00","00","00"
"205279","2026-07-26","00","12505","00","00","00"
"205279","2026-07-25","00","12492","00","00","00"
"205279","2026-07-26","00","12507","00","00","00"
"205280","2026-07-30","559581.96","222","F8B04800/F8B06700","272254689858","300"
"205281","2026-07-28","00","10230","00","00","00"
"205282","2026-07-30","18290.00","2404/26-27","18100013469/DH 101166-02","262254544260","9500"
"205282","2026-07-30","30081.74","2418/26-27","DH102502/DH103821/JZ591414","272254757436","14560"
"205283","2026-07-30","7080.00","2405/26-27","18100013205","212254544265","2400"
"205284","2026-07-30","108748.80","SIC/2627/00266","DH101648/LCD00001","202254715095","18000"
"205285","2026-07-30","5010.37","SP/2627/29488","JR161007","222254859865","96"
"205286","2026-07-30","5900.00","822/26-27","DH161470","NA","1000"
"205287","2026-07-30","00","633","Cone Muffle","NA","200"
"205287","2026-07-30","00","631","Cone Muffle ","NA","400"
"205288","2026-07-24","00","12473","00","00","00"
"205288","2026-07-23","00","12303","00","00","00"
"205288","2026-07-24","00","12476","00","00","00"
"205288","2026-07-24","00","12475","00","00","00"
"205288","2026-07-23","00","12411","00","00","00"
"205288","2026-07-24","00","12477","00","00","00"
"205289","2026-07-31","46705.34","SP/2627/29718","PF561218","232255475689","3360"
"205289","2026-07-31","7828.71","SP/2627/29724","JR161007","212255476798","150"
"205290","2026-07-31","36869.10","565250052447","JZ591392","232255977015","500"
"205291","2026-07-31","00","364","JZ591392","NA","300"
"205292","2026-08-01","671498.36","225","F8B04800/F8B06700","252256127079","360"
"205293","2026-07-29","00","12309","00","00","00"
"205294","2026-08-01","16166.00","00768","LFB00001","242254858165","5000"
"205295","2026-08-01","7828.71","SP/2627/30069","JR161007","272256587039","150"
"205296","2026-08-01","18880.00","2475/26-27","18100013469/DH 101166-02","232256639408","9000"
"205297","2026-08-01","20107.20","IN4000036686","JR161031","282256692279","500"
"205298","2026-08-01","14747.64","265250052111","JZ591392","212255308082","200"
"205298","2026-08-01","11060.73","265250052944","JZ591392","282256679412","150"
"205299","2026-08-02","1619.55","265250053270","JZ591390","282257203773","50"
"205300","2026-08-02","58105.70","265250053271","JZ591392","242257203742","788"
"205301","2026-08-02","00","NA","NA","NA","NA"
"205302","2026-08-02","38871.56","SAEC/425/26-27","Filler Neck 0177/0141","NA","220"
"205303","2026-08-02","00","130","Ap","NA","NA"
"205304","2026-07-30","00","12316","00","00","00"
"205305","2026-08-01","00","12647","00","00","00"
"205305","2026-07-31","00","12582","00","00","00"
"205305","2026-08-10","00","12633","00","00","00"
"205305","2026-08-01","00","12648","00","00","00"
"205306","2026-08-03","373054.64","228","F8B04800/F8B06700","292257509096","200"
"205307","2026-08-03","298443.72","229","F8B04800/F8B06700","292257509913","160"
"205308","2026-08-03","19435.78","SAEC/426/26-27","Filler Neck 0171/Filler Neck 0141","262257140065","110"
"205309","2026-08-03","6510.65","SAEC/426/26-27","Filler Neck 0116","282257314202","50"
"205310","2026-08-03","11965.20","SAEC/431/26-27","Filler Neck 0177","232257680348","60"
"205311","2026-08-03","44241.55","SAEC/2627/00271","JY511231","202257368007","4606"
"205312","2026-08-03","7828.71","SP/2627/30387","JR161007","242257518646","150"
"205313","2026-08-04","8360.06","SP/2627/30363","DJ191094","242257474405","960"
"205313","2026-08-03","29190.84","SP/2627/30301","PF561218","292257424252","2100"
"205313","2026-08-03","6655.20","SP/2627/30362","DJ191096","222257474371","6000"
"205314","2026-08-03","12980.00","2536/26-27","18100013469/DH 101166-02","262257877134","6000"
"205315","2026-08-04","42934.30","SAEC/435/26-27","Filler Neck 0177/0116","232258331742","250"
"205316","2026-08-04","23423.00","2556/26-27","DG101340/DH102502/JZ591414","232258415455","14000"
"205317","2026-08-05","3,73,054.64","234","F8B04800/6700","262258610570","200"
"205317","2026-08-05","2,98,443.72","235","F8B04800/6700","252258610845","160"
"205318","2026-08-03","36896.10","265250053764","JZ91392","242257944643","500"
"205319","2026-08-04","58990.56","26250054112","JZ91392","282258489228","800"
"205320","2026-08-04","33182.19","26250054431","JZ91392","262258875575","450"
"205321","2026-08-03","8212.80","GF2627020288","RMMM0014","NA","4350"
"205321","2026-08-04","4252.72","GF2627020372","RMMM0013","NA","6800"
"205321","2026-08-04","8094.80","GF2627020373","RMMM0015","NA","14000"
"205322","2026-08-02","00","12586","00","00","00"
"205323","2026-07-30","00","12313","00","00","00"
"205324","2026-08-05","15517.00","2594/26-27","18100013469/DH 101166-02/JZ591414","202259197847","7500"
"205325","2026-08-05","14632.00","SAEC/441/26-27","Filler Neck 0116/0106","262259215994","110"
"205326","2026-08-05","16025.93","SAEC/442/26-27","Filler Neck 0177/0106","262259221850","90"
"205327","2026-08-05","20125.00","GST105/26-27","Washer ","NA","12500"
"205328","2026-08-03","00","12315","00","00","00"
"205329","2026-08-04","00","12793","00","00","00"
"205329","2026-08-03","00","12317","00","00","00"
"205330","2026-08-05","25808.37","265250054703","JZ591392","282259277255","350"
"205331","2026-08-06","85207.80","2620/26-27","DH102502","232259556315","3000"
"205331","2026-08-06","85207.80","2619/26-27","JE591342","282259556310","3000"
"205332","2026-08-06","3540.00","2599/26-27","18100013469","242259426165","2000"
"205333","2026-08-06","5900.00","2600/26-27","18100013205","232259426175","2000"
"205334","2026-08-05","27518.00","2627/S-3109500","DK101235","NA","2000"
"205335","2026-08-05","16195.50","26250055020","JZ591390","232259633382","500"
"205336","2026-08-06","22729.75","26P201707","3080000033","NA","250"
"205337","2026-08-06","38439.68","265250055130","JZ591392","202259874838","200"
"205338","2026-08-06","86489.20","265250055132","JZ591392","202259873442","450"
"205339","2026-07-31","0","AS PER INVOICE","NA","NA","0"
"205340","2026-08-07","559581.96","239","F8B04800/F8B06700","212260158810","300"
"205341","2026-08-06","96,099.20","265250055674","JZ591392","252260671124","500"
"205342","2026-08-07","100949.00","AF/2627/169390","FG0003","252260631652","1000"
"205343","2026-08-07","00","135","A/P","NA","NA"
"205344","2026-08-07","14941.16","SAEC/446/26-27","Filler Neck 0141","212260733844","100"
"205345","2026-08-07","32125.50","2638/26-27","DH102502/JZ591414/DG101340","262260728519","17000"
"205346","2026-08-07","00","062","A/P","NA","01"
"205347","2026-08-07","101102.40","266650064252","JZ591384","392308378878","1500"
"205348","2026-08-07","20650.00","4/2026-27","SPL BOLT 7318","342308184887","5000"
"205349","2026-08-08","63790.80","1292/26-27","SLIP YOKE WELCH PLUG 27/28","292260965285","18000"
"205350","2026-08-08","559581.96","244","F8B04800/F8B06700","222261365045","300"
"205351","2026-08-08","27123.36","SAEC/453/26-27","Filler Neck 0141/0106","292261321262","190"
"205352","2026-08-08","101102.40","266650064879","JZ591384","362309057302","1500"
"205353","2026-08-08","17346.00","2675/26-27","DH102502/JZ591414","262261480353","8000"
"205353","2026-08-08","10620.00","2676/26-27","18100013469","262261479869","6000"
"205354","2026-08-06","00","SRL","00","00","00"
"205355","2026-08-09","134803.20","266650065075","JZ591384","382309370193","2000"
"205356","2026-08-05","7434.00","477/26-27/U1","JC181024","-","6000"
"205357","2026-08-09","9204.00","2680/26-27","JZ592414/DG101340","262261848030","6000"
"205358","2026-08-09","9065.00","796","X3108815","NA","3500"
"205359","2026-08-06","Na","12832","Na","Na","10"
"205359","2026-08-06","Na","12830","Na","Na","2"
"205359","2026-08-06","Na","12833","Na","Na","10"
"205359","2026-08-06","Na","12831","Na","Na","1"
"205360","2026-08-08","Na","12893","Na","Na","2"
"205360","2026-08-08","Na","12594","Na","Na","1"
"205360","2026-08-07","Na","12670","An","Na","1"
"205360","2026-08-07","Na","12877","Na","Na","2"
"205361","2026-08-08","00","13660","00","00","00"
"205361","2026-08-08","00","12615","00","00","00"
"205362","2026-08-10","559581.96","248","F8B04800/F8B06700","2122624074724","300"
"205363","2026-08-10","Na","24022993","Na","Na","7"
"205363","2026-08-10","Na","24022991","Na","Na","4"
"205363","2026-08-10","Na","24022992","Na","Na","7"
"205364","2026-08-10","21269.50","265250056777","JZ591390","202262554505","500"
"205365","2026-08-10","00","319","JZ591384","NA","585"
"205366","2026-08-10","78706.00","IN4000038230","JR161072","-","1000"
"205367","2026-08-10","16372.50","2726/26-27","DU101162/18100013469","202262553531","8500"
"205368","2026-08-11","5900.00","2727/26-27","1800013205","282262824808","2000"
"205369","2026-08-09","00","12909","00","00","00"
"205370","2026-08-09","100949.00","AF/2627/169567","FG0003","-","1000"
"205373","2026-08-11","559581.96","249","F8B04800/F8B06700","202263215135","300"
"205372","2026-08-11","1,44,771.00","RCPL/26-27/555","NA076259","332309983602","144"
"205374","2026-08-11","22302","HAPL/26-27/1808","PF591672","362310773033","900"
"205374","2026-08-11","57230","HAPL/26-27/1809","PF591672/PF591255","382310792977","02"
"205375","2026-08-11","139319.11","266650066123","JZ591384","302310852561","2067"
"205371","2026-08-11","7884.76","SAEC/463/26-27","Filler Neck 0149","-","50"
"205376","2026-08-11","18408.00","2758/26-27","DH102502/JZ591414/DG101340","212263336091","9800"
"205377","2026-08-11","00","322","JZ591384","NA","440"
"205378","2026-08-11","21269.50","265250057285","JZ591390","232263258717","500"
"205379","2026-08-10","Na","12597","Na","Na","4"
"205379","2026-08-10","Na","12922","Na","Na","10"
"205379","2026-08-10","Na","12921","Na","Na","1"
"205379","2026-08-10","Na","12923","Na","Na","10"
"205380","2026-08-07","Na","12876","Na","Na","10"
"205380","2026-08-07","Na","12874","Na","Na","5"
"205380","2026-08-07","Na","12875","Na","Na","2"
"205380","2026-08-07","Na","12894","Na","Na","18"
"205381","2026-08-12","8923.16","SAEC/467/26-27","Filler Neck 0149/M-12 Coller washer ","NA","1050"
"205382","2026-08-13","5,59,581.96","253"," Q.-Vent Tinted Glass","282264282497","300"
"205383","2026-08-12","8850.08","2788/26-27","18100013469","222264125488","5000"
"205384","2026-08-13","71006.50","2808/26-27","JE591342","202264680457","2500"
"205384","2026-08-13","71006.50","2809/26-27","DH102502","252264680465","2500"
"205385","2026-08-05","00","12818","00","00","00"
"205385","2026-08-05","00","12812","00","00","00"
"205386","2026-08-13","5,59,581.96","254","Q.-Vent Tinted Glass","272264774061","300"
"205387","2026-08-13","9794.00","2814/26-27","DG101340/JZ591414","262264792578","7000"
"205388","2026-08-12","00","329","JZ591384","00","1000"
"205389","2026-08-14","9440.00","2830/26-27","1800013205","272265296733","3200"
"205390","2026-08-14","71006.50","2837/26-27","DH102502","202265483008","2500"
"205390","2026-08-14","71006.502","2838/26-27","JE591342","202265483011","2500"
"205391","2026-08-14","155677.40","265250058733","JZ591384","222265533312","1000"
"205392","2026-08-14","996333.54","265250058734","JZ591384","262265533244","640"
"205393","2026-08-14","141600","26P310961","8030280002","382312930166","1"
"205393","2026-08-14","17700","26P310960","4007000209","392312930143","150"
"205394","2026-08-07","00","12881","00","00","00"
"205394","2026-08-07","00","12885","00","00","00"
"205395","2026-08-14","64939.29","V1/2627/74378","SFSIL00127","282265809787","70"
"205395","2026-08-14","74216.33","V1/2627/74379","SFSIL00127","242265809800","80"
"205396","2026-08-14","99633.54","265250058860","JZ591384","282265762211","640"
"205397","2026-08-14","14337.00","2844/26-27","18100013469/JZ591414","282265711130","7500"
"205398","2026-08-15","NA","AS PER INVOICE","NA","NA","0"
"205399","2026-08-12","23600.00","627","Connecting Pin ","NA","10000"
"205400","2026-08-13","00","12942","00","00","00"
"205401","2026-08-16","30868.80","V1/2627/74424","FGHAE0041","292266324448","400"
"205402","2026-08-16","14941.16","SAEC/478/26-27","Filler Neck 0141","252266287165","100"
"205403","2026-08-16","7080.00","2873/26-27","18100013469","272266341719","4000"
"205404","2026-08-16","99633.54","265250059237","JZ591384","272266287299","640"
"205405","2026-08-16","00","341","JZ591390","NA","100"
"205406","2026-08-17","5,59,581.96","258","Q.-Vent Tinted Glass","252266471713","300"
"205407","2026-08-14","00","12943","00","00","00"
"205408","2026-08-17","10856.00","2900/26-27","1800013205/DU101162","NA","4400"
"205409","2026-08-17","27169.50","2911/26-27","DH102502/JZ591414/DG101340","252267090575","13950"
"205410","2026-08-18","559581.96","260","F8B04800/F8B06700","222267286810","300"
"205411","2026-08-16","NA","229613397","NA","NA","500"
"205411","2026-08-16","NA","229613299","NA","NA","500"
"205412","2026-08-18","354064.90","PNR371","00","332314942205","2485"
"205413","2026-08-17","00","346","JZ591409","NA","280"
"205413","2026-08-17","00","345","JZ591390","NA","200"
"205414","2026-08-18","18967.79","SAEC/486/26-27","Filler Neck 0141/M-12 COLLER WASHER ","262267700031","1120"
"205415","2026-08-18","80759.00","AF/2627/170275","FG0003","292267766818","800"
"205416","2026-08-18","80759.00","AF/2627/170276","FG0003","252267771641","800"
"205417","2026-08-18","1859.00","V1/2627/74524","2009961","-","150"
"205418","2026-08-18","58943.36","V1/2627/74526","SFSIL0104","262267813607","200"
"205418","2026-08-18","1239.00","V1/2627/74525","2009961","-","100"
"205418","2026-08-18","46303.20","V1/2627/74523","FGHAE0041","232267813567","600"
"205419","2026-08-18","17593.80","90458810","SLI3206X-F280","-","3500"
"205420","2026-08-18","8850.00","2930/26-27","18100013469","262267898828","5000"
"205421","2026-08-19","559581.96","262","F8B04800/F8B06700","252268629691","300"
"205422","2026-08-19","10620.00","2957/26-27","1800013205","212268549722","3600"
"205423","2026-08-19","38871.56","SAEC/492/26-27","Filler Neck 0141/0177","272268588343","220"
"205424","2026-08-19","5310.00","2965/26-27","18100013469","222268740852","3000"
"205424","2026-08-19","29116.50","2962/26-27","DH102502/JZ591414","262268724379","13500"
"205425","2026-08-19","149450.30","265250060693","JZ591384","272268694679","960"
"205426","2026-08-19","00","357","JZ591409","NA","400"
"205426","2026-08-19","00","356","JZ591390","NA","200"
"205427","2026-08-20","129800.00","2958/26-27","SPM DRILLING MACHINE ","262268574084","01"
"205428","2026-08-20","559581.96","268","F8B04800/F8B06700","242269391176","300"
"205429","2026-08-20","93406.44","265250061223","JZ591384","262269611661","600"
"205430","2026-08-20","247257.79","TISSKGK2026178","BR20319","1725 2432 5092","650"
"205431","2026-08-20","247257.79","TISSKGK2026179","BR20319","1125 2432 9207","650"
"205432","2026-07-31","na","AS PER INVOICE","na","na","na"
